id,uuid,observed_on_string,observed_on,time_observed_at,time_zone,user_id,user_login,user_name,created_at,updated_at,quality_grade,license,url,image_url,sound_url,tag_list,description,num_identification_agreements,num_identification_disagreements,captive_cultivated,oauth_application_id,place_guess,latitude,longitude,positional_accuracy,private_place_guess,private_latitude,private_longitude,public_positional_accuracy,geoprivacy,taxon_geoprivacy,coordinates_obscured,positioning_method,positioning_device,species_guess,scientific_name,common_name,iconic_taxon_name,taxon_id,taxon_kingdom_name,taxon_phylum_name,taxon_class_name,taxon_order_name,taxon_family_name,taxon_subfamily_name,taxon_tribe_name,taxon_genus_name,taxon_species_name
310520858,2ba7bead-7876-4ffa-800c-8235790a23b4,2025-08-31 11:36:43-05:00,2025-08-31,2025-08-31 16:36:43 UTC,Central Time (US & Canada),9643869,zack96679,Zack Stout,2025-08-31 16:38:03 UTC,2025-08-31 18:55:13 UTC,needs_id,CC-BY-NC,https://www.inaturalist.org/observations/310520858,https://inaturalist-open-data.s3.amazonaws.com/photos/560439400/medium.jpg,,"","",0,0,false,3,"Buchanan St NE, Minneapolis, MN, US",44.9972143142,-93.2401933445,3,,,,3,,,false,,,"",Parthenocissus,Virginia Creepers,Plantae,50280,Plantae,Tracheophyta,Magnoliopsida,Vitales,Vitaceae,,,Parthenocissus,
310521162,3ce1a0b8-40cc-4abc-b2c0-c7d8cde52aeb,2025-08-31 11:38:51-05:00,2025-08-31,2025-08-31 16:38:51 UTC,Central Time (US & Canada),9643869,zack96679,Zack Stout,2025-08-31 16:39:07 UTC,2026-01-18 16:53:43 UTC,casual,CC-BY-NC,https://www.inaturalist.org/observations/310521162,https://inaturalist-open-data.s3.amazonaws.com/photos/561627648/medium.jpg,,"","",1,0,true,3,"Buchanan St NE, Minneapolis, MN, US",44.9972256372,-93.240269348,4,,,,4,,,false,,,apples and crabapples,Malus,apples and crabapples,Plantae,54500,Plantae,Tracheophyta,Magnoliopsida,Rosales,Rosaceae,Amygdaloideae,Maleae,Malus,
310524536,b87aca81-3dd9-4a30-81f7-f681c045dad6,2025-08-31 11:39:25-05:00,2025-08-31,2025-08-31 16:39:25 UTC,Central Time (US & Canada),9643869,zack96679,Zack Stout,2025-08-31 16:51:22 UTC,2025-09-08 19:35:03 UTC,casual,CC-BY-NC,https://www.inaturalist.org/observations/310524536,https://inaturalist-open-data.s3.amazonaws.com/photos/560636519/medium.jpg,,"","",1,0,true,3,"Buchanan St NE, Minneapolis, MN, US",44.9971286895,-93.2401096041,3,,,,3,,,false,,,coral honeysuckle,Lonicera sempervirens,coral honeysuckle,Plantae,119809,Plantae,Tracheophyta,Magnoliopsida,Dipsacales,Caprifoliaceae,Caprifolioideae,,Lonicera,Lonicera sempervirens
310625533,46dc5be4-08e1-459d-a2b4-233270061df6,2025-08-31 18:00:23-05:00,2025-08-31,2025-08-31 23:00:23 UTC,Central Time (US & Canada),9643869,zack96679,Zack Stout,2025-08-31 23:04:46 UTC,2025-09-08 19:35:43 UTC,research,CC-BY-NC,https://www.inaturalist.org/observations/310625533,https://inaturalist-open-data.s3.amazonaws.com/photos/560636551/medium.jpg,,"","",2,0,false,3,"Pierce St NE, Minneapolis, MN, US",44.9927747471,-93.2413466125,8,,,,8,,,false,,,Spotted Orbweaver,Neoscona crucifera,Spotted Orbweaver,Arachnida,85034,Animalia,Arthropoda,Arachnida,Araneae,Araneidae,Araneinae,,Neoscona,Neoscona crucifera
311136219,d593d56f-2a15-4e14-ad39-c53424a86e9e,2025-09-02 18:14:45-05:00,2025-09-02,2025-09-02 23:14:45 UTC,Central Time (US & Canada),9643869,zack96679,Zack Stout,2025-09-02 23:14:59 UTC,2026-05-27 23:57:14 UTC,casual,CC-BY-NC,https://www.inaturalist.org/observations/311136219,https://inaturalist-open-data.s3.amazonaws.com/photos/561627680/medium.jpg,,"","",2,0,true,3,"Buchanan St NE, Minneapolis, MN, US",44.9971627306,-93.2398098866,20,,,,20,,,false,,,Busy Lizzie,Impatiens walleriana,Busy Lizzie,Plantae,68185,Plantae,Tracheophyta,Magnoliopsida,Ericales,Balsaminaceae,,,Impatiens,Impatiens walleriana
311136278,f4e414a0-a5b8-4a36-b224-05c76b82a29b,2025-09-02 18:15:03-05:00,2025-09-02,2025-09-02 23:15:03 UTC,Central Time (US & Canada),9643869,zack96679,Zack Stout,2025-09-02 23:15:09 UTC,2025-09-02 23:15:16 UTC,casual,CC-BY-NC,https://www.inaturalist.org/observations/311136278,https://inaturalist-open-data.s3.amazonaws.com/photos/561627766/medium.jpg,,"","",0,0,true,3,"Buchanan St NE, Minneapolis, MN, US",44.9969823444,-93.2400998629,65,,,,65,,open,false,,,"",Ligustrum ovalifolium,garden privet,Plantae,77741,Plantae,Tracheophyta,Magnoliopsida,Lamiales,Oleaceae,,,Ligustrum,Ligustrum ovalifolium
311136446,e90f847a-ab28-40d3-afa8-9eea68155748,2025-09-02 18:15:25-05:00,2025-09-02,2025-09-02 23:15:25 UTC,Central Time (US & Canada),9643869,zack96679,Zack Stout,2025-09-02 23:15:38 UTC,2025-09-02 23:16:19 UTC,casual,CC-BY-NC,https://www.inaturalist.org/observations/311136446,https://inaturalist-open-data.s3.amazonaws.com/photos/561628071/medium.jpg,,"","",0,0,true,3,"Buchanan St NE, Minneapolis, MN, US",44.9971469074,-93.2396519706,96,,,,96,,,false,,,"",Fuchsia triphylla,honeysuckle fuchsia,Plantae,498028,Plantae,Tracheophyta,Magnoliopsida,Myrtales,Onagraceae,,,Fuchsia,Fuchsia triphylla
311136570,d6f41f1b-1ffe-4d38-aa41-d6d1a853acbc,2025-09-02 18:16:04-05:00,2025-09-02,2025-09-02 23:16:04 UTC,Central Time (US & Canada),9643869,zack96679,Zack Stout,2025-09-02 23:16:20 UTC,2025-09-02 23:16:29 UTC,needs_id,CC-BY-NC,https://www.inaturalist.org/observations/311136570,https://inaturalist-open-data.s3.amazonaws.com/photos/561628132/medium.jpg,,"","",0,0,false,3,"Buchanan St NE, Minneapolis, MN, US",44.9972016422,-93.2397067604,21,,,,21,,open,false,,,"",Matteuccia struthiopteris,ostrich fern,Plantae,82574,Plantae,Tracheophyta,Polypodiopsida,Polypodiales,Onocleaceae,,,Matteuccia,Matteuccia struthiopteris
311136642,3b49ffc4-01a4-4f1d-98d9-a55561eaf1ee,2025-09-02 18:16:21-05:00,2025-09-02,2025-09-02 23:16:21 UTC,Central Time (US & Canada),9643869,zack96679,Zack Stout,2025-09-02 23:16:55 UTC,2025-09-02 23:17:01 UTC,needs_id,CC-BY-NC,https://www.inaturalist.org/observations/311136642,https://inaturalist-open-data.s3.amazonaws.com/photos/561628298/medium.jpg,,"","",0,0,false,3,"Buchanan St NE, Minneapolis, MN, US",44.9971913919,-93.2398147044,14,,,,14,,,false,,,"",Matteuccia,ostrich ferns,Plantae,82575,Plantae,Tracheophyta,Polypodiopsida,Polypodiales,Onocleaceae,,,Matteuccia,
311136654,32cf1ca2-b55a-462f-88b2-bd335a5b8aa5,2025-09-02 18:16:40-05:00,2025-09-02,2025-09-02 23:16:40 UTC,Central Time (US & Canada),9643869,zack96679,Zack Stout,2025-09-02 23:17:03 UTC,2025-09-02 23:17:09 UTC,casual,CC-BY-NC,https://www.inaturalist.org/observations/311136654,https://inaturalist-open-data.s3.amazonaws.com/photos/561628332/medium.jpg,,"","",0,0,true,3,"Buchanan St NE, Minneapolis, MN, US",44.997202647,-93.2398774028,3,,,,3,,,false,,,"",Gomphrena globosa,Globe amaranth,Plantae,128268,Plantae,Tracheophyta,Magnoliopsida,Caryophyllales,Amaranthaceae,Gomphrenoideae,,Gomphrena,Gomphrena globosa
311136759,1ecb81f7-9bef-42e4-a8de-35a42af57dd2,2025-09-02 18:17:12-05:00,2025-09-02,2025-09-02 23:17:12 UTC,Central Time (US & Canada),9643869,zack96679,Zack Stout,2025-09-02 23:17:26 UTC,2025-09-03 05:25:32 UTC,casual,CC-BY-NC,https://www.inaturalist.org/observations/311136759,https://inaturalist-open-data.s3.amazonaws.com/photos/561628442/medium.jpg,,"","",1,0,true,3,"Buchanan St NE, Minneapolis, MN, US",44.9971446209,-93.2398396824,3,,,,3,,,false,,,Busy Lizzie,Impatiens walleriana,Busy Lizzie,Plantae,68185,Plantae,Tracheophyta,Magnoliopsida,Ericales,Balsaminaceae,,,Impatiens,Impatiens walleriana
311136824,6956214f-6250-44d9-8915-75d3466eb726,2025-09-02 18:17:36-05:00,2025-09-02,2025-09-02 23:17:36 UTC,Central Time (US & Canada),9643869,zack96679,Zack Stout,2025-09-02 23:17:44 UTC,2025-09-03 11:18:40 UTC,casual,CC-BY-NC,https://www.inaturalist.org/observations/311136824,https://inaturalist-open-data.s3.amazonaws.com/photos/561628540/medium.jpg,,"","",2,0,true,3,"Buchanan St NE, Minneapolis, MN, US",44.9971122789,-93.239716489,25,,,,25,,,false,,,Busy Lizzie,Impatiens walleriana,Busy Lizzie,Plantae,68185,Plantae,Tracheophyta,Magnoliopsida,Ericales,Balsaminaceae,,,Impatiens,Impatiens walleriana
311136958,810007a0-d6a7-4270-9a7e-3df99682b224,2025-09-02 18:18:21-05:00,2025-09-02,2025-09-02 23:18:21 UTC,Central Time (US & Canada),9643869,zack96679,Zack Stout,2025-09-02 23:18:41 UTC,2025-09-08 19:33:35 UTC,casual,CC-BY-NC,https://www.inaturalist.org/observations/311136958,https://inaturalist-open-data.s3.amazonaws.com/photos/561628889/medium.jpg,,"","",2,1,true,3,"Buchanan St NE, Minneapolis, MN, US",44.9971301735,-93.2398952615,5,,,,5,,,false,,,fuchsias,Fuchsia,fuchsias,Plantae,54713,Plantae,Tracheophyta,Magnoliopsida,Myrtales,Onagraceae,,,Fuchsia,
311137067,0420b9c3-62ab-42e3-b71a-7e141f5f3962,2025-09-02 18:18:53-05:00,2025-09-02,2025-09-02 23:18:53 UTC,Central Time (US & Canada),9643869,zack96679,Zack Stout,2025-09-02 23:19:17 UTC,2025-09-02 23:19:24 UTC,casual,CC-BY-NC,https://www.inaturalist.org/observations/311137067,https://inaturalist-open-data.s3.amazonaws.com/photos/561629103/medium.jpg,,"","",0,0,true,3,"Summer St NE, Minneapolis, MN, US",44.9972023238,-93.2399419709,3,,,,3,,open,false,,,"",Prunus cerasifera,Cherry-plum,Plantae,55837,Plantae,Tracheophyta,Magnoliopsida,Rosales,Rosaceae,Amygdaloideae,Amygdaleae,Prunus,Prunus cerasifera
311137107,0a69f075-0c07-4e5e-8741-dba7b0750d5d,2025-09-02 18:19:24-05:00,2025-09-02,2025-09-02 23:19:24 UTC,Central Time (US & Canada),9643869,zack96679,Zack Stout,2025-09-02 23:19:30 UTC,2025-09-02 23:19:39 UTC,needs_id,CC-BY-NC,https://www.inaturalist.org/observations/311137107,https://inaturalist-open-data.s3.amazonaws.com/photos/561629202/medium.jpg,,"","",0,0,false,3,"Buchanan St NE, Minneapolis, MN, US",44.9971748143,-93.2398179174,14,,,,14,,,false,,,"",Salix,Willows,Plantae,53453,Plantae,Tracheophyta,Magnoliopsida,Malpighiales,Salicaceae,,,Salix,
311137155,787dd6f8-288f-48a2-ba00-fddf59e2d162,2025-09-02 18:19:45-05:00,2025-09-02,2025-09-02 23:19:45 UTC,Central Time (US & Canada),9643869,zack96679,Zack Stout,2025-09-02 23:19:51 UTC,2025-09-02 23:23:45 UTC,casual,CC-BY-NC,https://www.inaturalist.org/observations/311137155,https://inaturalist-open-data.s3.amazonaws.com/photos/561630754/medium.jpg,,"","",0,0,true,3,"Buchanan St NE, Minneapolis, MN, US",44.9971706003,-93.2397764483,6,,,,6,,open,false,,,"",Prunus cerasifera,Cherry-plum,Plantae,55837,Plantae,Tracheophyta,Magnoliopsida,Rosales,Rosaceae,Amygdaloideae,Amygdaleae,Prunus,Prunus cerasifera
311137872,e5b4ea92-99ec-4ffe-9850-40e95563f52e,2025-09-02 18:23:30-05:00,2025-09-02,2025-09-02 23:23:30 UTC,Central Time (US & Canada),9643869,zack96679,Zack Stout,2025-09-02 23:23:46 UTC,2025-09-04 18:02:17 UTC,casual,CC-BY-NC,https://www.inaturalist.org/observations/311137872,https://inaturalist-open-data.s3.amazonaws.com/photos/562364255/medium.jpg,,"","",0,0,true,3,"Buchanan St NE, Minneapolis, MN, US",44.9969079374,-93.2401050804,325,,,,325,,,false,,,"",Betula,birches,Plantae,49156,Plantae,Tracheophyta,Magnoliopsida,Fagales,Betulaceae,,,Betula,
311521059,95c8c2c8-aab5-486c-9478-2e109cd07663,2025-09-04 12:33:59-05:00,2025-09-04,2025-09-04 17:33:59 UTC,Bogota,9643869,zack96679,Zack Stout,2025-09-04 18:02:18 UTC,2025-09-04 18:02:23 UTC,casual,CC-BY-NC,https://www.inaturalist.org/observations/311521059,https://inaturalist-open-data.s3.amazonaws.com/photos/562364288/medium.jpg,,"","",0,0,false,3,"",,,,,,,,,,false,,,"",Portulaca,purslanes,Plantae,58992,Plantae,Tracheophyta,Magnoliopsida,Caryophyllales,Portulacaceae,,,Portulaca,
311521235,13d9f9a8-8f8b-4759-9fa2-562b779e94e7,2025-09-04 12:32:53-05:00,2025-09-04,2025-09-04 17:32:53 UTC,Bogota,9643869,zack96679,Zack Stout,2025-09-04 18:03:01 UTC,2025-09-04 18:03:07 UTC,casual,CC-BY-NC,https://www.inaturalist.org/observations/311521235,https://inaturalist-open-data.s3.amazonaws.com/photos/562364556/medium.jpg,,"","",0,0,false,3,"",,,,,,,,,,false,,,"",Portulaca,purslanes,Plantae,58992,Plantae,Tracheophyta,Magnoliopsida,Caryophyllales,Portulacaceae,,,Portulaca,
311521342,3abc9ba4-be23-419a-958c-88c8cf434fea,2025-09-04 12:32:02-05:00,2025-09-04,2025-09-04 17:32:02 UTC,Central Time (US & Canada),9643869,zack96679,Zack Stout,2025-09-04 18:03:34 UTC,2025-09-04 18:03:40 UTC,casual,CC-BY-NC,https://www.inaturalist.org/observations/311521342,https://inaturalist-open-data.s3.amazonaws.com/photos/562364749/medium.jpg,,"","",0,0,true,3,"Warba, MN, US",47.106772458,-93.3003292883,1981412,,,,1981412,,,false,,,"",Begonia,Begonias,Plantae,126405,Plantae,Tracheophyta,Magnoliopsida,Cucurbitales,Begoniaceae,,,Begonia,
311521517,7b61cc17-d108-4ba8-839c-d59373240471,2025-09-04 12:32:53-05:00,2025-09-04,2025-09-04 17:32:53 UTC,Central Time (US & Canada),9643869,zack96679,Zack Stout,2025-09-04 18:04:13 UTC,2025-09-04 18:04:19 UTC,casual,CC-BY-NC,https://www.inaturalist.org/observations/311521517,https://inaturalist-open-data.s3.amazonaws.com/photos/562364970/medium.jpg,,"","",0,0,true,3,"Pengilly, MN, US",47.2267715382,-93.2133169396,1981412,,,,1981412,,,false,,,"",Petunia integrifolia,violetflower petunia,Plantae,181815,Plantae,Tracheophyta,Magnoliopsida,Solanales,Solanaceae,Petunioideae,,Petunia,Petunia integrifolia
311521663,c6631373-8189-41c4-88b1-155f7c2143e3,2025-09-04 12:32:13-05:00,2025-09-04,2025-09-04 17:32:13 UTC,Central Time (US & Canada),9643869,zack96679,Zack Stout,2025-09-04 18:04:58 UTC,2025-09-04 18:05:05 UTC,casual,CC-BY-NC,https://www.inaturalist.org/observations/311521663,https://inaturalist-open-data.s3.amazonaws.com/photos/562365320/medium.jpg,,"","",0,0,true,3,"Grand Rapids, MN, US",47.3718428609,-93.488978258,1981412,,,,1981412,,open,false,,,"",Lysimachia nummularia,creeping Jenny,Plantae,51809,Plantae,Tracheophyta,Magnoliopsida,Ericales,Primulaceae,Myrsinoideae,,Lysimachia,Lysimachia nummularia
311521877,a22df4e5-cdf1-46fb-9319-6f7ac23a6e23,2025-09-04 12:31:58-05:00,2025-09-04,2025-09-04 17:31:58 UTC,Central Time (US & Canada),9643869,zack96679,Zack Stout,2025-09-04 18:05:40 UTC,2026-05-31 04:04:56 UTC,casual,CC-BY-NC,https://www.inaturalist.org/observations/311521877,https://inaturalist-open-data.s3.amazonaws.com/photos/568425700/medium.jpg,,"","",1,0,true,3,"Savanna Portage State Park, McGregor, MN, US",46.8661426755,-93.182057433,1981412,,,,1981412,,,false,,,wingpod purslane,Portulaca umbraticola,wingpod purslane,Plantae,167316,Plantae,Tracheophyta,Magnoliopsida,Caryophyllales,Portulacaceae,,,Portulaca,Portulaca umbraticola
314703319,35a79691-ea62-4052-818b-718b58281640,2025-09-17 19:01:17-05:00,2025-09-17,2025-09-18 00:01:17 UTC,Central Time (US & Canada),9643869,zack96679,Zack Stout,2025-09-18 02:03:39 UTC,2025-09-18 13:21:17 UTC,needs_id,CC-BY-NC,https://www.inaturalist.org/observations/314703319,https://inaturalist-open-data.s3.amazonaws.com/photos/568425719/medium.jpg,,"","",0,0,false,3,"Cohasset, MN, US",47.1935466508,-93.6870761228,1981412,,,,1981412,,,false,,,"",Cicadoidea,Cicadas,Insecta,50190,Animalia,Arthropoda,Insecta,Hemiptera,,,,,
314703380,c214f47b-7905-4f82-85ad-b334a2b93b3e,2025-09-17 19:01:17-05:00,2025-09-17,2025-09-18 00:01:17 UTC,Central Time (US & Canada),9643869,zack96679,Zack Stout,2025-09-18 02:04:11 UTC,2025-09-18 02:04:14 UTC,needs_id,CC-BY-NC,https://www.inaturalist.org/observations/314703380,https://inaturalist-open-data.s3.amazonaws.com/photos/568425894/medium.jpg,,"","",0,0,false,3,"Bovey, MN, US",47.2086193583,-93.3689050397,1981412,,,,1981412,,,false,,,"",Neotibicen,Dog-day Cicadas,Insecta,751082,Animalia,Arthropoda,Insecta,Hemiptera,Cicadidae,Cicadinae,Tacuini,Neotibicen,
314703894,b634747a-9ded-4bfd-bb73-4463e8f65dc4,2025-09-17 21:06:23-05:00,2025-09-17,2025-09-18 02:06:23 UTC,Central Time (US & Canada),9643869,zack96679,Zack Stout,2025-09-18 02:06:53 UTC,2026-05-17 21:59:14 UTC,needs_id,CC-BY-NC,https://www.inaturalist.org/observations/314703894,https://inaturalist-open-data.s3.amazonaws.com/photos/661714662/medium.jpg,,"","",0,0,false,3,"Chippewa National Forest, Deer River, MN, US",47.4266667823,-93.741892488,1981412,,,,1981412,,,false,,,"",Neotibicen canicularis,Northern Dog-day Cicada,Insecta,469238,Animalia,Arthropoda,Insecta,Hemiptera,Cicadidae,Cicadinae,Tacuini,Neotibicen,Neotibicen canicularis
362546650,71dcba3b-5a30-4467-8c99-fbcc75ff3f8b,2026-05-17 16:37:57-05:00,2026-05-17,2026-05-17 21:37:57 UTC,Central Time (US & Canada),9643869,zack96679,Zack Stout,2026-05-17 21:59:49 UTC,2026-05-17 22:02:33 UTC,casual,CC-BY-NC,https://www.inaturalist.org/observations/362546650,https://inaturalist-open-data.s3.amazonaws.com/photos/661715112/medium.jpg,,"","",0,0,true,3,"Central Ave NE, Fridley, MN, US",45.0762287374,-93.2400043155,52761,,,,52761,,,false,,,"",Amsonia,bluestars,Plantae,71965,Plantae,Tracheophyta,Magnoliopsida,Gentianales,Apocynaceae,Rauvolfioideae,Amsonieae,Amsonia,
362546739,b30dc618-0adb-477d-8c6e-b5eba8125106,2026-05-17 14:39:56-05:00,2026-05-17,2026-05-17 19:39:56 UTC,Central Time (US & Canada),9643869,zack96679,Zack Stout,2026-05-17 22:00:10 UTC,2026-05-27 23:57:31 UTC,casual,CC-BY-NC,https://www.inaturalist.org/observations/362546739,https://inaturalist-open-data.s3.amazonaws.com/photos/661715360/medium.jpg,,"","",1,0,true,3,"Floodwood, MN, US",46.8927157674,-93.0108729731,1973396,,,,1973396,,open,false,,,nannyberry,Viburnum lentago,nannyberry,Plantae,54773,Plantae,Tracheophyta,Magnoliopsida,Dipsacales,Viburnaceae,,,Viburnum,Viburnum lentago
362547208,b30fd0c1-688f-4727-b669-c9c3ed8a4d3a,2026-05-17 16:48:00-05:00,2026-05-17,2026-05-17 21:48:00 UTC,Bogota,9643869,zack96679,Zack Stout,2026-05-17 22:01:49 UTC,2026-05-17 22:01:52 UTC,casual,CC-BY-NC,https://www.inaturalist.org/observations/362547208,https://inaturalist-open-data.s3.amazonaws.com/photos/661716384/medium.jpg,,"","",0,0,false,3,"",,,,,,,,,,false,,,"",Cupressoideae,"Cypresses, Cedars, Junipers, and Allies",Plantae,1150915,Plantae,Tracheophyta,Pinopsida,Pinales,Cupressaceae,Cupressoideae,,,
363446547,2c4bbad2-1dd0-4059-bec3-c2db1abf1037,2026-05-20 14:55:05-05:00,2026-05-20,2026-05-20 19:55:05 UTC,Central Time (US & Canada),9643869,zack96679,Zack Stout,2026-05-20 19:56:32 UTC,2026-05-20 19:56:43 UTC,needs_id,CC-BY-NC,https://www.inaturalist.org/observations/363446547,https://inaturalist-open-data.s3.amazonaws.com/photos/663431623/medium.jpg,,"","",0,0,false,3,"Jacobson, MN, US",46.8854714274,-93.3417776708,1973396,,,,1973396,,,false,,,"",Malus,apples and crabapples,Plantae,54500,Plantae,Tracheophyta,Magnoliopsida,Rosales,Rosaceae,Amygdaloideae,Maleae,Malus,
363477377,8593c06b-0699-46c4-924f-61e7188e21a9,2026-05-20 16:06:35-05:00,2026-05-20,2026-05-20 21:06:35 UTC,Central Time (US & Canada),9643869,zack96679,Zack Stout,2026-05-20 21:49:12 UTC,2026-05-20 22:18:55 UTC,casual,CC-BY-NC,https://www.inaturalist.org/observations/363477377,https://inaturalist-open-data.s3.amazonaws.com/photos/663492655/medium.jpg,,"","",2,1,true,3,"Jacobson, MN, US",46.9348547223,-93.2131616228,1973396,,,,1973396,,open,false,,,larches,Larix,larches,Plantae,55571,Plantae,Tracheophyta,Pinopsida,Pinales,Pinaceae,Pinoideae,,Larix,
363478088,8ee04290-17b1-4eac-8670-9816d11ed2bf,2026-05-20 15:48:05-05:00,2026-05-20,2026-05-20 20:48:05 UTC,Central Time (US & Canada),9643869,zack96679,Zack Stout,2026-05-20 21:51:52 UTC,2026-05-20 21:52:05 UTC,needs_id,CC-BY-NC,https://www.inaturalist.org/observations/363478088,https://inaturalist-open-data.s3.amazonaws.com/photos/663493830/medium.jpg,,"","",0,0,false,3,"MN-73, Floodwood, MN, US",46.9079845681,-92.9107286933,1973396,,,,1973396,,open,false,,,"",Pinus sylvestris,Scots pine,Plantae,58722,Plantae,Tracheophyta,Pinopsida,Pinales,Pinaceae,Pinoideae,,Pinus,Pinus sylvestris
363478433,5d510ca4-2d85-43d5-a2ae-2e774c227bd5,2026-05-20 15:43:27-05:00,2026-05-20,2026-05-20 20:43:27 UTC,Central Time (US & Canada),9643869,zack96679,Zack Stout,2026-05-20 21:53:03 UTC,2026-05-20 21:53:12 UTC,needs_id,CC-BY-NC,https://www.inaturalist.org/observations/363478433,https://inaturalist-open-data.s3.amazonaws.com/photos/663494320/medium.jpg,,"","",0,0,false,3,"Rice Lake, Tamarack, MN, US",46.5957896553,-93.1419444632,1973396,,,,1973396,,open,false,,,"",Pinus resinosa,red pine,Plantae,52383,Plantae,Tracheophyta,Pinopsida,Pinales,Pinaceae,Pinoideae,,Pinus,Pinus resinosa
363478578,b3275160-10d3-4555-a71b-150e273e2479,2026-05-20 15:48:05-05:00,2026-05-20,2026-05-20 20:48:05 UTC,Central Time (US & Canada),9643869,zack96679,Zack Stout,2026-05-20 21:53:40 UTC,2026-05-20 21:53:48 UTC,needs_id,CC-BY-NC,https://www.inaturalist.org/observations/363478578,https://inaturalist-open-data.s3.amazonaws.com/photos/663494587/medium.jpg,,"","",0,0,false,3,"Chippewa National Forest, Remer, MN, US",47.0395776014,-94.0066113364,1973396,,,,1973396,,open,false,,,"",Pinus sylvestris,Scots pine,Plantae,58722,Plantae,Tracheophyta,Pinopsida,Pinales,Pinaceae,Pinoideae,,Pinus,Pinus sylvestris
363500506,5f9fc26f-4080-444a-94e3-1283a6288cb1,2026-05-20 18:27:34-05:00,2026-05-20,2026-05-20 23:27:34 UTC,Central Time (US & Canada),9643869,zack96679,Zack Stout,2026-05-20 23:28:25 UTC,2026-05-20 23:28:42 UTC,casual,CC-BY-NC,https://www.inaturalist.org/observations/363500506,https://inaturalist-open-data.s3.amazonaws.com/photos/663537679/medium.jpg,,"","",0,0,true,3,"Nspc Initial Tailings Basin, Hibbing, MN, US",47.3548058266,-93.0379248844,1973396,,,,1973396,,open,false,,,"",Catalpa speciosa,northern catalpa,Plantae,76158,Plantae,Tracheophyta,Magnoliopsida,Lamiales,Bignoniaceae,,Catalpeae,Catalpa,Catalpa speciosa
363500876,88106e4f-3ec9-4549-ac33-b0c8bfa4a5b1,2026-05-20 18:29:08-05:00,2026-05-20,2026-05-20 23:29:08 UTC,Central Time (US & Canada),9643869,zack96679,Zack Stout,2026-05-20 23:30:02 UTC,2026-05-20 23:30:07 UTC,casual,CC-BY-NC,https://www.inaturalist.org/observations/363500876,https://inaturalist-open-data.s3.amazonaws.com/photos/663538279/medium.jpg,,"","",0,0,true,3,"Jacobson, MN, US",46.8631109495,-93.2582958701,1973396,,,,1973396,,,false,,,"",Aesculus,buckeyes and horse-chestnuts,Plantae,53350,Plantae,Tracheophyta,Magnoliopsida,Sapindales,Sapindaceae,,,Aesculus,
363501291,31adf402-d5ad-4381-bb57-e48dd49ee08a,2026-05-20 18:31:47-05:00,2026-05-20,2026-05-20 23:31:47 UTC,Central Time (US & Canada),9643869,zack96679,Zack Stout,2026-05-20 23:32:49 UTC,2026-05-22 19:02:22 UTC,casual,CC-BY-NC,https://www.inaturalist.org/observations/363501291,https://inaturalist-open-data.s3.amazonaws.com/photos/663539406/medium.jpg,,"","",1,0,true,3,"Meadowlands, MN, US",47.1818501568,-92.753614467,1973396,,,,1973396,,,false,,,elms,Ulmus,elms,Plantae,53549,Plantae,Tracheophyta,Magnoliopsida,Rosales,Ulmaceae,,,Ulmus,
363501501,3589fc79-3cca-4795-859f-6b5ad72940b6,2026-05-20 18:33:03-05:00,2026-05-20,2026-05-20 23:33:03 UTC,Central Time (US & Canada),9643869,zack96679,Zack Stout,2026-05-20 23:34:01 UTC,2026-05-20 23:34:22 UTC,casual,CC-BY-NC,https://www.inaturalist.org/observations/363501501,https://inaturalist-open-data.s3.amazonaws.com/photos/663539860/medium.jpg,,"","",0,0,true,3,"Sturgeon Lake, MN, US",46.3801939123,-93.0107675848,1973396,,,,1973396,,,false,,,"",Phellodendron amurense,Amur Corktree,Plantae,166636,Plantae,Tracheophyta,Magnoliopsida,Sapindales,Rutaceae,Zanthoxyloideae,,Phellodendron,Phellodendron amurense
363501576,4bf10416-df54-4003-a9cb-99bde1c13d50,2026-05-20 18:34:11-05:00,2026-05-20,2026-05-20 23:34:11 UTC,Central Time (US & Canada),9643869,zack96679,Zack Stout,2026-05-20 23:34:25 UTC,2026-05-20 23:34:32 UTC,casual,CC-BY-NC,https://www.inaturalist.org/observations/363501576,https://inaturalist-open-data.s3.amazonaws.com/photos/663539988/medium.jpg,,"","",0,0,true,3,"Buchanan St NE, Minneapolis, MN, US",44.9952806114,-93.2398422808,9,,,,9,,open,false,,,"",Acer platanoides,Norway maple,Plantae,54763,Plantae,Tracheophyta,Magnoliopsida,Sapindales,Sapindaceae,,,Acer,Acer platanoides
363501678,d399b982-52e1-44e4-9ea6-734e406e37cf,2026-05-20 18:34:43-05:00,2026-05-20,2026-05-20 23:34:43 UTC,Central Time (US & Canada),9643869,zack96679,Zack Stout,2026-05-20 23:34:50 UTC,2026-05-20 23:34:59 UTC,casual,CC-BY-NC,https://www.inaturalist.org/observations/363501678,https://inaturalist-open-data.s3.amazonaws.com/photos/663540242/medium.jpg,,"","",0,0,true,3,"Buchanan St NE, Minneapolis, MN, US",44.9955395703,-93.2398910635,6,,,,6,,open,false,,,"",Gleditsia triacanthos,honey locust,Plantae,54797,Plantae,Tracheophyta,Magnoliopsida,Fabales,Fabaceae,Caesalpinioideae,,Gleditsia,Gleditsia triacanthos
363501765,30700586-65c8-4ea6-96e9-1521ca469bcd,2026-05-20 18:35:05-05:00,2026-05-20,2026-05-20 23:35:05 UTC,Central Time (US & Canada),9643869,zack96679,Zack Stout,2026-05-20 23:35:20 UTC,2026-05-20 23:56:50 UTC,casual,CC-BY-NC,https://www.inaturalist.org/observations/363501765,https://inaturalist-open-data.s3.amazonaws.com/photos/663540513/medium.jpg,,"","",0,0,true,3,"Buchanan St NE, Minneapolis, MN, US",44.995768983,-93.239887124,3,,,,3,,,false,,,"",Plantae,Plants,Plantae,47126,Plantae,,,,,,,,
363501876,aaf267aa-1e1b-4f0d-bb68-19f6e735a458,2026-05-20 18:35:46-05:00,2026-05-20,2026-05-20 23:35:46 UTC,Central Time (US & Canada),9643869,zack96679,Zack Stout,2026-05-20 23:36:02 UTC,2026-05-21 00:08:49 UTC,casual,CC-BY-NC,https://www.inaturalist.org/observations/363501876,https://inaturalist-open-data.s3.amazonaws.com/photos/663540810/medium.jpg,,"","",0,0,true,3,"Buchanan St NE, Minneapolis, MN, US",44.9962018874,-93.2398564502,5,,,,5,,open,false,,,Dicots,Ostrya virginiana,American hophornbeam,Plantae,54771,Plantae,Tracheophyta,Magnoliopsida,Fagales,Betulaceae,,,Ostrya,Ostrya virginiana
363501988,789d4183-045b-4ba8-8aee-6963d98499dd,2026-05-20 18:36:29-05:00,2026-05-20,2026-05-20 23:36:29 UTC,Central Time (US & Canada),9643869,zack96679,Zack Stout,2026-05-20 23:36:40 UTC,2026-05-20 23:36:45 UTC,casual,CC-BY-NC,https://www.inaturalist.org/observations/363501988,https://inaturalist-open-data.s3.amazonaws.com/photos/663541052/medium.jpg,,"","",0,0,true,3,"Buchanan St NE, Minneapolis, MN, US",44.99654016,-93.2398290374,3,,,,3,,open,false,,,"",Platanus occidentalis,American sycamore,Plantae,49662,Plantae,Tracheophyta,Magnoliopsida,Proteales,Platanaceae,,,Platanus,Platanus occidentalis
363502239,d960ed6c-d8cf-4909-b9b3-08a0fbd3cac1,2026-05-20 18:37:56-05:00,2026-05-20,2026-05-20 23:37:56 UTC,Central Time (US & Canada),9643869,zack96679,Zack Stout,2026-05-20 23:38:03 UTC,2026-05-20 23:38:14 UTC,casual,CC-BY-NC,https://www.inaturalist.org/observations/363502239,https://inaturalist-open-data.s3.amazonaws.com/photos/663541662/medium.jpg,,"","",0,0,true,3,"Buchanan St NE, Minneapolis, MN, US",44.9971797864,-93.2399838886,7,,,,7,,open,false,,,"",Betula nigra,river birch,Plantae,117429,Plantae,Tracheophyta,Magnoliopsida,Fagales,Betulaceae,,,Betula,Betula nigra
363502338,201ec935-4ee5-4f23-9fd5-e5266990ddc6,2026-05-20 18:38:22-05:00,2026-05-20,2026-05-20 23:38:22 UTC,Central Time (US & Canada),9643869,zack96679,Zack Stout,2026-05-20 23:38:33 UTC,2026-05-20 23:38:38 UTC,casual,CC-BY-NC,https://www.inaturalist.org/observations/363502338,https://inaturalist-open-data.s3.amazonaws.com/photos/663541850/medium.jpg,,"","",0,0,true,3,"Buchanan St NE, Minneapolis, MN, US",44.9971797864,-93.2399838886,7,,,,7,,,false,,,"",Salix,Willows,Plantae,53453,Plantae,Tracheophyta,Magnoliopsida,Malpighiales,Salicaceae,,,Salix,
363516393,496ea7a3-e951-45ed-b792-7c758b5b7ec0,2026-05-20 18:17:28-05:00,2026-05-20,2026-05-20 23:17:28 UTC,Central Time (US & Canada),9643869,zack96679,Zack Stout,2026-05-21 00:46:13 UTC,2026-05-21 01:28:48 UTC,casual,CC-BY-NC,https://www.inaturalist.org/observations/363516393,https://inaturalist-open-data.s3.amazonaws.com/photos/663570458/medium.jpg,,"","",0,0,true,3,"McGregor, MN, US",46.7937468727,-93.285419907,1973396,,,,1973396,,,false,,,"",Syringa meyeri,korean lilac,Plantae,429454,Plantae,Tracheophyta,Magnoliopsida,Lamiales,Oleaceae,,,Syringa,Syringa meyeri
363526313,416fb1f1-3b5e-46f2-bca7-2428e46b06b3,2026-05-20 18:16:24-05:00,2026-05-20,2026-05-20 23:16:24 UTC,Central Time (US & Canada),9643869,zack96679,Zack Stout,2026-05-21 01:28:49 UTC,2026-05-21 01:28:58 UTC,needs_id,CC-BY-NC,https://www.inaturalist.org/observations/363526313,https://inaturalist-open-data.s3.amazonaws.com/photos/663588580/medium.jpg,,"","",0,0,false,3,"MN-200, Jacobson, MN, US",47.0051574178,-93.2546059463,1973396,,,,1973396,,,false,,,"",Physocarpus,ninebarks,Plantae,57251,Plantae,Tracheophyta,Magnoliopsida,Rosales,Rosaceae,Amygdaloideae,Neillieae,Physocarpus,
363526357,dfb73465-9d50-4a55-96b2-03c6faa18d43,2026-05-20 18:17:01-05:00,2026-05-20,2026-05-20 23:17:01 UTC,Central Time (US & Canada),9643869,zack96679,Zack Stout,2026-05-21 01:28:58 UTC,2026-05-21 15:24:55 UTC,casual,CC-BY-NC,https://www.inaturalist.org/observations/363526357,https://inaturalist-open-data.s3.amazonaws.com/photos/663588654/medium.jpg,,"","",1,0,true,3,"Alborn-Pengilly Trail, Pengilly, MN, US",47.3149378725,-93.1603145895,1973396,,,,1973396,,,false,,,Allium Subg. Melanocrommyum,Melanocrommyum,Allium Subg. Melanocrommyum,Plantae,899575,Plantae,Tracheophyta,Liliopsida,Asparagales,Amaryllidaceae,Allioideae,Allieae,Allium,
363672082,8d0a0ba9-6600-4a5c-88a9-12dc0b49a374,2026-05-21 10:24:44-05:00,2026-05-21,2026-05-21 15:24:44 UTC,Central Time (US & Canada),9643869,zack96679,Zack Stout,2026-05-21 15:24:56 UTC,2026-05-21 15:25:29 UTC,needs_id,CC-BY-NC,https://www.inaturalist.org/observations/363672082,https://inaturalist-open-data.s3.amazonaws.com/photos/663863801/medium.jpg,,"","",0,0,false,3,"Buchanan St NE, Minneapolis, MN, US",44.9986328187,-93.2396128984,3,,,,3,,,false,,,"",Morus,Mulberries,Plantae,56091,Plantae,Tracheophyta,Magnoliopsida,Rosales,Moraceae,,Moreae,Morus,
363672267,4c98d2fe-2e86-4558-b852-f1407da0de30,2026-05-21 10:25:17-05:00,2026-05-21,2026-05-21 15:25:17 UTC,Central Time (US & Canada),9643869,zack96679,Zack Stout,2026-05-21 15:25:29 UTC,2026-05-21 15:25:35 UTC,needs_id,CC-BY-NC,https://www.inaturalist.org/observations/363672267,https://inaturalist-open-data.s3.amazonaws.com/photos/663863857/medium.jpg,,"","",0,0,false,3,"Buchanan St NE, Minneapolis, MN, US",44.9983230327,-93.2396429592,4,,,,4,,open,false,,,"",Betula nigra,river birch,Plantae,117429,Plantae,Tracheophyta,Magnoliopsida,Fagales,Betulaceae,,,Betula,Betula nigra
363672435,7f1bfc9a-953f-4b6b-a75d-3b705b72e428,2026-05-21 10:25:45-05:00,2026-05-21,2026-05-21 15:25:45 UTC,Central Time (US & Canada),9643869,zack96679,Zack Stout,2026-05-21 15:26:07 UTC,2026-05-21 15:26:14 UTC,needs_id,CC-BY-NC,https://www.inaturalist.org/observations/363672435,https://inaturalist-open-data.s3.amazonaws.com/photos/663864177/medium.jpg,,"","",0,0,false,3,"Buchanan St NE, Minneapolis, MN, US",44.9980025087,-93.2397643291,6,,,,6,,,false,,,"",Phellodendron,Corktrees,Plantae,156609,Plantae,Tracheophyta,Magnoliopsida,Sapindales,Rutaceae,Zanthoxyloideae,,Phellodendron,
363672507,7b94241f-03b5-4b5f-bfe7-11eac31dcbb1,2026-05-21 10:26:16-05:00,2026-05-21,2026-05-21 15:26:16 UTC,Central Time (US & Canada),9643869,zack96679,Zack Stout,2026-05-21 15:26:24 UTC,2026-05-21 15:26:31 UTC,casual,CC-BY-NC,https://www.inaturalist.org/observations/363672507,https://inaturalist-open-data.s3.amazonaws.com/photos/663864357/medium.jpg,,"","",0,0,true,3,"Buchanan St NE, Minneapolis, MN, US",44.998005427,-93.2396943158,3,,,,3,,,false,,,"",Taxus,yews,Plantae,47555,Plantae,Tracheophyta,Pinopsida,Pinales,Taxaceae,,,Taxus,
363672571,57fcf3b7-f10e-442e-a05e-ae06291904fc,2026-05-21 10:26:33-05:00,2026-05-21,2026-05-21 15:26:33 UTC,Central Time (US & Canada),9643869,zack96679,Zack Stout,2026-05-21 15:26:40 UTC,2026-05-21 15:26:45 UTC,casual,CC-BY-NC,https://www.inaturalist.org/observations/363672571,https://inaturalist-open-data.s3.amazonaws.com/photos/663864483/medium.jpg,,"","",0,0,true,3,"Buchanan St NE, Minneapolis, MN, US",44.9979267274,-93.2398803572,40,,,,40,,,false,,,"",Phellodendron amurense,Amur Corktree,Plantae,166636,Plantae,Tracheophyta,Magnoliopsida,Sapindales,Rutaceae,Zanthoxyloideae,,Phellodendron,Phellodendron amurense
363672645,9588eb1f-d664-45a3-927c-cd059c232545,2026-05-21 10:26:51-05:00,2026-05-21,2026-05-21 15:26:51 UTC,Central Time (US & Canada),9643869,zack96679,Zack Stout,2026-05-21 15:27:00 UTC,2026-05-21 15:27:05 UTC,needs_id,CC-BY-NC,https://www.inaturalist.org/observations/363672645,https://inaturalist-open-data.s3.amazonaws.com/photos/663864661/medium.jpg,,"","",0,0,false,3,"Buchanan St NE, Minneapolis, MN, US",44.9979471798,-93.2395966602,6,,,,6,,,false,,,"",Quercus,oaks,Plantae,47851,Plantae,Tracheophyta,Magnoliopsida,Fagales,Fagaceae,,,Quercus,
363672980,dfc0a379-f8b8-4762-8143-56d479d95ebb,2026-05-21 10:27:59-05:00,2026-05-21,2026-05-21 15:27:59 UTC,Central Time (US & Canada),9643869,zack96679,Zack Stout,2026-05-21 15:28:08 UTC,2026-05-21 15:28:15 UTC,needs_id,CC-BY-NC,https://www.inaturalist.org/observations/363672980,https://inaturalist-open-data.s3.amazonaws.com/photos/663865333/medium.jpg,,"","",0,0,false,3,"Buchanan St NE, Minneapolis, MN, US",44.997187662,-93.2398089209,3,,,,3,,,false,,,"",Betula,birches,Plantae,49156,Plantae,Tracheophyta,Magnoliopsida,Fagales,Betulaceae,,,Betula,
363673114,c51d8e63-b755-404a-a705-8f75612e6f37,2026-05-21 10:28:26-05:00,2026-05-21,2026-05-21 15:28:26 UTC,Central Time (US & Canada),9643869,zack96679,Zack Stout,2026-05-21 15:28:36 UTC,2026-05-22 23:19:34 UTC,needs_id,CC-BY-NC,https://www.inaturalist.org/observations/363673114,https://inaturalist-open-data.s3.amazonaws.com/photos/664703237/medium.jpg,,"","",0,0,false,3,"Buchanan St NE, Minneapolis, MN, US",44.9972248357,-93.2399007865,14,,,,14,,,false,,,"",Ulmus,elms,Plantae,53549,Plantae,Tracheophyta,Magnoliopsida,Rosales,Ulmaceae,,,Ulmus,
364120058,ca55c8c3-5991-496b-b1bf-4f071fd772d0,2026-05-22 18:19:22-05:00,2026-05-22,2026-05-22 23:19:22 UTC,Central Time (US & Canada),9643869,zack96679,Zack Stout,2026-05-22 23:19:35 UTC,2026-05-22 23:19:39 UTC,needs_id,CC-BY-NC,https://www.inaturalist.org/observations/364120058,https://inaturalist-open-data.s3.amazonaws.com/photos/664703284/medium.jpg,,"","",0,0,false,3,"Buchanan St NE, Minneapolis, MN, US",44.9976107358,-93.2398518377,146,,,,146,,,false,,,"",Morus,Mulberries,Plantae,56091,Plantae,Tracheophyta,Magnoliopsida,Rosales,Moraceae,,Moreae,Morus,
364120384,21ae3c1f-c0be-48f7-babd-ce358dcf2ee6,2026-05-22 18:20:43-05:00,2026-05-22,2026-05-22 23:20:43 UTC,Central Time (US & Canada),9643869,zack96679,Zack Stout,2026-05-22 23:20:58 UTC,2026-05-22 23:21:03 UTC,needs_id,CC-BY-NC,https://www.inaturalist.org/observations/364120384,https://inaturalist-open-data.s3.amazonaws.com/photos/664703826/medium.jpg,,"","",0,0,false,3,"Buchanan St NE, Minneapolis, MN, US",44.9984417204,-93.2397923247,3,,,,3,,,false,,,"",Celtis,hackberries,Plantae,54858,Plantae,Tracheophyta,Magnoliopsida,Rosales,Cannabaceae,,,Celtis,
364120478,7614fe5d-6f6e-4145-bf37-8c3332180f41,2026-05-22 18:21:22-05:00,2026-05-22,2026-05-22 23:21:22 UTC,Central Time (US & Canada),9643869,zack96679,Zack Stout,2026-05-22 23:21:29 UTC,2026-07-28 15:59:55 UTC,research,CC-BY-NC,https://www.inaturalist.org/observations/364120478,https://inaturalist-open-data.s3.amazonaws.com/photos/664704034/medium.jpg,,"","",1,0,false,3,"Buchanan St NE, Minneapolis, MN, US",44.9985557143,-93.2399292012,5,,,,5,,open,false,,,American elm,Ulmus americana,American elm,Plantae,53547,Plantae,Tracheophyta,Magnoliopsida,Rosales,Ulmaceae,,,Ulmus,Ulmus americana
364121072,465d4769-7f09-47fb-b009-f79bb57f522f,2026-05-22 18:24:01-05:00,2026-05-22,2026-05-22 23:24:01 UTC,Central Time (US & Canada),9643869,zack96679,Zack Stout,2026-05-22 23:24:09 UTC,2026-05-23 03:05:31 UTC,research,CC-BY-NC,https://www.inaturalist.org/observations/364121072,https://inaturalist-open-data.s3.amazonaws.com/photos/664705307/medium.jpg,,"","",1,0,false,3,"Broadway St NE, Minneapolis, MN, US",44.9990434539,-93.2398551578,3,,,,3,,open,false,,,box elder,Acer negundo,boxelder,Plantae,47726,Plantae,Tracheophyta,Magnoliopsida,Sapindales,Sapindaceae,,,Acer,Acer negundo
364121181,d3df7e3b-2c96-460a-bd1a-4bdabbf8b902,2026-05-22 18:24:37-05:00,2026-05-22,2026-05-22 23:24:37 UTC,Central Time (US & Canada),9643869,zack96679,Zack Stout,2026-05-22 23:24:44 UTC,2026-05-23 02:40:24 UTC,needs_id,CC-BY-NC,https://www.inaturalist.org/observations/364121181,https://inaturalist-open-data.s3.amazonaws.com/photos/664705593/medium.jpg,,"","",0,0,false,3,"Buchanan St NE, Minneapolis, MN, US",44.9994110212,-93.239830338,3,,,,3,,,false,,,"",Vitis,grapevines,Plantae,60773,Plantae,Tracheophyta,Magnoliopsida,Vitales,Vitaceae,,,Vitis,
364121257,b2c8bbe7-1e90-474f-bb1a-d40780cddc2f,2026-05-22 18:25:00-05:00,2026-05-22,2026-05-22 23:25:00 UTC,Central Time (US & Canada),9643869,zack96679,Zack Stout,2026-05-22 23:25:07 UTC,2026-05-22 23:25:13 UTC,needs_id,CC-BY-NC,https://www.inaturalist.org/observations/364121257,https://inaturalist-open-data.s3.amazonaws.com/photos/664705763/medium.jpg,,"","",0,0,false,3,"Buchanan St NE, Minneapolis, MN, US",44.9995994708,-93.239862565,3,,,,3,,,false,,,"",Celtis,hackberries,Plantae,54858,Plantae,Tracheophyta,Magnoliopsida,Rosales,Cannabaceae,,,Celtis,
364121325,f5c2777d-4d31-4216-bf5b-25398cb1887d,2026-05-22 18:25:19-05:00,2026-05-22,2026-05-22 23:25:19 UTC,Central Time (US & Canada),9643869,zack96679,Zack Stout,2026-05-22 23:25:29 UTC,2026-05-22 23:25:33 UTC,needs_id,CC-BY-NC,https://www.inaturalist.org/observations/364121325,https://inaturalist-open-data.s3.amazonaws.com/photos/664705894/medium.jpg,,"","",0,0,false,3,"Buchanan St NE, Minneapolis, MN, US",44.9996455543,-93.2398361553,23,,,,23,,,false,,,"",Phellodendron,Corktrees,Plantae,156609,Plantae,Tracheophyta,Magnoliopsida,Sapindales,Rutaceae,Zanthoxyloideae,,Phellodendron,
364121605,f7b64461-004a-4b0b-af6e-ab8d6cae7a55,2026-05-22 18:26:56-05:00,2026-05-22,2026-05-22 23:26:56 UTC,Central Time (US & Canada),9643869,zack96679,Zack Stout,2026-05-22 23:27:02 UTC,2026-05-22 23:27:09 UTC,needs_id,CC-BY-NC,https://www.inaturalist.org/observations/364121605,https://inaturalist-open-data.s3.amazonaws.com/photos/664706609/medium.jpg,,"","",0,0,false,3,"Buchanan St NE, Minneapolis, MN, US",45.0002724341,-93.2398716599,3,,,,3,,,false,,,"",Betula,birches,Plantae,49156,Plantae,Tracheophyta,Magnoliopsida,Fagales,Betulaceae,,,Betula,
364121728,34eb3479-ebc3-4e32-96bb-991a674e55e3,2026-05-22 18:27:12-05:00,2026-05-22,2026-05-22 23:27:12 UTC,Central Time (US & Canada),9643869,zack96679,Zack Stout,2026-05-22 23:27:18 UTC,2026-05-22 23:29:38 UTC,needs_id,CC-BY-NC,https://www.inaturalist.org/observations/364121728,https://inaturalist-open-data.s3.amazonaws.com/photos/664707742/medium.jpg,,"","",0,0,false,3,"Buchanan St NE, Minneapolis, MN, US",45.0003097797,-93.2398713993,3,,,,3,,,false,,,"",Larix,larches,Plantae,55571,Plantae,Tracheophyta,Pinopsida,Pinales,Pinaceae,Pinoideae,,Larix,
364122245,d4a7da6e-534b-4052-b3c6-537b9049170d,2026-05-22 18:29:25-05:00,2026-05-22,2026-05-22 23:29:25 UTC,Central Time (US & Canada),9643869,zack96679,Zack Stout,2026-05-22 23:29:38 UTC,2026-05-23 03:19:58 UTC,research,CC-BY-NC,https://www.inaturalist.org/observations/364122245,https://inaturalist-open-data.s3.amazonaws.com/photos/664707816/medium.jpg,,"","",1,0,false,3,"Buchanan St NE, Minneapolis, MN, US",45.0010236377,-93.2398576457,3,,,,3,,open,false,,,eastern white pine,Pinus strobus,eastern white pine,Plantae,52391,Plantae,Tracheophyta,Pinopsida,Pinales,Pinaceae,Pinoideae,,Pinus,Pinus strobus
364123269,afebc653-c068-44ff-94ea-9e1c6eaf7e6b,2026-05-22 18:34:32-05:00,2026-05-22,2026-05-22 23:34:32 UTC,Central Time (US & Canada),9643869,zack96679,Zack Stout,2026-05-22 23:34:40 UTC,2026-05-22 23:34:45 UTC,needs_id,CC-BY-NC,https://www.inaturalist.org/observations/364123269,https://inaturalist-open-data.s3.amazonaws.com/photos/664710154/medium.jpg,,"","",0,0,false,3,"NE 14th Ave, Minneapolis, MN, US",45.0018164004,-93.2392241993,3,,,,3,,,false,,,"",Picea,spruces,Plantae,63573,Plantae,Tracheophyta,Pinopsida,Pinales,Pinaceae,Pinoideae,,Picea,
364123537,daa75e32-d489-4d26-8720-032486b6941b,2026-05-22 18:35:44-05:00,2026-05-22,2026-05-22 23:35:44 UTC,Central Time (US & Canada),9643869,zack96679,Zack Stout,2026-05-22 23:35:54 UTC,2026-05-23 03:19:53 UTC,research,CC-BY-NC,https://www.inaturalist.org/observations/364123537,https://inaturalist-open-data.s3.amazonaws.com/photos/664717537/medium.jpg,,"","",1,0,false,3,"NE 14th Ave, Minneapolis, MN, US",45.0018940878,-93.2387895543,4,,,,4,,open,false,,,eastern white pine,Pinus strobus,eastern white pine,Plantae,52391,Plantae,Tracheophyta,Pinopsida,Pinales,Pinaceae,Pinoideae,,Pinus,Pinus strobus
364127284,86079d1b-10b5-4ebd-ae2c-8d703dbbd54f,2026-05-22 18:51:20-05:00,2026-05-22,2026-05-22 23:51:20 UTC,Central Time (US & Canada),9643869,zack96679,Zack Stout,2026-05-22 23:51:32 UTC,2026-05-22 23:51:36 UTC,needs_id,CC-BY-NC,https://www.inaturalist.org/observations/364127284,https://inaturalist-open-data.s3.amazonaws.com/photos/664717585/medium.jpg,,"","",0,0,false,3,"Buchanan St NE, Minneapolis, MN, US",44.9978444555,-93.2396235717,3,,,,3,,open,false,,,"",Quercus macrocarpa,bur oak,Plantae,54781,Plantae,Tracheophyta,Magnoliopsida,Fagales,Fagaceae,,,Quercus,Quercus macrocarpa
364127383,251975e8-6309-4876-a237-5394064bb8dc,2026-05-22 18:51:43-05:00,2026-05-22,2026-05-22 23:51:43 UTC,Central Time (US & Canada),9643869,zack96679,Zack Stout,2026-05-22 23:51:53 UTC,2026-05-27 23:54:53 UTC,casual,CC-BY-NC,https://www.inaturalist.org/observations/364127383,https://inaturalist-open-data.s3.amazonaws.com/photos/664717763/medium.jpg,,"","",1,0,true,3,"Buchanan St NE, Minneapolis, MN, US",44.9976857147,-93.2396001276,4,,,,4,,open,false,,,swamp white oak,Quercus bicolor,swamp white oak,Plantae,54780,Plantae,Tracheophyta,Magnoliopsida,Fagales,Fagaceae,,,Quercus,Quercus bicolor
364486708,9ebea696-8228-403a-a884-7533c00fc690,2026-05-23 18:38:57-05:00,2026-05-23,2026-05-23 23:38:57 UTC,Central Time (US & Canada),9643869,zack96679,Zack Stout,2026-05-23 23:39:08 UTC,2026-06-13 03:15:55 UTC,research,CC-BY-NC,https://www.inaturalist.org/observations/364486708,https://inaturalist-open-data.s3.amazonaws.com/photos/665390342/medium.jpg,,"","",2,0,false,3,"Mississippi River, Minneapolis, MN, US",45.0154870051,-93.2767535871,100,,,,100,,open,false,,,Siberian peashrub,Caragana arborescens,Siberian peashrub,Plantae,159827,Plantae,Tracheophyta,Magnoliopsida,Fabales,Fabaceae,Faboideae,Hedysareae,Caragana,Caragana arborescens
365106727,3b804cb9-33f4-484f-ab52-118c2fb2ae25,2026-05-25 12:09:53-05:00,2026-05-25,2026-05-25 17:09:53 UTC,Central Time (US & Canada),9643869,zack96679,Zack Stout,2026-05-25 17:10:09 UTC,2026-06-02 17:41:53 UTC,needs_id,CC-BY-NC,https://www.inaturalist.org/observations/365106727,https://inaturalist-open-data.s3.amazonaws.com/photos/667474559/medium.jpg,,"","",2,1,false,3,"Buchanan St NE, Minneapolis, MN, US",44.9971566639,-93.2401390522,22,,,,22,,open,false,,,Irises,Iris,Irises,Plantae,47780,Plantae,Tracheophyta,Liliopsida,Asparagales,Iridaceae,Iridoideae,Irideae,Iris,
365580304,37f96435-eeba-4e81-af2f-87c7cded420f,2026-05-25 17:06:20-05:00,2026-05-25,2026-05-25 22:06:20 UTC,Central Time (US & Canada),9643869,zack96679,Zack Stout,2026-05-27 00:18:46 UTC,2026-05-27 00:18:56 UTC,needs_id,CC-BY-NC,https://www.inaturalist.org/observations/365580304,https://inaturalist-open-data.s3.amazonaws.com/photos/667474636/medium.jpg,,"","",0,0,false,3,"Parkview Terr, Golden Valley, MN, US",44.9730593346,-93.329271507,39,,,,39,,,false,,,"",Ribes,currants and gooseberries,Plantae,47130,Plantae,Tracheophyta,Magnoliopsida,Saxifragales,Grossulariaceae,,,Ribes,
365580339,46b07b0e-ba62-4555-add6-88a04ec9f40e,2026-05-26 19:18:31-05:00,2026-05-26,2026-05-27 00:18:31 UTC,Central Time (US & Canada),9643869,zack96679,Zack Stout,2026-05-27 00:18:57 UTC,2026-05-27 23:54:19 UTC,research,CC-BY-NC,https://www.inaturalist.org/observations/365580339,https://inaturalist-open-data.s3.amazonaws.com/photos/667474688/medium.jpg,,"","",1,0,false,3,"Buchanan St NE, Minneapolis, MN, US",44.9971934448,-93.2400509384,24,,,,24,,,false,,,cutleaf coneflower,Rudbeckia laciniata,cutleaf coneflower,Plantae,116735,Plantae,Tracheophyta,Magnoliopsida,Asterales,Asteraceae,Asteroideae,Heliantheae,Rudbeckia,Rudbeckia laciniata
365580531,4cb7571f-98f8-49e8-b839-2b2466fba1c2,2026-05-26 19:18:49-05:00,2026-05-26,2026-05-27 00:18:49 UTC,Central Time (US & Canada),9643869,zack96679,Zack Stout,2026-05-27 00:19:49 UTC,2026-05-27 00:20:00 UTC,needs_id,CC-BY-NC,https://www.inaturalist.org/observations/365580531,https://inaturalist-open-data.s3.amazonaws.com/photos/667475128/medium.jpg,,"","",0,0,false,3,"Buchanan St NE, Minneapolis, MN, US",44.9971773741,-93.2399821329,7,,,,7,,,false,,,"",Solidago,goldenrods,Plantae,48678,Plantae,Tracheophyta,Magnoliopsida,Asterales,Asteraceae,Asteroideae,Astereae,Solidago,
365580559,ddb7d14b-38c8-4471-a630-21ecb7f71093,2026-05-26 19:19:33-05:00,2026-05-26,2026-05-27 00:19:33 UTC,Central Time (US & Canada),9643869,zack96679,Zack Stout,2026-05-27 00:20:01 UTC,2026-05-27 00:20:26 UTC,casual,CC-BY-NC,https://www.inaturalist.org/observations/365580559,https://inaturalist-open-data.s3.amazonaws.com/photos/667475305/medium.jpg,,"","",0,0,true,3,"Buchanan St NE, Minneapolis, MN, US",44.9971773741,-93.2399821329,7,,,,7,,,false,,,"",Allium tuberosum,Garlic Chives,Plantae,122343,Plantae,Tracheophyta,Liliopsida,Asparagales,Amaryllidaceae,Allioideae,Allieae,Allium,Allium tuberosum
365587459,8a91a865-bf70-48bc-9412-1b90fe054619,2026-05-26 19:51:38-05:00,2026-05-26,2026-05-27 00:51:38 UTC,Central Time (US & Canada),9643869,zack96679,Zack Stout,2026-05-27 00:51:45 UTC,2026-05-27 23:53:34 UTC,research,CC-BY-NC,https://www.inaturalist.org/observations/365587459,https://inaturalist-open-data.s3.amazonaws.com/photos/667751858/medium.jpg,,"","",1,0,false,3,"Buchanan St NE, Minneapolis, MN, US",44.9971719441,-93.2400053949,19,,,,19,,open,false,,,white snakeroot,Ageratina altissima,white snakeroot,Plantae,119048,Plantae,Tracheophyta,Magnoliopsida,Asterales,Asteraceae,Asteroideae,Eupatorieae,Ageratina,Ageratina altissima
365727761,ca225bb1-5672-4a04-99b3-cb60a526ae95,2026-05-27 08:53:42-05:00,2026-05-27,2026-05-27 13:53:42 UTC,Central Time (US & Canada),9643869,zack96679,Zack Stout,2026-05-27 13:54:04 UTC,2026-05-27 23:53:56 UTC,casual,CC-BY-NC,https://www.inaturalist.org/observations/365727761,https://inaturalist-open-data.s3.amazonaws.com/photos/668010842/medium.jpg,,"","",1,0,true,3,"Broadway St NE, Minneapolis, MN, US",44.9987816066,-93.2456427255,3,,,,3,,open,false,,,sugar maple,Acer saccharum,sugar maple,Plantae,52543,Plantae,Tracheophyta,Magnoliopsida,Sapindales,Sapindaceae,,,Acer,Acer saccharum
365864432,230f20a8-5a67-4247-b090-cee8bfb72540,2026-05-27 16:56:40-05:00,2026-05-27,2026-05-27 21:56:40 UTC,Central Time (US & Canada),9643869,zack96679,Zack Stout,2026-05-27 21:56:51 UTC,2026-05-27 21:56:56 UTC,needs_id,CC-BY-NC,https://www.inaturalist.org/observations/365864432,https://inaturalist-open-data.s3.amazonaws.com/photos/668010888/medium.jpg,,"","",0,0,false,3,"Buchanan St NE, Minneapolis, MN, US",44.9971776001,-93.239982139,6,,,,6,,,false,,,"",Solidago,goldenrods,Plantae,48678,Plantae,Tracheophyta,Magnoliopsida,Asterales,Asteraceae,Asteroideae,Astereae,Solidago,
365865877,def6f510-cb23-4407-81f4-f17fe63eb11d,2026-05-27 17:01:48-05:00,2026-05-27,2026-05-27 22:01:48 UTC,Central Time (US & Canada),9643869,zack96679,Zack Stout,2026-05-27 22:02:03 UTC,2026-05-28 23:50:27 UTC,casual,CC-BY-NC,https://www.inaturalist.org/observations/365865877,https://inaturalist-open-data.s3.amazonaws.com/photos/668013900/medium.jpg,,"","",3,0,true,3,"Buchanan St NE, Minneapolis, MN, US",44.9971776001,-93.239982139,6,,,,6,,,false,,,larkspurs,Ranunculoideae,"Anemones, buttercups, larkspurs and allies",Plantae,746709,Plantae,Tracheophyta,Magnoliopsida,Ranunculales,Ranunculaceae,Ranunculoideae,,,
365866018,d513df9b-c01f-473d-bed6-7fe3a165eaa9,2026-05-27 17:02:35-05:00,2026-05-27,2026-05-27 22:02:35 UTC,Central Time (US & Canada),9643869,zack96679,Zack Stout,2026-05-27 22:02:43 UTC,2026-05-27 22:03:04 UTC,casual,CC-BY-NC,https://www.inaturalist.org/observations/365866018,https://inaturalist-open-data.s3.amazonaws.com/photos/668014318/medium.jpg,,"","",0,0,true,3,"Buchanan St NE, Minneapolis, MN, US",44.9971302923,-93.2399380454,11,,,,11,,,false,,,"",Salvia nemorosa,Purple Wood Sage,Plantae,168387,Plantae,Tracheophyta,Magnoliopsida,Lamiales,Lamiaceae,Nepetoideae,Mentheae,Salvia,Salvia nemorosa
365866178,87b20c11-34a6-4ea3-b75d-590d0ee9f995,2026-05-27 17:03:04-05:00,2026-05-27,2026-05-27 22:03:04 UTC,Central Time (US & Canada),9643869,zack96679,Zack Stout,2026-05-27 22:03:29 UTC,2026-05-27 22:04:57 UTC,casual,CC-BY-NC,https://www.inaturalist.org/observations/365866178,https://inaturalist-open-data.s3.amazonaws.com/photos/668015390/medium.jpg,,"","",0,0,true,3,"Buchanan St NE, Minneapolis, MN, US",44.9971776001,-93.239982139,6,,,,6,,,false,,,"",Glechoma hederacea,ground-ivy,Plantae,55830,Plantae,Tracheophyta,Magnoliopsida,Lamiales,Lamiaceae,Nepetoideae,Mentheae,Glechoma,Glechoma hederacea
365866535,d820c913-c45f-46ef-9d95-2c18e6556ba7,2026-05-27 17:03:48-05:00,2026-05-27,2026-05-27 22:03:48 UTC,Central Time (US & Canada),9643869,zack96679,Zack Stout,2026-05-27 22:04:58 UTC,2026-05-27 22:06:07 UTC,casual,CC-BY-NC,https://www.inaturalist.org/observations/365866535,https://inaturalist-open-data.s3.amazonaws.com/photos/668015826/medium.jpg,,"","",0,0,true,3,"Buchanan St NE, Minneapolis, MN, US",44.9971776001,-93.239982139,6,,,,6,,,false,,,"",Heuchera,alumroots,Plantae,48385,Plantae,Tracheophyta,Magnoliopsida,Saxifragales,Saxifragaceae,,Heuchereae,Heuchera,
365866924,f3927f3a-bd3c-4631-aeaa-bf90ad5e8769,2026-05-27 17:04:33-05:00,2026-05-27,2026-05-27 22:04:33 UTC,Central Time (US & Canada),9643869,zack96679,Zack Stout,2026-05-27 22:06:08 UTC,2026-05-27 22:06:22 UTC,casual,CC-BY-NC,https://www.inaturalist.org/observations/365866924,https://inaturalist-open-data.s3.amazonaws.com/photos/668015932/medium.jpg,,"","",0,0,true,3,"Buchanan St NE, Minneapolis, MN, US",44.9971776001,-93.239982139,6,,,,6,,,false,,,"",Baptisia,wild indigos,Plantae,51723,Plantae,Tracheophyta,Magnoliopsida,Fabales,Fabaceae,Faboideae,Sophoreae,Baptisia,
365866973,5667430a-be0f-4856-9112-66dfe8737564,2026-05-27 17:05:28-05:00,2026-05-27,2026-05-27 22:05:28 UTC,Central Time (US & Canada),9643869,zack96679,Zack Stout,2026-05-27 22:06:23 UTC,2026-05-28 23:50:09 UTC,casual,CC-BY-NC,https://www.inaturalist.org/observations/365866973,https://inaturalist-open-data.s3.amazonaws.com/photos/668015992/medium.jpg,,"","",1,0,true,3,"Buchanan St NE, Minneapolis, MN, US",44.9971776001,-93.239982139,6,,,,6,,open,false,,,tall blue wild indigo,Baptisia australis,tall blue wild indigo,Plantae,83902,Plantae,Tracheophyta,Magnoliopsida,Fabales,Fabaceae,Faboideae,Sophoreae,Baptisia,Baptisia australis
365867071,5ac86829-e009-4ef4-983c-cf17d8019ab4,2026-05-27 17:05:54-05:00,2026-05-27,2026-05-27 22:05:54 UTC,Central Time (US & Canada),9643869,zack96679,Zack Stout,2026-05-27 22:06:53 UTC,2026-05-27 22:06:59 UTC,needs_id,CC-BY-NC,https://www.inaturalist.org/observations/365867071,https://inaturalist-open-data.s3.amazonaws.com/photos/668016162/medium.jpg,,"","",0,0,false,3,"Buchanan St NE, Minneapolis, MN, US",44.9971776001,-93.239982139,6,,,,6,,,false,,,"",Amsonia,bluestars,Plantae,71965,Plantae,Tracheophyta,Magnoliopsida,Gentianales,Apocynaceae,Rauvolfioideae,Amsonieae,Amsonia,
365867101,c5c69ba9-e731-4507-97d2-cab1fdd628f7,2026-05-27 17:06:22-05:00,2026-05-27,2026-05-27 22:06:22 UTC,Central Time (US & Canada),9643869,zack96679,Zack Stout,2026-05-27 22:07:00 UTC,2026-05-27 22:07:05 UTC,needs_id,CC-BY-NC,https://www.inaturalist.org/observations/365867101,https://inaturalist-open-data.s3.amazonaws.com/photos/668016204/medium.jpg,,"","",0,0,false,3,"Buchanan St NE, Minneapolis, MN, US",44.9971776001,-93.239982139,6,,,,6,,open,false,,,"",Quercus alba,white oak,Plantae,54779,Plantae,Tracheophyta,Magnoliopsida,Fagales,Fagaceae,,,Quercus,Quercus alba
365867130,ee116aff-8a18-41e6-b25a-de0afe71b770,2026-05-27 17:06:43-05:00,2026-05-27,2026-05-27 22:06:43 UTC,Central Time (US & Canada),9643869,zack96679,Zack Stout,2026-05-27 22:07:07 UTC,2026-05-28 23:50:01 UTC,casual,CC-BY-NC,https://www.inaturalist.org/observations/365867130,https://inaturalist-open-data.s3.amazonaws.com/photos/668016257/medium.jpg,,"","",1,0,true,3,"Buchanan St NE, Minneapolis, MN, US",44.9971776001,-93.239982139,6,,,,6,,,false,,,Iris × hybrida,Iris × hybrida,,Plantae,857006,Plantae,Tracheophyta,Liliopsida,Asparagales,Iridaceae,Iridoideae,Irideae,Iris,
365867281,e695d91f-ac11-48c0-bfa8-c2dc1c23b95a,2026-05-27 17:07:11-05:00,2026-05-27,2026-05-27 22:07:11 UTC,Central Time (US & Canada),9643869,zack96679,Zack Stout,2026-05-27 22:07:26 UTC,2026-05-27 22:07:34 UTC,needs_id,CC-BY-NC,https://www.inaturalist.org/observations/365867281,https://inaturalist-open-data.s3.amazonaws.com/photos/668016453/medium.jpg,,"","",0,0,false,3,"Buchanan St NE, Minneapolis, MN, US",44.9971776001,-93.239982139,6,,,,6,,,false,,,"",Salix integra,dappled willow,Plantae,553036,Plantae,Tracheophyta,Magnoliopsida,Malpighiales,Salicaceae,,,Salix,Salix integra
365867407,e03b3362-6f4c-4d8d-9134-06aa3ad9bda1,2026-05-27 17:07:42-05:00,2026-05-27,2026-05-27 22:07:42 UTC,Central Time (US & Canada),9643869,zack96679,Zack Stout,2026-05-27 22:07:49 UTC,2026-05-27 22:20:40 UTC,research,CC-BY-NC,https://www.inaturalist.org/observations/365867407,https://inaturalist-open-data.s3.amazonaws.com/photos/668016610/medium.jpg,,"","",1,0,false,3,"Buchanan St NE, Minneapolis, MN, US",44.9971865215,-93.2400146039,136,,,,136,,open,false,,,box elder,Acer negundo,boxelder,Plantae,47726,Plantae,Tracheophyta,Magnoliopsida,Sapindales,Sapindaceae,,,Acer,Acer negundo
365867474,f6d2ba2b-baa0-4666-949c-0fd34d32162c,2026-05-27 17:08:05-05:00,2026-05-27,2026-05-27 22:08:05 UTC,Central Time (US & Canada),9643869,zack96679,Zack Stout,2026-05-27 22:08:13 UTC,2026-05-28 23:49:53 UTC,research,CC-BY-NC,https://www.inaturalist.org/observations/365867474,https://inaturalist-open-data.s3.amazonaws.com/photos/668016958/medium.jpg,,"","",1,0,false,3,"Buchanan St NE, Minneapolis, MN, US",44.9971776001,-93.239982139,6,,,,6,,,false,,,creeping thistle,Cirsium arvense,creeping thistle,Plantae,60132,Plantae,Tracheophyta,Magnoliopsida,Asterales,Asteraceae,Carduoideae,Cardueae,Cirsium,Cirsium arvense
365867605,95b8b2d4-7aad-48b2-848c-19979157bda1,2026-05-27 17:08:36-05:00,2026-05-27,2026-05-27 22:08:36 UTC,Central Time (US & Canada),9643869,zack96679,Zack Stout,2026-05-27 22:08:49 UTC,2026-05-28 02:52:05 UTC,research,CC-BY-NC,https://www.inaturalist.org/observations/365867605,https://inaturalist-open-data.s3.amazonaws.com/photos/668016997/medium.jpg,,"","",1,0,false,3,"Buchanan St NE, Minneapolis, MN, US",44.9971776001,-93.239982139,6,,,,6,,,false,,,curled dock,Rumex crispus,curly dock,Plantae,53197,Plantae,Tracheophyta,Magnoliopsida,Caryophyllales,Polygonaceae,Polygonoideae,Rumiceae,Rumex,Rumex crispus
365867659,818abe64-1016-4ede-82d7-5889ce57b67b,2026-05-27 17:09:00-05:00,2026-05-27,2026-05-27 22:09:00 UTC,Central Time (US & Canada),9643869,zack96679,Zack Stout,2026-05-27 22:09:06 UTC,2026-05-28 02:52:00 UTC,research,CC-BY-NC,https://www.inaturalist.org/observations/365867659,https://inaturalist-open-data.s3.amazonaws.com/photos/668017119/medium.jpg,,"","",1,0,false,3,"Buchanan St NE, Minneapolis, MN, US",44.9971776001,-93.239982139,6,,,,6,,,false,,,slender stinging nettle,Urtica gracilis,slender stinging nettle,Plantae,141854,Plantae,Tracheophyta,Magnoliopsida,Rosales,Urticaceae,,Urticeae,Urtica,Urtica gracilis
365868616,91be0443-e144-4938-8650-47628c5d9a12,2026-05-27 17:12:55-05:00,2026-05-27,2026-05-27 22:12:55 UTC,Central Time (US & Canada),9643869,zack96679,Zack Stout,2026-05-27 22:13:00 UTC,2026-05-28 02:51:51 UTC,research,CC-BY-NC,https://www.inaturalist.org/observations/365868616,https://inaturalist-open-data.s3.amazonaws.com/photos/668018882/medium.jpg,,"","",2,0,false,3,"Buchanan St NE, Minneapolis, MN, US",44.9971779764,-93.2400534451,108,,,,108,,,false,,,slender stinging nettle,Urtica gracilis,slender stinging nettle,Plantae,141854,Plantae,Tracheophyta,Magnoliopsida,Rosales,Urticaceae,,Urticeae,Urtica,Urtica gracilis
365879694,55a4857d-07a0-4a4b-be33-d440ce56c637,2026-05-27 17:58:03-05:00,2026-05-27,2026-05-27 22:58:03 UTC,Central Time (US & Canada),9643869,zack96679,Zack Stout,2026-05-27 22:58:09 UTC,2026-05-27 22:58:15 UTC,casual,CC-BY-NC,https://www.inaturalist.org/observations/365879694,https://inaturalist-open-data.s3.amazonaws.com/photos/668040182/medium.jpg,,"","",0,0,true,3,"Buchanan St NE, Minneapolis, MN, US",44.9971288444,-93.2400673088,3,,,,3,,,false,,,"",Aquilegia,columbines,Plantae,48245,Plantae,Tracheophyta,Magnoliopsida,Ranunculales,Ranunculaceae,Thalictroideae,,Aquilegia,
365910644,18f6c926-3668-489a-a9cb-ebbb00df6c82,2026-05-27 20:24:29-05:00,2026-05-27,2026-05-28 01:24:29 UTC,Central Time (US & Canada),9643869,zack96679,Zack Stout,2026-05-28 01:24:38 UTC,2026-05-28 16:07:49 UTC,research,CC-BY-NC,https://www.inaturalist.org/observations/365910644,https://inaturalist-open-data.s3.amazonaws.com/photos/668103218/medium.jpg,,"","",1,0,false,3,"Buchanan St NE, Minneapolis, MN, US",44.9971776001,-93.239982139,6,,,,6,,,false,,,Goutweed,Aegopodium podagraria,Goutweed,Plantae,51741,Plantae,Tracheophyta,Magnoliopsida,Apiales,Apiaceae,Apioideae,Careae,Aegopodium,Aegopodium podagraria
365910720,a6f76f6d-b0cb-4e63-8e01-b1daf5fb9bee,2026-05-27 20:24:51-05:00,2026-05-27,2026-05-28 01:24:51 UTC,Central Time (US & Canada),9643869,zack96679,Zack Stout,2026-05-28 01:25:03 UTC,2026-05-28 01:25:07 UTC,needs_id,CC-BY-NC,https://www.inaturalist.org/observations/365910720,https://inaturalist-open-data.s3.amazonaws.com/photos/668103408/medium.jpg,,"","",0,0,false,3,"Buchanan St NE, Minneapolis, MN, US",44.9971776001,-93.239982139,6,,,,6,,open,false,,,"",Ageratina altissima,white snakeroot,Plantae,119048,Plantae,Tracheophyta,Magnoliopsida,Asterales,Asteraceae,Asteroideae,Eupatorieae,Ageratina,Ageratina altissima
365910775,b340788c-1f55-4c74-8e6f-407b9115e389,2026-05-27 20:25:12-05:00,2026-05-27,2026-05-28 01:25:12 UTC,Central Time (US & Canada),9643869,zack96679,Zack Stout,2026-05-28 01:25:19 UTC,2026-05-28 01:55:36 UTC,research,CC-BY-NC,https://www.inaturalist.org/observations/365910775,https://inaturalist-open-data.s3.amazonaws.com/photos/668103540/medium.jpg,,"","",1,0,false,3,"Buchanan St NE, Minneapolis, MN, US",44.9971776001,-93.239982139,6,,,,6,,,false,,,Aunt Lucy,Ellisia nyctelea,Aunt Lucy,Plantae,157239,Plantae,Tracheophyta,Magnoliopsida,Boraginales,Boraginaceae,Hydrophylloideae,,Ellisia,Ellisia nyctelea
366114321,ab6ad0c1-6b5d-4a1c-b72c-ba9d1377a5ef,2026-05-28 13:44:20-05:00,2026-05-28,2026-05-28 18:44:20 UTC,Central Time (US & Canada),9643869,zack96679,Zack Stout,2026-05-28 18:44:27 UTC,2026-05-30 01:47:20 UTC,research,CC-BY-NC,https://www.inaturalist.org/observations/366114321,https://inaturalist-open-data.s3.amazonaws.com/photos/668489819/medium.jpg,,"","",1,0,false,3,"Buchanan St NE, Minneapolis, MN, US",44.9971623995,-93.2400639262,18,,,,18,,,false,,,cup plant,Silphium perfoliatum,cup plant,Plantae,81599,Plantae,Tracheophyta,Magnoliopsida,Asterales,Asteraceae,Asteroideae,Heliantheae,Silphium,Silphium perfoliatum
366123200,65c578a8-2544-43f6-a9d2-b10a6b1b6a47,2026-05-28 14:14:23-05:00,2026-05-28,2026-05-28 19:14:23 UTC,Central Time (US & Canada),9643869,zack96679,Zack Stout,2026-05-28 19:14:51 UTC,2026-05-28 19:33:51 UTC,needs_id,CC-BY-NC,https://www.inaturalist.org/observations/366123200,https://inaturalist-open-data.s3.amazonaws.com/photos/668516011/medium.jpg,,"","",0,0,false,3,"Buchanan St NE, Minneapolis, MN, US",44.9971781379,-93.2399829737,6,,,,6,,,false,,,"",Solidago canadensis,Canada goldenrod,Plantae,67808,Plantae,Tracheophyta,Magnoliopsida,Asterales,Asteraceae,Asteroideae,Astereae,Solidago,Solidago canadensis
366128529,3bcc113f-6a3a-4b6b-bedc-7537aa5655e3,2026-05-28 14:14:59-05:00,2026-05-28,2026-05-28 19:14:59 UTC,Central Time (US & Canada),9643869,zack96679,Zack Stout,2026-05-28 19:33:53 UTC,2026-05-28 19:33:59 UTC,needs_id,CC-BY-NC,https://www.inaturalist.org/observations/366128529,https://inaturalist-open-data.s3.amazonaws.com/photos/668516070/medium.jpg,,"","",0,0,false,3,"Buchanan St NE, Minneapolis, MN, US",44.9971589636,-93.2398554932,25,,,,25,,,false,,,"",Silphium,Rosinweeds,Plantae,54006,Plantae,Tracheophyta,Magnoliopsida,Asterales,Asteraceae,Asteroideae,Heliantheae,Silphium,
366190373,c3e48858-ee54-48e3-a9c3-4db40b6124fb,2026-05-28 18:43:33-05:00,2026-05-28,2026-05-28 23:43:33 UTC,Central Time (US & Canada),9643869,zack96679,Zack Stout,2026-05-28 23:43:38 UTC,2026-05-29 00:26:33 UTC,needs_id,CC-BY-NC,https://www.inaturalist.org/observations/366190373,https://inaturalist-open-data.s3.amazonaws.com/photos/668652638/medium.jpg,,"","",0,0,false,3,"Buchanan St NE, Minneapolis, MN, US",44.9971974941,-93.2399393483,13,,,,13,,,false,,,"",Physocarpus,ninebarks,Plantae,57251,Plantae,Tracheophyta,Magnoliopsida,Rosales,Rosaceae,Amygdaloideae,Neillieae,Physocarpus,
366193089,7757b97a-8f78-48c5-b5a1-cf28a8478017,2026-05-28 18:56:49-05:00,2026-05-28,2026-05-28 23:56:49 UTC,Central Time (US & Canada),9643869,zack96679,Zack Stout,2026-05-28 23:57:12 UTC,2026-05-29 00:24:32 UTC,needs_id,CC-BY-NC,https://www.inaturalist.org/observations/366193089,https://inaturalist-open-data.s3.amazonaws.com/photos/668651683/medium.jpg,,"","",0,0,false,3,"Buchanan St NE, Minneapolis, MN, US",44.9971600455,-93.2398532791,25,,,,25,,,false,,,"",Campanula,bellflowers,Plantae,48596,Plantae,Tracheophyta,Magnoliopsida,Asterales,Campanulaceae,Campanuloideae,,Campanula,
366198635,d768715d-1c3d-4a0e-8557-4807a14fdc69,2026-05-28 19:21:35-05:00,2026-05-28,2026-05-29 00:21:35 UTC,Central Time (US & Canada),9643869,zack96679,Zack Stout,2026-05-29 00:24:32 UTC,2026-05-29 00:24:39 UTC,needs_id,CC-BY-NC,https://www.inaturalist.org/observations/366198635,https://inaturalist-open-data.s3.amazonaws.com/photos/668651711/medium.jpg,,"","",0,0,false,3,"Buchanan St NE, Minneapolis, MN, US",44.9971597245,-93.2398579874,34,,,,34,,,false,,,"",Salix,Willows,Plantae,53453,Plantae,Tracheophyta,Magnoliopsida,Malpighiales,Salicaceae,,,Salix,
366198717,16e8c543-5a2a-4252-9470-c2f631bcea42,2026-05-28 19:24:35-05:00,2026-05-28,2026-05-29 00:24:35 UTC,Central Time (US & Canada),9643869,zack96679,Zack Stout,2026-05-29 00:24:55 UTC,2026-05-30 01:47:28 UTC,research,CC-BY-NC,https://www.inaturalist.org/observations/366198717,https://inaturalist-open-data.s3.amazonaws.com/photos/668652122/medium.jpg,,"","",1,0,false,3,"Buchanan St NE, Minneapolis, MN, US",44.9971737401,-93.2400108672,16,,,,16,,,false,,,slender stinging nettle,Urtica gracilis,slender stinging nettle,Plantae,141854,Plantae,Tracheophyta,Magnoliopsida,Rosales,Urticaceae,,Urticeae,Urtica,Urtica gracilis
366199095,c25faece-c9d9-4777-a0b3-75b541cbf56b,2026-05-28 19:25:00-05:00,2026-05-28,2026-05-29 00:25:00 UTC,Central Time (US & Canada),9643869,zack96679,Zack Stout,2026-05-29 00:26:34 UTC,2026-06-12 01:24:36 UTC,research,CC-BY-NC,https://www.inaturalist.org/observations/366199095,https://inaturalist-open-data.s3.amazonaws.com/photos/668652722/medium.jpg,,"","",1,0,false,3,"Buchanan St NE, Minneapolis, MN, US",44.9971779357,-93.2399832876,6,,,,6,,,false,,,Asian Bleeding-heart,Lamprocapnos spectabilis,Asian Bleeding-heart,Plantae,204340,Plantae,Tracheophyta,Magnoliopsida,Ranunculales,Papaveraceae,Fumarioideae,Lamprocapneae,Lamprocapnos,Lamprocapnos spectabilis
366199124,9680f4b9-b721-4a85-b2d9-c5b281b4d934,2026-05-28 19:25:34-05:00,2026-05-28,2026-05-29 00:25:34 UTC,Central Time (US & Canada),9643869,zack96679,Zack Stout,2026-05-29 00:26:45 UTC,2026-05-29 00:26:56 UTC,casual,CC-BY-NC,https://www.inaturalist.org/observations/366199124,https://inaturalist-open-data.s3.amazonaws.com/photos/668652812/medium.jpg,,"","",0,0,true,3,"Buchanan St NE, Minneapolis, MN, US",44.9971595951,-93.2400147984,21,,,,21,,,false,,,"",Paeonia,Peonies,Plantae,58228,Plantae,Tracheophyta,Magnoliopsida,Saxifragales,Paeoniaceae,,,Paeonia,
366199189,0f96140c-3626-4d25-88f8-b0ce347f8fa2,2026-05-28 19:26:10-05:00,2026-05-28,2026-05-29 00:26:10 UTC,Central Time (US & Canada),9643869,zack96679,Zack Stout,2026-05-29 00:27:04 UTC,2026-05-29 01:27:03 UTC,needs_id,CC-BY-NC,https://www.inaturalist.org/observations/366199189,https://inaturalist-open-data.s3.amazonaws.com/photos/668652937/medium.jpg,,"","",0,0,false,3,"Buchanan St NE, Minneapolis, MN, US",44.9971779357,-93.2399832876,6,,,,6,,,false,,,"",Aegopodium podagraria,Goutweed,Plantae,51741,Plantae,Tracheophyta,Magnoliopsida,Apiales,Apiaceae,Apioideae,Careae,Aegopodium,Aegopodium podagraria
366199212,ac045005-ef9b-4b9b-b536-71cf979a96c5,2026-05-28 19:26:53-05:00,2026-05-28,2026-05-29 00:26:53 UTC,Central Time (US & Canada),9643869,zack96679,Zack Stout,2026-05-29 00:27:11 UTC,2026-05-29 01:27:16 UTC,casual,CC-BY-NC,https://www.inaturalist.org/observations/366199212,https://inaturalist-open-data.s3.amazonaws.com/photos/668652992/medium.jpg,,"","",0,0,true,3,"Buchanan St NE, Minneapolis, MN, US",44.9971412426,-93.2398377768,21,,,,21,,,false,,,"",Hydrangea,hydrangeas,Plantae,83157,Plantae,Tracheophyta,Magnoliopsida,Cornales,Hydrangeaceae,,,Hydrangea,
366199491,76b25089-deb6-4271-8d03-9fa220e140b2,2026-05-28 19:27:15-05:00,2026-05-28,2026-05-29 00:27:15 UTC,Central Time (US & Canada),9643869,zack96679,Zack Stout,2026-05-29 00:28:39 UTC,2026-05-29 01:28:04 UTC,needs_id,CC-BY-NC,https://www.inaturalist.org/observations/366199491,https://inaturalist-open-data.s3.amazonaws.com/photos/668653710/medium.jpg,,"","",0,0,false,3,"Buchanan St NE, Minneapolis, MN, US",44.9971779357,-93.2399832876,6,,,,6,,,false,,,"",Bromus,bromes,Plantae,52701,Plantae,Tracheophyta,Liliopsida,Poales,Poaceae,Pooideae,Bromeae,Bromus,
366199509,ed94ef67-afe1-4316-b95f-cbc70b853369,2026-05-28 19:28:23-05:00,2026-05-28,2026-05-29 00:28:23 UTC,Central Time (US & Canada),9643869,zack96679,Zack Stout,2026-05-29 00:28:45 UTC,2026-05-29 01:28:13 UTC,needs_id,CC-BY-NC,https://www.inaturalist.org/observations/366199509,https://inaturalist-open-data.s3.amazonaws.com/photos/668676764/medium.jpg,,"","",0,0,false,3,"Hennepin County, US-MN, US",44.9971779357,-93.2399832876,6,,,,6,,,false,,,"",Rudbeckia,black-eyed Susans and coneflowers,Plantae,62742,Plantae,Tracheophyta,Magnoliopsida,Asterales,Asteraceae,Asteroideae,Heliantheae,Rudbeckia,
366211969,27f56f32-5ea6-457c-ae85-16ec3ff8e49a,2026-05-28 19:28:33-05:00,2026-05-28,2026-05-29 00:28:33 UTC,Central Time (US & Canada),9643869,zack96679,Zack Stout,2026-05-29 01:27:08 UTC,2026-05-29 01:28:24 UTC,casual,CC-BY-NC,https://www.inaturalist.org/observations/366211969,https://inaturalist-open-data.s3.amazonaws.com/photos/668676796/medium.jpg,,"","",0,0,true,3,"Hennepin County, US-MN, US",44.9971779357,-93.2399832876,6,,,,6,,,false,,,"",Polygonateae,true and false Solomon's seals,Plantae,1415174,Plantae,Tracheophyta,Liliopsida,Asparagales,Asparagaceae,Nolinoideae,Polygonateae,,
366378131,d5a19e21-f5d8-4163-9352-6b0b8cdeece7,2026-05-29 11:35:07-05:00,2026-05-29,2026-05-29 16:35:07 UTC,Central Time (US & Canada),9643869,zack96679,Zack Stout,2026-05-29 16:35:12 UTC,2026-05-29 16:35:16 UTC,needs_id,CC-BY-NC,https://www.inaturalist.org/observations/366378131,https://inaturalist-open-data.s3.amazonaws.com/photos/668993250/medium.jpg,,"","",0,0,false,3,"Buchanan St NE, Minneapolis, MN, US",44.9971779717,-93.2399835227,6,,,,6,,,false,,,"",Rudbeckia,black-eyed Susans and coneflowers,Plantae,62742,Plantae,Tracheophyta,Magnoliopsida,Asterales,Asteraceae,Asteroideae,Heliantheae,Rudbeckia,
366378337,5c23a324-31b5-4760-bb17-818e35c66e22,2026-05-29 11:35:24-05:00,2026-05-29,2026-05-29 16:35:24 UTC,Central Time (US & Canada),9643869,zack96679,Zack Stout,2026-05-29 16:36:07 UTC,2026-05-30 02:32:59 UTC,research,CC-BY-NC,https://www.inaturalist.org/observations/366378337,https://inaturalist-open-data.s3.amazonaws.com/photos/668993776/medium.jpg,,"","",1,0,false,3,"Buchanan St NE, Minneapolis, MN, US",44.9971779717,-93.2399835227,6,,,,6,,,false,,,cup plant,Silphium perfoliatum,cup plant,Plantae,81599,Plantae,Tracheophyta,Magnoliopsida,Asterales,Asteraceae,Asteroideae,Heliantheae,Silphium,Silphium perfoliatum
366378409,b04e3b80-84f6-4622-8b0b-b4246086a939,2026-05-29 11:36:15-05:00,2026-05-29,2026-05-29 16:36:15 UTC,Central Time (US & Canada),9643869,zack96679,Zack Stout,2026-05-29 16:36:21 UTC,2026-05-30 16:20:53 UTC,research,CC-BY-NC,https://www.inaturalist.org/observations/366378409,https://inaturalist-open-data.s3.amazonaws.com/photos/669012859/medium.jpg,,"","",1,0,false,3,"Buchanan St NE, Minneapolis, MN, US",44.9971636163,-93.2400506434,15,,,,15,,,false,,,slender stinging nettle,Urtica gracilis,slender stinging nettle,Plantae,141854,Plantae,Tracheophyta,Magnoliopsida,Rosales,Urticaceae,,Urticeae,Urtica,Urtica gracilis
366469939,88ff58c2-1c14-4b0b-a2c8-8e6dfcf01eef,2026-05-29 15:56:18-05:00,2026-05-29,2026-05-29 20:56:18 UTC,Central Time (US & Canada),9643869,zack96679,Zack Stout,2026-05-29 22:07:41 UTC,2026-05-29 22:07:50 UTC,casual,CC-BY-NC,https://www.inaturalist.org/observations/366469939,https://inaturalist-open-data.s3.amazonaws.com/photos/669168130/medium.jpg,,"","",0,0,true,3,"Buchanan St NE, Minneapolis, MN, US",44.9971510043,-93.2399127201,14,,,,14,,,false,,,"",Catharanthus,Periwinkle,Plantae,62926,Plantae,Tracheophyta,Magnoliopsida,Gentianales,Apocynaceae,Rauvolfioideae,Vinceae,Catharanthus,
366470013,a93f613a-c6ea-4587-bfe8-2c15623d4993,2026-05-29 17:07:52-05:00,2026-05-29,2026-05-29 22:07:52 UTC,Central Time (US & Canada),9643869,zack96679,Zack Stout,2026-05-29 22:08:01 UTC,2026-05-29 22:08:25 UTC,casual,CC-BY-NC,https://www.inaturalist.org/observations/366470013,https://inaturalist-open-data.s3.amazonaws.com/photos/669168370/medium.jpg,,"","",0,0,true,3,"Buchanan St NE, Minneapolis, MN, US",44.9971591656,-93.2398651499,17,,,,17,,,false,,,"",Iris,Irises,Plantae,47780,Plantae,Tracheophyta,Liliopsida,Asparagales,Iridaceae,Iridoideae,Irideae,Iris,
366470122,2e2a596f-2816-4c79-9a72-997be0dba825,2026-05-29 17:08:20-05:00,2026-05-29,2026-05-29 22:08:20 UTC,Central Time (US & Canada),9643869,zack96679,Zack Stout,2026-05-29 22:08:29 UTC,2026-05-30 20:48:05 UTC,casual,CC-BY-NC,https://www.inaturalist.org/observations/366470122,https://inaturalist-open-data.s3.amazonaws.com/photos/669189564/medium.jpg,,"","",0,0,true,3,"Buchanan St NE, Minneapolis, MN, US",44.9971779357,-93.2399832876,6,,,,6,,,false,,,"",Hemerocallis fulva,orange day-lily,Plantae,126583,Plantae,Tracheophyta,Liliopsida,Asparagales,Asphodelaceae,Hemerocallidoideae,,Hemerocallis,Hemerocallis fulva
366480532,ba4db3e3-9c7e-4771-8443-561b9e2dbe65,2026-05-29 17:53:05-05:00,2026-05-29,2026-05-29 22:53:05 UTC,Central Time (US & Canada),9643869,zack96679,Zack Stout,2026-05-29 22:53:34 UTC,2026-05-29 22:53:39 UTC,casual,CC-BY-NC,https://www.inaturalist.org/observations/366480532,https://inaturalist-open-data.s3.amazonaws.com/photos/669189633/medium.jpg,,"","",0,0,true,3,"Buchanan St NE, Minneapolis, MN, US",44.9971779357,-93.2399832876,6,,,,6,,,false,,,"",Iris,Irises,Plantae,47780,Plantae,Tracheophyta,Liliopsida,Asparagales,Iridaceae,Iridoideae,Irideae,Iris,
366502713,36286584-b620-4932-a08c-3c14dbbb83ba,2026-05-29 19:35:22-05:00,2026-05-29,2026-05-30 00:35:22 UTC,Central Time (US & Canada),9643869,zack96679,Zack Stout,2026-05-30 00:35:29 UTC,2026-05-30 06:48:18 UTC,research,CC-BY-NC,https://www.inaturalist.org/observations/366502713,https://inaturalist-open-data.s3.amazonaws.com/photos/669233157/medium.jpg,,"","",1,0,false,3,"Pierce St NE, Minneapolis, MN, US",44.9926298791,-93.2412870232,6,,,,6,,open,false,,,box elder,Acer negundo,boxelder,Plantae,47726,Plantae,Tracheophyta,Magnoliopsida,Sapindales,Sapindaceae,,,Acer,Acer negundo
366502782,bfd84e60-299e-4891-ab5b-10c2fa95f8bb,2026-05-29 19:35:37-05:00,2026-05-29,2026-05-30 00:35:37 UTC,Central Time (US & Canada),9643869,zack96679,Zack Stout,2026-05-30 00:35:52 UTC,2026-05-30 00:36:02 UTC,needs_id,CC-BY-NC,https://www.inaturalist.org/observations/366502782,https://inaturalist-open-data.s3.amazonaws.com/photos/669233318/medium.jpg,,"","",0,0,false,3,"Pierce St NE, Minneapolis, MN, US",44.9927378084,-93.2411136735,74,,,,74,,,false,,,"",Parthenocissus,Virginia Creepers,Plantae,50280,Plantae,Tracheophyta,Magnoliopsida,Vitales,Vitaceae,,,Parthenocissus,
366518049,1b13fa78-ca3c-450a-a7ee-cced6c37b59e,2026-05-29 20:46:25-05:00,2026-05-29,2026-05-30 01:46:25 UTC,Central Time (US & Canada),9643869,zack96679,Zack Stout,2026-05-30 01:46:47 UTC,2026-06-03 00:06:20 UTC,research,CC-BY-NC,https://www.inaturalist.org/observations/366518049,https://inaturalist-open-data.s3.amazonaws.com/photos/669263579/medium.jpg,,"","",1,0,false,3,"Floodwood, MN, US",47.0395544047,-92.9631817771,1973396,,,,1973396,,,false,,,Creeping Bellflower,Campanula rapunculoides,Creeping Bellflower,Plantae,85321,Plantae,Tracheophyta,Magnoliopsida,Asterales,Campanulaceae,Campanuloideae,,Campanula,Campanula rapunculoides
366713940,8054cf30-57a7-4dfd-bf29-b4524e59f56f,2026-05-30 11:48:36-05:00,2026-05-30,2026-05-30 16:48:36 UTC,Central Time (US & Canada),9643869,zack96679,Zack Stout,2026-05-30 16:49:04 UTC,2026-05-30 16:49:09 UTC,casual,CC-BY-NC,https://www.inaturalist.org/observations/366713940,https://inaturalist-open-data.s3.amazonaws.com/photos/669625392/medium.jpg,,"","",0,0,true,3,"Buchanan St NE, Minneapolis, MN, US",44.9971762309,-93.2399839213,6,,,,6,,,false,,,"",Salvia nemorosa,Purple Wood Sage,Plantae,168387,Plantae,Tracheophyta,Magnoliopsida,Lamiales,Lamiaceae,Nepetoideae,Mentheae,Salvia,Salvia nemorosa
366822910,765900cc-4032-42d8-9fa7-7f75c0d3ff89,2026-05-30 17:07:19-05:00,2026-05-30,2026-05-30 22:07:19 UTC,Central Time (US & Canada),9643869,zack96679,Zack Stout,2026-05-30 22:07:27 UTC,2026-06-11 13:36:32 UTC,research,CC-BY-NC,https://www.inaturalist.org/observations/366822910,https://inaturalist-open-data.s3.amazonaws.com/photos/671234429/medium.jpg,,"","",1,0,false,3,"NE Marshall St, Minneapolis, MN, US",45.0162607997,-93.271837561,326,,,,326,,open,false,,,eastern white pine,Pinus strobus,eastern white pine,Plantae,52391,Plantae,Tracheophyta,Pinopsida,Pinales,Pinaceae,Pinoideae,,Pinus,Pinus strobus
367552460,9bab36fb-8cd3-435b-a7be-7c48c99b777c,2026-06-01 17:04:02-05:00,2026-06-01,2026-06-01 22:04:02 UTC,Central Time (US & Canada),9643869,zack96679,Zack Stout,2026-06-01 22:04:59 UTC,2026-06-01 22:05:35 UTC,casual,CC-BY-NC,https://www.inaturalist.org/observations/367552460,https://inaturalist-open-data.s3.amazonaws.com/photos/671234464/medium.jpg,,"","",0,0,true,3,"Buchanan St NE, Minneapolis, MN, US",44.9971509081,-93.240268437,15,,,,15,,,false,,,"",Rosa,roses,Plantae,53438,Plantae,Tracheophyta,Magnoliopsida,Rosales,Rosaceae,Rosoideae,Roseae,Rosa,
367552658,de9fffab-e162-44a2-bfcd-955b8d7317c0,2026-06-01 17:05:07-05:00,2026-06-01,2026-06-01 22:05:07 UTC,Central Time (US & Canada),9643869,zack96679,Zack Stout,2026-06-01 22:05:36 UTC,2026-06-01 22:05:42 UTC,needs_id,CC-BY-NC,https://www.inaturalist.org/observations/367552658,https://inaturalist-open-data.s3.amazonaws.com/photos/671234509/medium.jpg,,"","",0,0,false,3,"Buchanan St NE, Minneapolis, MN, US",44.9971762897,-93.2399840194,6,,,,6,,,false,,,"",Rosa,roses,Plantae,53438,Plantae,Tracheophyta,Magnoliopsida,Rosales,Rosaceae,Rosoideae,Roseae,Rosa,
367552735,a7103859-c672-4ea6-9495-7265083b16fe,2026-06-01 17:05:53-05:00,2026-06-01,2026-06-01 22:05:53 UTC,Central Time (US & Canada),9643869,zack96679,Zack Stout,2026-06-01 22:06:00 UTC,2026-06-12 15:31:50 UTC,research,CC-BY-NC,https://www.inaturalist.org/observations/367552735,https://inaturalist-open-data.s3.amazonaws.com/photos/671234694/medium.jpg,,"","",1,0,false,3,"Buchanan St NE, Minneapolis, MN, US",44.9971858717,-93.2400002795,11,,,,11,,,false,,,common soapwort,Saponaria officinalis,common soapwort,Plantae,56154,Plantae,Tracheophyta,Magnoliopsida,Caryophyllales,Caryophyllaceae,Caryophylloideae,Caryophylleae,Saponaria,Saponaria officinalis
367552808,04518af1-5c49-4466-a10d-8bf7c0c41ad5,2026-06-01 17:06:14-05:00,2026-06-01,2026-06-01 22:06:14 UTC,Central Time (US & Canada),9643869,zack96679,Zack Stout,2026-06-01 22:06:21 UTC,2026-06-01 22:39:01 UTC,needs_id,CC-BY-NC,https://www.inaturalist.org/observations/367552808,https://inaturalist-open-data.s3.amazonaws.com/photos/671250669/medium.jpg,,"","",0,0,false,3,"Buchanan St NE, Minneapolis, MN, US",44.9971938002,-93.2400708339,8,,,,8,,,false,,,"",Solidago,goldenrods,Plantae,48678,Plantae,Tracheophyta,Magnoliopsida,Asterales,Asteraceae,Asteroideae,Astereae,Solidago,
367560225,384d2296-372f-4ab5-a337-9623485de405,2026-06-01 17:38:51-05:00,2026-06-01,2026-06-01 22:38:51 UTC,Central Time (US & Canada),9643869,zack96679,Zack Stout,2026-06-01 22:39:01 UTC,2026-06-01 23:17:57 UTC,needs_id,CC-BY-NC,https://www.inaturalist.org/observations/367560225,https://inaturalist-open-data.s3.amazonaws.com/photos/671267872/medium.jpg,,"","",0,0,false,3,"Buchanan St NE, Minneapolis, MN, US",44.9971762897,-93.2399840194,6,,,,6,,,false,,,"",Aristolochia,pipevines and birthworts,Plantae,54464,Plantae,Tracheophyta,Magnoliopsida,Piperales,Aristolochiaceae,Aristolochioideae,,Aristolochia,
367565300,12857506-ed06-4f72-8ec0-99dd748b2082,2026-06-01 18:00:01-05:00,2026-06-01,2026-06-01 23:00:01 UTC,Central Time (US & Canada),9643869,zack96679,Zack Stout,2026-06-01 23:01:31 UTC,2026-06-01 23:18:01 UTC,needs_id,CC-BY-NC,https://www.inaturalist.org/observations/367565300,https://inaturalist-open-data.s3.amazonaws.com/photos/671267901/medium.jpg,,"","",0,0,false,3,"Buchanan St NE, Minneapolis, MN, US",44.9971666569,-93.2399899742,17,,,,17,,,false,,,"",Tradescantia,Spiderworts,Plantae,49145,Plantae,Tracheophyta,Liliopsida,Commelinales,Commelinaceae,Commelinoideae,Tradescantieae,Tradescantia,
367569130,a3f386bb-44bf-4b93-9b02-a64c9eaf6416,2026-06-01 18:17:36-05:00,2026-06-01,2026-06-01 23:17:36 UTC,Central Time (US & Canada),9643869,zack96679,Zack Stout,2026-06-01 23:18:03 UTC,2026-06-12 15:31:41 UTC,needs_id,CC-BY-NC,https://www.inaturalist.org/observations/367569130,https://inaturalist-open-data.s3.amazonaws.com/photos/671280035/medium.jpg,,"","",1,0,false,3,"Buchanan St NE, Minneapolis, MN, US",44.9971314275,-93.2400887796,4,,,,4,,,false,,,Harebell Complex,Campanula rotundifolia,Harebell Complex,Plantae,984576,Plantae,Tracheophyta,Magnoliopsida,Asterales,Campanulaceae,Campanuloideae,,Campanula,
367574983,07a1b64b-8536-493c-b067-2e88c4f72237,2026-06-01 16:50:45-05:00,2026-06-01,2026-06-01 21:50:45 UTC,Central Time (US & Canada),9643869,zack96679,Zack Stout,2026-06-01 23:45:27 UTC,2026-06-12 15:31:30 UTC,research,CC-BY-NC,https://www.inaturalist.org/observations/367574983,https://inaturalist-open-data.s3.amazonaws.com/photos/671279879/medium.jpg,,"","",2,0,false,3,"Grand Rapids, MN, US",47.0881242175,-93.4703998188,1973396,,,,1973396,,open,false,,,Peck's Skipper,Polites peckius,Peck's Skipper,Insecta,133631,Animalia,Arthropoda,Insecta,Lepidoptera,Hesperiidae,Hesperiinae,Hesperiini,Polites,Polites peckius
367575061,52c301e1-a9af-401f-9a7a-2fc500a23c32,2026-06-01 18:45:35-05:00,2026-06-01,2026-06-01 23:45:35 UTC,Central Time (US & Canada),9643869,zack96679,Zack Stout,2026-06-01 23:45:47 UTC,2026-06-01 23:45:53 UTC,casual,CC-BY-NC,https://www.inaturalist.org/observations/367575061,https://inaturalist-open-data.s3.amazonaws.com/photos/671280090/medium.jpg,,"","",0,0,true,3,"Buchanan St NE, Minneapolis, MN, US",44.9971666025,-93.2400125205,19,,,,19,,,false,,,"",Rosa,roses,Plantae,53438,Plantae,Tracheophyta,Magnoliopsida,Rosales,Rosaceae,Rosoideae,Roseae,Rosa,
367575151,0f9898ea-5075-48aa-8c50-3fee5533919f,2026-06-01 18:46:01-05:00,2026-06-01,2026-06-01 23:46:01 UTC,Central Time (US & Canada),9643869,zack96679,Zack Stout,2026-06-01 23:46:15 UTC,2026-06-02 14:17:47 UTC,needs_id,CC-BY-NC,https://www.inaturalist.org/observations/367575151,https://inaturalist-open-data.s3.amazonaws.com/photos/671280384/medium.jpg,,"","",1,0,false,3,"Buchanan St NE, Minneapolis, MN, US",44.9971762897,-93.2399840194,6,,,,6,,,false,,,columbines,Aquilegia,columbines,Plantae,48245,Plantae,Tracheophyta,Magnoliopsida,Ranunculales,Ranunculaceae,Thalictroideae,,Aquilegia,
367579212,d95b8f26-f0e9-46c0-9408-60682b65995b,2026-06-01 19:02:44-05:00,2026-06-01,2026-06-02 00:02:44 UTC,Central Time (US & Canada),9643869,zack96679,Zack Stout,2026-06-02 00:02:55 UTC,2026-06-03 00:06:23 UTC,needs_id,CC-BY-NC,https://www.inaturalist.org/observations/367579212,https://inaturalist-open-data.s3.amazonaws.com/photos/671894717/medium.jpg,,"","",0,0,false,3,"Buchanan St NE, Minneapolis, MN, US",44.9971798478,-93.2399973913,15,,,,15,,,false,,,"",Hemerocallis,daylilies,Plantae,82826,Plantae,Tracheophyta,Liliopsida,Asparagales,Asphodelaceae,Hemerocallidoideae,,Hemerocallis,
367582073,0c45901b-0f64-4324-b628-63e2776c957c,2026-06-01 19:14:37-05:00,2026-06-01,2026-06-02 00:14:37 UTC,Central Time (US & Canada),9643869,zack96679,Zack Stout,2026-06-02 00:15:49 UTC,2026-06-03 00:06:36 UTC,needs_id,CC-BY-NC,https://www.inaturalist.org/observations/367582073,https://inaturalist-open-data.s3.amazonaws.com/photos/671894826/medium.jpg,,"","",0,0,false,3,"Buchanan St NE, Minneapolis, MN, US",44.9971762897,-93.2399840194,6,,,,6,,,false,,,"",Pooideae,,Plantae,514989,Plantae,Tracheophyta,Liliopsida,Poales,Poaceae,Pooideae,,,
367880898,2da6c226-64eb-469f-99d9-6d66ba013656,2026-06-02 17:54:24-05:00,2026-06-02,2026-06-02 22:54:24 UTC,Central Time (US & Canada),9643869,zack96679,Zack Stout,2026-06-02 22:55:18 UTC,2026-07-17 23:32:14 UTC,research,CC-BY-NC,https://www.inaturalist.org/observations/367880898,https://inaturalist-open-data.s3.amazonaws.com/photos/671894960/medium.jpg,,"","",2,0,false,3,"Buchanan St NE, Minneapolis, MN, US",44.9971353243,-93.2399698946,147,,,,147,,open,false,,,common milkweed,Asclepias syriaca,common milkweed,Plantae,47911,Plantae,Tracheophyta,Magnoliopsida,Gentianales,Apocynaceae,Asclepiadoideae,Asclepiadeae,Asclepias,Asclepias syriaca
367896538,b0b2b774-84e5-4be6-8730-e12d1ad37467,2026-06-02 16:38:29-05:00,2026-06-02,2026-06-02 21:38:29 UTC,Central Time (US & Canada),9643869,zack96679,Zack Stout,2026-06-03 00:06:37 UTC,2026-06-15 07:50:11 UTC,needs_id,CC-BY-NC,https://www.inaturalist.org/observations/367896538,https://inaturalist-open-data.s3.amazonaws.com/photos/671894880/medium.jpg,,"","",0,0,false,3,"Anderson Rd, Wright, MN, US",46.7394208636,-92.9045204842,1973396,,,,1973396,,,false,,,"",Noctuinae,Cutworms and Dart Moths,Insecta,122224,Animalia,Arthropoda,Insecta,Lepidoptera,Noctuidae,Noctuinae,,,
367896607,a4f9b98e-cbf7-4dee-b794-2137d43229d7,2026-06-02 17:58:05-05:00,2026-06-02,2026-06-02 22:58:05 UTC,Central Time (US & Canada),9643869,zack96679,Zack Stout,2026-06-03 00:06:53 UTC,2026-06-03 00:06:57 UTC,needs_id,CC-BY-NC,https://www.inaturalist.org/observations/367896607,https://inaturalist-open-data.s3.amazonaws.com/photos/671895011/medium.jpg,,"","",0,0,false,3,"Wright, MN, US",46.693824357,-92.967138357,1973396,,,,1973396,,,false,,,"",Tenthredinidae,Common Sawflies,Insecta,60628,Animalia,Arthropoda,Insecta,Hymenoptera,Tenthredinidae,,,,
367896636,87e448e0-ee3a-44c1-80c3-5a21a28b1994,2026-06-02 19:05:52-05:00,2026-06-02,2026-06-03 00:05:52 UTC,Central Time (US & Canada),9643869,zack96679,Zack Stout,2026-06-03 00:06:58 UTC,2026-06-03 00:07:05 UTC,needs_id,CC-BY-NC,https://www.inaturalist.org/observations/367896636,https://inaturalist-open-data.s3.amazonaws.com/photos/671895084/medium.jpg,,"","",0,0,false,3,"Buchanan St NE, Minneapolis, MN, US",44.9971416073,-93.2400105002,21,,,,21,,,false,,,"",Aegopodium podagraria,Goutweed,Plantae,51741,Plantae,Tracheophyta,Magnoliopsida,Apiales,Apiaceae,Apioideae,Careae,Aegopodium,Aegopodium podagraria
367914595,56bd70f5-16e6-4aee-880f-764407340519,2026-06-02 20:28:17-05:00,2026-06-02,2026-06-03 01:28:17 UTC,Central Time (US & Canada),9643869,zack96679,Zack Stout,2026-06-03 01:28:35 UTC,2026-06-03 23:23:17 UTC,needs_id,CC-BY-NC,https://www.inaturalist.org/observations/367914595,https://inaturalist-open-data.s3.amazonaws.com/photos/672445982/medium.jpg,,"","",0,0,false,3,"Buchanan St NE, Minneapolis, MN, US",44.9971762851,-93.2399847297,6,,,,6,,,false,,,"",Campsis,trumpet vines,Plantae,72030,Plantae,Tracheophyta,Magnoliopsida,Lamiales,Bignoniaceae,,Tecomeae,Campsis,
367914895,402ff1c7-6da3-4da6-aaf9-41ef1299efe9,2026-06-02 20:29:10-05:00,2026-06-02,2026-06-03 01:29:10 UTC,Central Time (US & Canada),9643869,zack96679,Zack Stout,2026-06-03 01:29:50 UTC,2026-06-03 01:57:42 UTC,needs_id,CC-BY-NC,https://www.inaturalist.org/observations/367914895,https://inaturalist-open-data.s3.amazonaws.com/photos/671942218/medium.jpg,,"","",0,0,false,3,"Buchanan St NE, Minneapolis, MN, US",44.9972016672,-93.2400112457,10,,,,10,,,false,,,"",Rumex,docks and sorrels,Plantae,53196,Plantae,Tracheophyta,Magnoliopsida,Caryophyllales,Polygonaceae,Polygonoideae,Rumiceae,Rumex,
367920431,3040b059-fffd-42df-b14d-36f471d8c0c2,2026-06-02 20:55:57-05:00,2026-06-02,2026-06-03 01:55:57 UTC,Central Time (US & Canada),9643869,zack96679,Zack Stout,2026-06-03 01:57:42 UTC,2026-06-03 13:13:02 UTC,casual,CC-BY-NC,https://www.inaturalist.org/observations/367920431,https://inaturalist-open-data.s3.amazonaws.com/photos/671942264/medium.jpg,,"","",0,0,true,3,"Buchanan St NE, Minneapolis, MN, US",44.9971762851,-93.2399847297,6,,,,6,,,false,,,"",Polygonateae,true and false Solomon's seals,Plantae,1415174,Plantae,Tracheophyta,Liliopsida,Asparagales,Asparagaceae,Nolinoideae,Polygonateae,,
368182539,8b916610-1392-4d17-a03e-b74ff8e04895,2026-06-02 20:57:39-05:00,2026-06-02,2026-06-03 01:57:39 UTC,Central Time (US & Canada),9643869,zack96679,Zack Stout,2026-06-03 23:23:18 UTC,2026-06-03 23:23:30 UTC,needs_id,CC-BY-NC,https://www.inaturalist.org/observations/368182539,https://inaturalist-open-data.s3.amazonaws.com/photos/672446043/medium.jpg,,"","",0,0,false,3,"Buchanan St NE, Minneapolis, MN, US",44.9971762851,-93.2399847297,6,,,,6,,,false,,,"",Apioideae,,Plantae,790553,Plantae,Tracheophyta,Magnoliopsida,Apiales,Apiaceae,Apioideae,,,
368182581,778fafdb-9dd3-4f5c-9c50-722f699a6c48,2026-06-03 18:22:48-05:00,2026-06-03,2026-06-03 23:22:48 UTC,Central Time (US & Canada),9643869,zack96679,Zack Stout,2026-06-03 23:23:32 UTC,2026-06-03 23:23:48 UTC,needs_id,CC-BY-NC,https://www.inaturalist.org/observations/368182581,https://inaturalist-open-data.s3.amazonaws.com/photos/672446142/medium.jpg,,"","",0,0,false,3,"Buchanan St NE, Minneapolis, MN, US",44.9971762851,-93.2399847297,6,,,,6,,,false,,,"",Solidago canadensis,Canada goldenrod,Plantae,67808,Plantae,Tracheophyta,Magnoliopsida,Asterales,Asteraceae,Asteroideae,Astereae,Solidago,Solidago canadensis
368182639,1b3c612e-7d02-402d-bb75-5b7fdfcf558d,2026-06-03 18:23:07-05:00,2026-06-03,2026-06-03 23:23:07 UTC,Central Time (US & Canada),9643869,zack96679,Zack Stout,2026-06-03 23:23:56 UTC,2026-07-25 10:44:25 UTC,needs_id,CC-BY-NC,https://www.inaturalist.org/observations/368182639,https://inaturalist-open-data.s3.amazonaws.com/photos/676228056/medium.jpg,,"","",0,0,false,3,"Buchanan St NE, Minneapolis, MN, US",44.9971762851,-93.2399847297,6,,,,6,,,false,,,"",Saponaria,Soapworts,Plantae,56155,Plantae,Tracheophyta,Magnoliopsida,Caryophyllales,Caryophyllaceae,Caryophylloideae,Caryophylleae,Saponaria,
368211460,023f13fe-19cb-4a97-b0f3-b5599231bfe2,2026-06-03 18:23:31-05:00,2026-06-03,2026-06-03 23:23:31 UTC,Central Time (US & Canada),9643869,zack96679,Zack Stout,2026-06-04 01:37:12 UTC,2026-07-25 10:44:23 UTC,needs_id,CC-BY-NC,https://www.inaturalist.org/observations/368211460,https://inaturalist-open-data.s3.amazonaws.com/photos/672502360/medium.jpg,,"","",0,0,false,3,"Buchanan St NE, Minneapolis, MN, US",44.9971762851,-93.2399847297,6,,,,6,,,false,,,"",Saponaria,Soapworts,Plantae,56155,Plantae,Tracheophyta,Magnoliopsida,Caryophyllales,Caryophyllaceae,Caryophylloideae,Caryophylleae,Saponaria,
368211865,a4eb2330-7f4b-403d-8f0c-6c0312eb055d,2026-06-03 20:37:18-05:00,2026-06-03,2026-06-04 01:37:18 UTC,Central Time (US & Canada),9643869,zack96679,Zack Stout,2026-06-04 01:39:31 UTC,2026-06-10 17:06:04 UTC,needs_id,CC-BY-NC,https://www.inaturalist.org/observations/368211865,https://inaturalist-open-data.s3.amazonaws.com/photos/676617846/medium.jpg,,"","",0,0,false,3,"Buchanan St NE, Minneapolis, MN, US",44.9971762851,-93.2399847297,6,,,,6,,,false,,,"",Cirsium,Plume Thistles,Plantae,48561,Plantae,Tracheophyta,Magnoliopsida,Asterales,Asteraceae,Carduoideae,Cardueae,Cirsium,
370171343,bf86cb32-d337-4631-aabc-d0d0d5dae734,2026-06-04 16:18:00-05:00,2026-06-04,2026-06-04 21:18:00 UTC,Central Time (US & Canada),9643869,zack96679,Zack Stout,2026-06-09 23:01:28 UTC,2026-06-09 23:01:43 UTC,needs_id,CC-BY-NC,https://www.inaturalist.org/observations/370171343,https://inaturalist-open-data.s3.amazonaws.com/photos/676228379/medium.jpg,,"","",0,0,false,3,"Buchanan St NE, Minneapolis, MN, US",44.9971762851,-93.2399847297,6,,,,6,,,false,,,"",Digitalis,Foxgloves,Plantae,53984,Plantae,Tracheophyta,Magnoliopsida,Lamiales,Plantaginaceae,,Digitalideae,Digitalis,
370171406,c44e2bfb-e15f-4298-98ac-65a54f366b5c,2026-06-05 09:17:29-05:00,2026-06-05,2026-06-05 14:17:29 UTC,Central Time (US & Canada),9643869,zack96679,Zack Stout,2026-06-09 23:01:44 UTC,2026-06-09 23:02:08 UTC,needs_id,CC-BY-NC,https://www.inaturalist.org/observations/370171406,https://inaturalist-open-data.s3.amazonaws.com/photos/676228570/medium.jpg,,"","",0,0,false,3,"Buchanan St NE, Minneapolis, MN, US",44.9974275977,-93.2398040468,4,,,,4,,,false,,,"",Morus,Mulberries,Plantae,56091,Plantae,Tracheophyta,Magnoliopsida,Rosales,Moraceae,,Moreae,Morus,
370171497,6008caa8-d523-405f-8ffe-488c1e239794,2026-06-09 18:00:18-05:00,2026-06-09,2026-06-09 23:00:18 UTC,Central Time (US & Canada),9643869,zack96679,Zack Stout,2026-06-09 23:02:09 UTC,2026-06-09 23:02:56 UTC,needs_id,CC-BY-NC,https://www.inaturalist.org/observations/370171497,https://inaturalist-open-data.s3.amazonaws.com/photos/676228914/medium.jpg,,"","",0,0,false,3,"Buchanan St NE, Minneapolis, MN, US",44.9971564215,-93.2399295118,19,,,,19,,,false,,,"",Rumex,docks and sorrels,Plantae,53196,Plantae,Tracheophyta,Magnoliopsida,Caryophyllales,Polygonaceae,Polygonoideae,Rumiceae,Rumex,
370375454,12b4f1ca-5536-43ee-83b6-094519fee710,2026-06-09 18:01:37-05:00,2026-06-09,2026-06-09 23:01:37 UTC,Central Time (US & Canada),9643869,zack96679,Zack Stout,2026-06-10 17:06:05 UTC,2026-07-02 23:45:10 UTC,research,CC-BY-NC,https://www.inaturalist.org/observations/370375454,https://inaturalist-open-data.s3.amazonaws.com/photos/676617895/medium.jpg,,"","",2,0,false,3,"Buchanan St NE, Minneapolis, MN, US",44.9971526259,-93.2401308333,15,,,,15,,,false,,,Catnip,Nepeta cataria,Catnip,Plantae,48622,Plantae,Tracheophyta,Magnoliopsida,Lamiales,Lamiaceae,Nepetoideae,Mentheae,Nepeta,Nepeta cataria
370375511,4749a4c2-79fd-4461-8212-67b31f1b1836,2026-06-09 18:02:07-05:00,2026-06-09,2026-06-09 23:02:07 UTC,Central Time (US & Canada),9643869,zack96679,Zack Stout,2026-06-10 17:06:11 UTC,2026-06-10 17:06:15 UTC,needs_id,CC-BY-NC,https://www.inaturalist.org/observations/370375511,https://inaturalist-open-data.s3.amazonaws.com/photos/676617933/medium.jpg,,"","",0,0,false,3,"Buchanan St NE, Minneapolis, MN, US",44.9971752174,-93.2399834389,6,,,,6,,,false,,,"",Allium,onions,Plantae,47357,Plantae,Tracheophyta,Liliopsida,Asparagales,Amaryllidaceae,Allioideae,Allieae,Allium,
370375551,0b95535b-f4e3-4371-8cb1-9c1c1b4ca859,2026-06-09 18:02:30-05:00,2026-06-09,2026-06-09 23:02:30 UTC,Central Time (US & Canada),9643869,zack96679,Zack Stout,2026-06-10 17:06:17 UTC,2026-07-25 10:43:05 UTC,needs_id,CC-BY-NC,https://www.inaturalist.org/observations/370375551,https://inaturalist-open-data.s3.amazonaws.com/photos/676617967/medium.jpg,,"","",0,0,false,3,"Buchanan St NE, Minneapolis, MN, US",44.9971752174,-93.2399834389,6,,,,6,,,false,,,"",Saponaria,Soapworts,Plantae,56155,Plantae,Tracheophyta,Magnoliopsida,Caryophyllales,Caryophyllaceae,Caryophylloideae,Caryophylleae,Saponaria,
370375607,a096145b-830c-4642-976f-534d2a879366,2026-06-10 12:02:32-05:00,2026-06-10,2026-06-10 17:02:32 UTC,Central Time (US & Canada),9643869,zack96679,Zack Stout,2026-06-10 17:06:22 UTC,2026-07-19 15:49:49 UTC,research,CC-BY-NC,https://www.inaturalist.org/observations/370375607,https://inaturalist-open-data.s3.amazonaws.com/photos/676617994/medium.jpg,,"","",1,0,false,3,"Hill River State Forest, Palisade, MN, US",46.918197329,-93.4952282007,1973396,,,,1973396,,,false,,,Red Milkweed Beetle,Tetraopes tetrophthalmus,Red Milkweed Beetle,Insecta,118559,Animalia,Arthropoda,Insecta,Coleoptera,Cerambycidae,Lamiinae,Tetraopini,Tetraopes,Tetraopes tetrophthalmus
370449031,f8ce7d19-d61a-4ce8-b53e-8eea700b86a3,2026-06-10 11:50:23-05:00,2026-06-10,2026-06-10 16:50:23 UTC,Central Time (US & Canada),9643869,zack96679,Zack Stout,2026-06-10 20:58:15 UTC,2026-07-02 09:19:24 UTC,research,CC-BY-NC,https://www.inaturalist.org/observations/370449031,https://inaturalist-open-data.s3.amazonaws.com/photos/676742005/medium.jpg,,"","",3,0,false,3,"Floodwood, MN, US",46.8631145061,-92.9639090954,1973396,,,,1973396,,open,false,,,Eastern Black Swallowtail,Papilio polyxenes asterius,Eastern Black Swallowtail,Insecta,54900,Animalia,Arthropoda,Insecta,Lepidoptera,Papilionidae,Papilioninae,Papilionini,Papilio,Papilio polyxenes
370449063,89ed7956-bbaf-4730-a751-d095584c3c36,2026-06-10 15:58:02-05:00,2026-06-10,2026-06-10 20:58:02 UTC,Central Time (US & Canada),9643869,zack96679,Zack Stout,2026-06-10 20:58:22 UTC,2026-06-11 18:25:27 UTC,research,CC-BY-NC,https://www.inaturalist.org/observations/370449063,https://inaturalist-open-data.s3.amazonaws.com/photos/676742201/medium.jpg,,"","",1,0,false,3,"Buchanan St NE, Minneapolis, MN, US",44.9971619952,-93.2399010909,15,,,,15,,open,false,,,box elder,Acer negundo,boxelder,Plantae,47726,Plantae,Tracheophyta,Magnoliopsida,Sapindales,Sapindaceae,,,Acer,Acer negundo
370489286,6b3fd1e3-5a3e-4a6e-bfe7-637e15effbdc,2026-06-10 18:51:34-05:00,2026-06-10,2026-06-10 23:51:34 UTC,Central Time (US & Canada),9643869,zack96679,Zack Stout,2026-06-10 23:51:46 UTC,2026-06-11 01:25:10 UTC,needs_id,CC-BY-NC,https://www.inaturalist.org/observations/370489286,https://inaturalist-open-data.s3.amazonaws.com/photos/676860325/medium.jpg,,"","",0,0,false,3,"Buchanan St NE, Minneapolis, MN, US",44.997163689,-93.2398988453,18,,,,18,,,false,,,"",Campsis,trumpet vines,Plantae,72030,Plantae,Tracheophyta,Magnoliopsida,Lamiales,Bignoniaceae,,Tecomeae,Campsis,
370508071,acd21312-9ce3-44b5-8f71-53e2d0b6ceab,2026-06-10 20:24:29-05:00,2026-06-10,2026-06-11 01:24:29 UTC,Central Time (US & Canada),9643869,zack96679,Zack Stout,2026-06-11 01:25:11 UTC,2026-07-25 10:43:03 UTC,needs_id,CC-BY-NC,https://www.inaturalist.org/observations/370508071,https://inaturalist-open-data.s3.amazonaws.com/photos/677255849/medium.jpg,,"","",0,0,false,3,"Buchanan St NE, Minneapolis, MN, US",44.9971758406,-93.2399828904,6,,,,6,,,false,,,"",Saponaria,Soapworts,Plantae,56155,Plantae,Tracheophyta,Magnoliopsida,Caryophyllales,Caryophyllaceae,Caryophylloideae,Caryophylleae,Saponaria,
370508088,1001c607-d920-419d-a3ce-5e2fbc8621a0,2026-06-10 20:24:58-05:00,2026-06-10,2026-06-11 01:24:58 UTC,Central Time (US & Canada),9643869,zack96679,Zack Stout,2026-06-11 01:25:14 UTC,2026-06-11 19:55:51 UTC,needs_id,CC-BY-NC,https://www.inaturalist.org/observations/370508088,https://inaturalist-open-data.s3.amazonaws.com/photos/677268550/medium.jpg,,"","",0,0,false,3,"Buchanan St NE, Minneapolis, MN, US",44.9971644859,-93.2399034131,20,,,,20,,,false,,,"",Tradescantia,Spiderworts,Plantae,49145,Plantae,Tracheophyta,Liliopsida,Commelinales,Commelinaceae,Commelinoideae,Tradescantieae,Tradescantia,
370710910,c0359fe2-32ae-407d-ad12-ef4d87d84d35,2026-06-11 14:31:03-05:00,2026-06-11,2026-06-11 19:31:03 UTC,Central Time (US & Canada),9643869,zack96679,Zack Stout,2026-06-11 19:31:47 UTC,2026-06-11 19:55:58 UTC,needs_id,CC-BY-NC,https://www.inaturalist.org/observations/370710910,https://inaturalist-open-data.s3.amazonaws.com/photos/677268627/medium.jpg,,"","",0,0,false,3,"Buchanan St NE, Minneapolis, MN, US",44.9971376095,-93.2402475593,3,,,,3,,,false,,,"",Vitis,grapevines,Plantae,60773,Plantae,Tracheophyta,Magnoliopsida,Vitales,Vitaceae,,,Vitis,
370717551,1e91cce5-c460-41c9-a5e1-1d30a899880f,2026-06-11 14:54:29-05:00,2026-06-11,2026-06-11 19:54:29 UTC,Central Time (US & Canada),9643869,zack96679,Zack Stout,2026-06-11 19:55:59 UTC,2026-06-12 13:00:56 UTC,needs_id,CC-BY-NC,https://www.inaturalist.org/observations/370717551,https://inaturalist-open-data.s3.amazonaws.com/photos/677268689/medium.jpg,,"","",2,1,false,3,"Bovey, MN, US",47.2345462442,-93.2580404945,1973396,,,,1973396,,,false,,,Mecaphesa,Mecaphesa,,Arachnida,129662,Animalia,Arthropoda,Arachnida,Araneae,Thomisidae,Thomisinae,Misumenini,Mecaphesa,
370717601,ba078611-bb9e-42ef-a4f8-bcc404198fb2,2026-06-11 14:51:07-05:00,2026-06-11,2026-06-11 19:51:07 UTC,Central Time (US & Canada),9643869,zack96679,Zack Stout,2026-06-11 19:56:08 UTC,2026-06-15 23:58:40 UTC,research,CC-BY-NC,https://www.inaturalist.org/observations/370717601,https://inaturalist-open-data.s3.amazonaws.com/photos/677268804/medium.jpg,,"","",1,0,false,3,"Bray Lake Rd, Nashwauk, MN, US",47.4701755692,-93.2872127842,1973396,,,,1973396,,,false,,,Four-lined Plant Bug,Poecilocapsus lineatus,Four-lined Plant Bug,Insecta,126211,Animalia,Arthropoda,Insecta,Hemiptera,Miridae,Mirinae,Mirini,Poecilocapsus,Poecilocapsus lineatus
370717739,b118e5e0-d925-4ec8-be81-f0496804dad7,2026-06-11 14:53:45-05:00,2026-06-11,2026-06-11 19:53:45 UTC,Central Time (US & Canada),9643869,zack96679,Zack Stout,2026-06-11 19:56:39 UTC,2026-06-12 13:01:07 UTC,needs_id,CC-BY-NC,https://www.inaturalist.org/observations/370717739,https://inaturalist-open-data.s3.amazonaws.com/photos/677269134/medium.jpg,,"","",2,1,false,3,"La Prairie, MN, US",47.2351479774,-93.4949242327,1973396,,,,1973396,,,false,,,Trochosa,Trochosa,,Arachnida,148395,Animalia,Arthropoda,Arachnida,Araneae,Lycosidae,Lycosinae,,Trochosa,
370717899,67fea6cc-3c77-4f35-94d6-004945744ad9,2026-06-11 14:51:23-05:00,2026-06-11,2026-06-11 19:51:23 UTC,Central Time (US & Canada),9643869,zack96679,Zack Stout,2026-06-11 19:57:08 UTC,2026-06-11 19:57:12 UTC,needs_id,CC-BY-NC,https://www.inaturalist.org/observations/370717899,https://inaturalist-open-data.s3.amazonaws.com/photos/677269430/medium.jpg,,"","",0,0,false,3,"Pengilly, MN, US",47.3585158375,-93.1608307199,1973396,,,,1973396,,,false,,,"",Graphocephala coccinea,Red-banded Leafhopper,Insecta,56925,Animalia,Arthropoda,Insecta,Hemiptera,Cicadellidae,Cicadellinae,Cicadellini,Graphocephala,Graphocephala coccinea
370929183,1fb78d4d-0e16-4870-bfbf-cf7073ff8bed,2026-06-12 10:24:39-05:00,2026-06-12,2026-06-12 15:24:39 UTC,Central Time (US & Canada),9643869,zack96679,Zack Stout,2026-06-12 15:27:44 UTC,2026-06-12 15:27:51 UTC,needs_id,CC-BY-NC,https://www.inaturalist.org/observations/370929183,https://inaturalist-open-data.s3.amazonaws.com/photos/677682141/medium.jpg,,"","",0,0,false,3,"Floodwood, MN, US",47.1286187278,-92.9366938641,1973396,,,,1973396,,,false,,,"",Delphinia,,Insecta,126849,Animalia,Arthropoda,Insecta,Diptera,Ulidiidae,Otitinae,Cephaliini,Delphinia,
370929317,b45633a9-8584-4310-a75c-f0c8bcb22648,2026-06-12 10:25:23-05:00,2026-06-12,2026-06-12 15:25:23 UTC,Central Time (US & Canada),9643869,zack96679,Zack Stout,2026-06-12 15:28:14 UTC,2026-06-12 15:28:18 UTC,needs_id,CC-BY-NC,https://www.inaturalist.org/observations/370929317,https://inaturalist-open-data.s3.amazonaws.com/photos/677682361/medium.jpg,,"","",0,0,false,3,"Grand Rapids, MN, US",47.090902163,-93.4601012796,1973396,,,,1973396,,,false,,,"",Lygus,Lygus Bugs,Insecta,61886,Animalia,Arthropoda,Insecta,Hemiptera,Miridae,Mirinae,Mirini,Lygus,
370929381,262f4d13-f586-4aad-a055-81229405ea6a,2026-06-12 10:22:43-05:00,2026-06-12,2026-06-12 15:22:43 UTC,Central Time (US & Canada),9643869,zack96679,Zack Stout,2026-06-12 15:28:31 UTC,2026-06-12 19:31:10 UTC,research,CC-BY-NC,https://www.inaturalist.org/observations/370929381,https://inaturalist-open-data.s3.amazonaws.com/photos/677682503/medium.jpg,,"","",2,0,false,3,"Jacobson, MN, US",46.9535512908,-93.155339979,1973396,,,,1973396,,,false,,,Zebra Jumping Spider,Salticus scenicus,Zebra Jumping Spider,Arachnida,68901,Animalia,Arthropoda,Arachnida,Araneae,Salticidae,Salticinae,Salticini,Salticus,Salticus scenicus
370931704,2cd17e29-9483-4f52-9cd3-0ef3a5581290,2026-06-12 10:16:12-05:00,2026-06-12,2026-06-12 15:16:12 UTC,Central Time (US & Canada),9643869,zack96679,Zack Stout,2026-06-12 15:36:44 UTC,2026-06-13 01:37:55 UTC,research,CC-BY-NC,https://www.inaturalist.org/observations/370931704,https://inaturalist-open-data.s3.amazonaws.com/photos/677686603/medium.jpg,,"","",1,0,false,3,"Grand Rapids, MN, US",47.1401458191,-93.4325627871,1973396,,,,1973396,,,false,,,common soapwort,Saponaria officinalis,common soapwort,Plantae,56154,Plantae,Tracheophyta,Magnoliopsida,Caryophyllales,Caryophyllaceae,Caryophylloideae,Caryophylleae,Saponaria,Saponaria officinalis
370931953,437dbe9f-c7dc-4895-bb6a-b6347dbde69b,2026-06-12 10:23:44-05:00,2026-06-12,2026-06-12 15:23:44 UTC,Central Time (US & Canada),9643869,zack96679,Zack Stout,2026-06-12 15:37:17 UTC,2026-06-12 15:37:21 UTC,needs_id,CC-BY-NC,https://www.inaturalist.org/observations/370931953,https://inaturalist-open-data.s3.amazonaws.com/photos/677686927/medium.jpg,,"","",0,0,false,3,"Cotton, MN, US",47.243050354,-92.5384359378,1973396,,,,1973396,,,false,,,"",Acrididae,Short-horned Grasshoppers,Insecta,47649,Animalia,Arthropoda,Insecta,Orthoptera,Acrididae,,,,
370932162,7865f390-de3b-47a9-8d2b-884922f1e527,2026-06-12 10:12:58-05:00,2026-06-12,2026-06-12 15:12:58 UTC,Central Time (US & Canada),9643869,zack96679,Zack Stout,2026-06-12 15:37:47 UTC,2026-06-13 10:52:42 UTC,research,CC-BY-NC,https://www.inaturalist.org/observations/370932162,https://inaturalist-open-data.s3.amazonaws.com/photos/677687236/medium.jpg,,"","",1,0,false,3,"Jacobson, MN, US",46.9150313534,-93.1004732468,1973396,,,,1973396,,,false,,,black-eyed Susan,Rudbeckia hirta,black-eyed Susan,Plantae,62741,Plantae,Tracheophyta,Magnoliopsida,Asterales,Asteraceae,Asteroideae,Heliantheae,Rudbeckia,Rudbeckia hirta
370932305,df1ea779-6f28-4f9b-9f9e-014697559196,2026-06-12 10:12:46-05:00,2026-06-12,2026-06-12 15:12:46 UTC,Central Time (US & Canada),9643869,zack96679,Zack Stout,2026-06-12 15:38:12 UTC,2026-06-12 15:38:17 UTC,needs_id,CC-BY-NC,https://www.inaturalist.org/observations/370932305,https://inaturalist-open-data.s3.amazonaws.com/photos/677687504/medium.jpg,,"","",0,0,false,3,"Nashwauk, MN, US",47.3652056777,-93.124955307,1973396,,,,1973396,,,false,,,"",Vitis,grapevines,Plantae,60773,Plantae,Tracheophyta,Magnoliopsida,Vitales,Vitaceae,,,Vitis,
370940325,b1316e5b-4da7-4873-954b-fe2bd407b079,2026-06-12 08:01:52-05:00,2026-06-12,2026-06-12 13:01:52 UTC,Central Time (US & Canada),9643869,zack96679,Zack Stout,2026-06-12 16:09:38 UTC,2026-06-12 16:09:42 UTC,needs_id,CC-BY-NC,https://www.inaturalist.org/observations/370940325,https://inaturalist-open-data.s3.amazonaws.com/photos/677703108/medium.jpg,,"","",0,0,false,3,"Jacobson, MN, US",46.9697180974,-93.4424091844,1973396,,,,1973396,,,false,,,"",Cynomya cadaverina,Shiny Blue Bottle Fly,Insecta,324335,Animalia,Arthropoda,Insecta,Diptera,Calliphoridae,Calliphorinae,,Cynomya,Cynomya cadaverina
371029045,513fb09d-e43d-474f-99d3-756cab0aa320,2026-06-12 16:50:29-05:00,2026-06-12,2026-06-12 21:50:29 UTC,Central Time (US & Canada),9643869,zack96679,Zack Stout,2026-06-12 21:51:30 UTC,2026-06-12 21:51:34 UTC,needs_id,CC-BY-NC,https://www.inaturalist.org/observations/371029045,https://inaturalist-open-data.s3.amazonaws.com/photos/677874551/medium.jpg,,"","",0,0,false,3,"Grand Rapids, MN, US",47.0617331478,-93.4750420304,1973396,,,,1973396,,,false,,,"",Condylostylus sipho,,Insecta,259850,Animalia,Arthropoda,Insecta,Diptera,Dolichopodidae,Sciapodinae,Sciapodini,Condylostylus,Condylostylus sipho
371029123,f467ad90-2f0f-4bc3-8e11-9b9bbefbad3e,2026-06-12 16:50:24-05:00,2026-06-12,2026-06-12 21:50:24 UTC,Central Time (US & Canada),9643869,zack96679,Zack Stout,2026-06-12 21:51:47 UTC,2026-06-13 02:13:48 UTC,needs_id,CC-BY-NC,https://www.inaturalist.org/observations/371029123,https://inaturalist-open-data.s3.amazonaws.com/photos/677874704/medium.jpg,,"","",2,1,false,3,"Bovey, MN, US",47.214723474,-93.4250300941,1973396,,,,1973396,,,false,,,Lygus Bugs,Lygus,Lygus Bugs,Insecta,61886,Animalia,Arthropoda,Insecta,Hemiptera,Miridae,Mirinae,Mirini,Lygus,
371029202,d3774de9-3db7-41ed-8163-8109f1202d2f,2026-06-12 16:50:18-05:00,2026-06-12,2026-06-12 21:50:18 UTC,Central Time (US & Canada),9643869,zack96679,Zack Stout,2026-06-12 21:52:06 UTC,2026-06-12 21:52:10 UTC,needs_id,CC-BY-NC,https://www.inaturalist.org/observations/371029202,https://inaturalist-open-data.s3.amazonaws.com/photos/677874866/medium.jpg,,"","",0,0,false,3,"Grand Rapids, MN, US",47.1839671156,-93.5264824155,1973396,,,,1973396,,,false,,,"",Rainieria antennaepes,,Insecta,349811,Animalia,Arthropoda,Insecta,Diptera,Micropezidae,Taeniapterinae,,Rainieria,Rainieria antennaepes
371029343,fdeae366-9d28-41f3-940a-6ecd5a07aa0a,2026-06-12 16:50:08-05:00,2026-06-12,2026-06-12 21:50:08 UTC,Central Time (US & Canada),9643869,zack96679,Zack Stout,2026-06-12 21:52:37 UTC,2026-06-12 21:52:41 UTC,needs_id,CC-BY-NC,https://www.inaturalist.org/observations/371029343,https://inaturalist-open-data.s3.amazonaws.com/photos/677875098/medium.jpg,,"","",0,0,false,3,"Jacobson, MN, US",46.8471729185,-93.3403156713,1973396,,,,1973396,,,false,,,"",Ptecticus,,Insecta,248144,Animalia,Arthropoda,Insecta,Diptera,Stratiomyidae,Sarginae,,Ptecticus,
371029433,f59dc7b4-2bab-4044-96d7-c5b327c2e83b,2026-06-12 16:49:54-05:00,2026-06-12,2026-06-12 21:49:54 UTC,Central Time (US & Canada),9643869,zack96679,Zack Stout,2026-06-12 21:53:03 UTC,2026-06-12 21:53:07 UTC,needs_id,CC-BY-NC,https://www.inaturalist.org/observations/371029433,https://inaturalist-open-data.s3.amazonaws.com/photos/677875291/medium.jpg,,"","",0,0,false,3,"Twin Lakes Dr, Bovey, MN, US",47.2993801162,-93.3142173997,1973396,,,,1973396,,,false,,,"",Hoplia trifasciata,Three-lined Hoplia,Insecta,221487,Animalia,Arthropoda,Insecta,Coleoptera,Scarabaeidae,Melolonthinae,Hopliini,Hoplia,Hoplia trifasciata
371029595,bf62bd40-004a-4e18-a572-3568d2906c00,2026-06-12 16:49:15-05:00,2026-06-12,2026-06-12 21:49:15 UTC,Central Time (US & Canada),9643869,zack96679,Zack Stout,2026-06-12 21:53:38 UTC,2026-06-12 21:54:27 UTC,needs_id,CC-BY-NC,https://www.inaturalist.org/observations/371029595,https://inaturalist-open-data.s3.amazonaws.com/photos/677876007/medium.jpg,,"","",0,0,false,3,"Willow River, MN, US",46.3457499073,-93.046619629,1973396,,,,1973396,,,false,,,"",Symmorphus,,Insecta,203483,Animalia,Arthropoda,Insecta,Hymenoptera,Vespidae,Eumeninae,,Symmorphus,
371029782,eae20944-6504-45f9-85bf-df76347039a0,2026-06-12 16:49:31-05:00,2026-06-12,2026-06-12 21:49:31 UTC,Central Time (US & Canada),9643869,zack96679,Zack Stout,2026-06-12 21:54:27 UTC,2026-06-12 21:54:31 UTC,needs_id,CC-BY-NC,https://www.inaturalist.org/observations/371029782,https://inaturalist-open-data.s3.amazonaws.com/photos/677876047/medium.jpg,,"","",0,0,false,3,"Jacobson, MN, US",46.8671319327,-93.0591160033,1973396,,,,1973396,,,false,,,"",Hylaeus modestus,Modest Masked Bee,Insecta,199048,Animalia,Arthropoda,Insecta,Hymenoptera,Colletidae,Hylaeinae,,Hylaeus,Hylaeus modestus
371030002,64f6bbce-ea0c-41db-823d-ccdcbf652f0b,2026-06-12 16:49:04-05:00,2026-06-12,2026-06-12 21:49:04 UTC,Central Time (US & Canada),9643869,zack96679,Zack Stout,2026-06-12 21:54:58 UTC,2026-06-12 21:55:01 UTC,needs_id,CC-BY-NC,https://www.inaturalist.org/observations/371030002,https://inaturalist-open-data.s3.amazonaws.com/photos/677876342/medium.jpg,,"","",0,0,false,3,"Mountain Iron, MN, US",47.4377127595,-92.736902239,1973396,,,,1973396,,,false,,,"",Dolichopodidae,Long-legged Flies,Insecta,68020,Animalia,Arthropoda,Insecta,Diptera,Dolichopodidae,,,,
371046013,757c59b4-a2ef-4fdb-8641-6a96f7e01239,2026-06-12 18:01:13-05:00,2026-06-12,2026-06-12 23:01:13 UTC,Central Time (US & Canada),9643869,zack96679,Zack Stout,2026-06-12 23:01:46 UTC,2026-06-29 21:36:14 UTC,needs_id,CC-BY-NC,https://www.inaturalist.org/observations/371046013,https://inaturalist-open-data.s3.amazonaws.com/photos/677907418/medium.jpg,,"","",1,0,false,3,"Madison St NE, Columbia Heights, MN, US",45.0422025917,-93.2541572446,38861,,,,38861,,,false,,,Bumble Bees,Bombus,Bumble Bees,Insecta,52775,Animalia,Arthropoda,Insecta,Hymenoptera,Apidae,Apinae,Bombini,Bombus,
371046961,86166ad6-d0ee-463a-965d-c8f4e3641480,2026-06-12 18:05:24-05:00,2026-06-12,2026-06-12 23:05:24 UTC,Central Time (US & Canada),9643869,zack96679,Zack Stout,2026-06-12 23:06:17 UTC,2026-06-12 23:06:22 UTC,needs_id,CC-BY-NC,https://www.inaturalist.org/observations/371046961,https://inaturalist-open-data.s3.amazonaws.com/photos/677909240/medium.jpg,,"","",0,0,false,3,"Taconite, MN, US",47.3023637552,-93.3372459139,1973396,,,,1973396,,,false,,,"",Lithobius,Typical Stone Centipedes,Animalia,122237,Animalia,Arthropoda,Chilopoda,Lithobiomorpha,Lithobiidae,,,Lithobius,
371047020,3ef6b901-4f5f-496e-8d6f-f747a9a825df,2026-06-12 18:05:07-05:00,2026-06-12,2026-06-12 23:05:07 UTC,Central Time (US & Canada),9643869,zack96679,Zack Stout,2026-06-12 23:06:33 UTC,2026-06-14 01:01:20 UTC,research,CC-BY-NC,https://www.inaturalist.org/observations/371047020,https://inaturalist-open-data.s3.amazonaws.com/photos/677909326/medium.jpg,,"","",2,0,false,3,"Floodwood, MN, US",47.0639234724,-93.0215969953,1973396,,,,1973396,,,false,,,Bold Jumping Spider,Phidippus audax,Bold Jumping Spider,Arachnida,53809,Animalia,Arthropoda,Arachnida,Araneae,Salticidae,Salticinae,Dendryphantini,Phidippus,Phidippus audax
371074439,399b9cff-47ec-4062-a904-1591eb1da97f,2026-06-12 20:20:07-05:00,2026-06-12,2026-06-13 01:20:07 UTC,Central Time (US & Canada),9643869,zack96679,Zack Stout,2026-06-13 01:20:54 UTC,2026-06-13 03:29:33 UTC,research,CC-BY-NC,https://www.inaturalist.org/observations/371074439,https://inaturalist-open-data.s3.amazonaws.com/photos/677961382/medium.jpg,,"","",1,0,false,3,"Floodwood, MN, US",46.883351099,-92.7739635715,1973396,,,,1973396,,,false,,,Smooth Stag Beetle,Lucanus placidus,Smooth Stag Beetle,Insecta,224156,Animalia,Arthropoda,Insecta,Coleoptera,Lucanidae,Lucaninae,Lucanini,Lucanus,Lucanus placidus
371074658,e885edb6-e001-4801-bea7-1d06b2b762c3,2026-06-12 19:55:51-05:00,2026-06-12,2026-06-13 00:55:51 UTC,Central Time (US & Canada),9643869,zack96679,Zack Stout,2026-06-13 01:22:00 UTC,2026-06-13 17:24:54 UTC,research,CC-BY-NC,https://www.inaturalist.org/observations/371074658,https://inaturalist-open-data.s3.amazonaws.com/photos/678368286/medium.jpg,,"","",1,0,false,3,"Taconite, MN, US",47.2936916029,-93.3371161904,1973396,,,,1973396,,,false,,,purple crownvetch,Securigera varia,purple crownvetch,Plantae,127186,Plantae,Tracheophyta,Magnoliopsida,Fabales,Fabaceae,Faboideae,Loteae,Securigera,Securigera varia
371293395,d49f879d-75f4-417c-b300-0acc69caa9b7,2026-06-13 12:24:18-05:00,2026-06-13,2026-06-13 17:24:18 UTC,Central Time (US & Canada),9643869,zack96679,Zack Stout,2026-06-13 17:24:55 UTC,2026-06-13 17:24:58 UTC,needs_id,CC-BY-NC,https://www.inaturalist.org/observations/371293395,https://inaturalist-open-data.s3.amazonaws.com/photos/678368343/medium.jpg,,"","",0,0,false,3,"Hill River State Forest, Hill City, MN, US",47.0168616808,-93.520860518,1973396,,,,1973396,,,false,,,"",Therion,,Insecta,250411,Animalia,Arthropoda,Insecta,Hymenoptera,Ichneumonidae,Anomaloninae,Gravenhorstiini,Therion,
371330823,43ba0b80-ed93-4484-b2ea-60793d80c31b,2026-06-13 14:13:57-05:00,2026-06-13,2026-06-13 19:13:57 UTC,Central Time (US & Canada),9643869,zack96679,Zack Stout,2026-06-13 19:14:24 UTC,2026-06-13 19:14:28 UTC,needs_id,CC-BY-NC,https://www.inaturalist.org/observations/371330823,https://inaturalist-open-data.s3.amazonaws.com/photos/678439592/medium.jpg,,"","",0,0,false,3,"Aitkin, MN, US",46.6253899431,-93.4820545749,1973396,,,,1973396,,,false,,,"",Polistes,Umbrella Paper Wasps,Insecta,52756,Animalia,Arthropoda,Insecta,Hymenoptera,Vespidae,Polistinae,Polistini,Polistes,
371347418,201a5347-342f-416e-b76e-3db48e996049,2026-06-13 15:00:06-05:00,2026-06-13,2026-06-13 20:00:06 UTC,Central Time (US & Canada),9643869,zack96679,Zack Stout,2026-06-13 20:00:46 UTC,2026-06-14 01:24:37 UTC,needs_id,CC-BY-NC,https://www.inaturalist.org/observations/371347418,https://inaturalist-open-data.s3.amazonaws.com/photos/678469969/medium.jpg,,"","",1,0,false,3,"Becker Rd, Cohasset, MN, US",47.2370073747,-93.6618801895,1973396,,,,1973396,,,false,,,musk thistle,Carduus nutans,musk thistle,Plantae,76007,Plantae,Tracheophyta,Magnoliopsida,Asterales,Asteraceae,Carduoideae,Cardueae,Carduus,Carduus nutans
371385451,0ddca164-f512-4a4e-ba00-70491ca7273a,2026-06-13 16:51:17-05:00,2026-06-13,2026-06-13 21:51:17 UTC,Central Time (US & Canada),9643869,zack96679,Zack Stout,2026-06-13 21:51:25 UTC,2026-06-13 21:51:29 UTC,needs_id,CC-BY-NC,https://www.inaturalist.org/observations/371385451,https://inaturalist-open-data.s3.amazonaws.com/photos/678541060/medium.jpg,,"","",0,0,false,3,"Buchanan St NE, Minneapolis, MN, US",44.9971651554,-93.2399842994,14,,,,14,,,false,,,"",Solidago,goldenrods,Plantae,48678,Plantae,Tracheophyta,Magnoliopsida,Asterales,Asteraceae,Asteroideae,Astereae,Solidago,
371385560,5b3ad47c-0fde-40ab-bba8-a27fbf2a954f,2026-06-13 16:51:35-05:00,2026-06-13,2026-06-13 21:51:35 UTC,Central Time (US & Canada),9643869,zack96679,Zack Stout,2026-06-13 21:51:46 UTC,2026-06-16 20:09:56 UTC,research,CC-BY-NC,https://www.inaturalist.org/observations/371385560,https://inaturalist-open-data.s3.amazonaws.com/photos/678541270/medium.jpg,,"","",1,0,false,3,"Buchanan St NE, Minneapolis, MN, US",44.9971763155,-93.2399811189,5,,,,5,,,false,,,horseweed,Erigeron canadensis,horseweed,Plantae,76907,Plantae,Tracheophyta,Magnoliopsida,Asterales,Asteraceae,Asteroideae,Astereae,Erigeron,Erigeron canadensis
371602290,17f73a6e-0c6e-4e12-815b-d99153011d39,2026-06-14 08:51:00-05:00,2026-06-14,2026-06-14 13:51:00 UTC,Central Time (US & Canada),9643869,zack96679,Zack Stout,2026-06-14 14:17:13 UTC,2026-06-29 23:54:08 UTC,needs_id,CC-BY-NC,https://www.inaturalist.org/observations/371602290,https://inaturalist-open-data.s3.amazonaws.com/photos/679033742/medium.jpg,,"","",0,0,false,3,"Jacobson, MN, US",46.9446471085,-93.1697385914,1973396,,,,1973396,,,false,,,"",Euthochtha galeator,Helmeted Squash Bug,Insecta,119697,Animalia,Arthropoda,Insecta,Hemiptera,Coreidae,Coreinae,Acanthocerini,Euthochtha,Euthochtha galeator
371642060,8dd2bb95-ef39-48e7-8bb0-227b399c936e,2026-06-14 09:59:55-05:00,2026-06-14,2026-06-14 14:59:55 UTC,Central Time (US & Canada),9643869,zack96679,Zack Stout,2026-06-14 16:09:40 UTC,2026-06-14 16:09:44 UTC,needs_id,CC-BY-NC,https://www.inaturalist.org/observations/371642060,https://inaturalist-open-data.s3.amazonaws.com/photos/679033932/medium.jpg,,"","",0,0,false,3,"Warba, MN, US",47.1128044715,-93.2651484738,1973396,,,,1973396,,,false,,,"",Lucilia,Greenbottle Flies,Insecta,61858,Animalia,Arthropoda,Insecta,Diptera,Calliphoridae,Luciliinae,Luciliini,Lucilia,
371656970,6b7cfcbc-ceab-49b8-925b-63c8c44f130c,2026-06-14 11:06:03-05:00,2026-06-14,2026-06-14 16:06:03 UTC,Central Time (US & Canada),9643869,zack96679,Zack Stout,2026-06-14 16:49:10 UTC,2026-06-22 16:38:08 UTC,research,CC-BY-NC,https://www.inaturalist.org/observations/371656970,https://inaturalist-open-data.s3.amazonaws.com/photos/679061640/medium.jpg,,"","",3,0,false,3,"Jacobson, MN, US",47.0055776652,-93.1536585088,1973396,,,,1973396,,,false,,,Bold Jumping Spider,Phidippus audax,Bold Jumping Spider,Arachnida,53809,Animalia,Arthropoda,Arachnida,Araneae,Salticidae,Salticinae,Dendryphantini,Phidippus,Phidippus audax
371657173,d04b8598-30c8-413f-8329-0b6cc1e71094,2026-06-14 10:59:50-05:00,2026-06-14,2026-06-14 15:59:50 UTC,Central Time (US & Canada),9643869,zack96679,Zack Stout,2026-06-14 16:49:32 UTC,2026-06-14 16:49:37 UTC,needs_id,CC-BY-NC,https://www.inaturalist.org/observations/371657173,https://inaturalist-open-data.s3.amazonaws.com/photos/679061928/medium.jpg,,"","",0,0,false,3,"La Prairie, MN, US",47.2192504281,-93.4907447917,1973396,,,,1973396,,,false,,,"",Tetraopes tetrophthalmus,Red Milkweed Beetle,Insecta,118559,Animalia,Arthropoda,Insecta,Coleoptera,Cerambycidae,Lamiinae,Tetraopini,Tetraopes,Tetraopes tetrophthalmus
371706416,e35b68da-edbb-4701-9bdb-dfda9aa11fc1,2026-06-14 13:55:01-05:00,2026-06-14,2026-06-14 18:55:01 UTC,Central Time (US & Canada),9643869,zack96679,Zack Stout,2026-06-14 18:59:35 UTC,2026-06-15 23:42:47 UTC,research,CC-BY-NC,https://www.inaturalist.org/observations/371706416,https://inaturalist-open-data.s3.amazonaws.com/photos/679151720/medium.jpg,,"","",1,0,false,3,"Grand Rapids, MN, US",47.0832080274,-93.3963767046,1973396,,,,1973396,,,false,,,Four-lined Plant Bug,Poecilocapsus lineatus,Four-lined Plant Bug,Insecta,126211,Animalia,Arthropoda,Insecta,Hemiptera,Miridae,Mirinae,Mirini,Poecilocapsus,Poecilocapsus lineatus
371706597,a2b5fe7f-5c7a-4e6f-8dab-5f833fdfe73b,2026-06-14 13:55:50-05:00,2026-06-14,2026-06-14 18:55:50 UTC,Central Time (US & Canada),9643869,zack96679,Zack Stout,2026-06-14 18:59:58 UTC,2026-06-14 19:00:01 UTC,needs_id,CC-BY-NC,https://www.inaturalist.org/observations/371706597,https://inaturalist-open-data.s3.amazonaws.com/photos/679151951/medium.jpg,,"","",0,0,false,3,"Palisade, MN, US",46.7264773646,-93.4991512866,1973396,,,,1973396,,,false,,,"",Euthochtha,,Insecta,119698,Animalia,Arthropoda,Insecta,Hemiptera,Coreidae,Coreinae,Acanthocerini,Euthochtha,
371706956,d4010e07-917c-492e-906c-e027e036055c,2026-06-14 13:58:33-05:00,2026-06-14,2026-06-14 18:58:33 UTC,Central Time (US & Canada),9643869,zack96679,Zack Stout,2026-06-14 19:00:47 UTC,2026-06-14 19:00:51 UTC,needs_id,CC-BY-NC,https://www.inaturalist.org/observations/371706956,https://inaturalist-open-data.s3.amazonaws.com/photos/679152557/medium.jpg,,"","",0,0,false,3,"Jacobson, MN, US",47.0105821006,-93.4032981785,1973396,,,,1973396,,,false,,,"",Isodontia mexicana,Mexican Grass-carrying Wasp,Insecta,203340,Animalia,Arthropoda,Insecta,Hymenoptera,Sphecidae,Sphecinae,Sphecini,Isodontia,Isodontia mexicana
371707137,26d4faee-77ab-4d42-9f31-edffabff75cd,2026-06-14 13:46:04-05:00,2026-06-14,2026-06-14 18:46:04 UTC,Central Time (US & Canada),9643869,zack96679,Zack Stout,2026-06-14 19:01:17 UTC,2026-07-12 14:04:12 UTC,research,CC-BY-NC,https://www.inaturalist.org/observations/371707137,https://inaturalist-open-data.s3.amazonaws.com/photos/679152956/medium.jpg,,"","",1,0,false,3,"Grand Rapids, MN, US",47.1380426964,-93.3784403578,1973396,,,,1973396,,,false,,,purple foxglove,Digitalis purpurea,purple foxglove,Plantae,53983,Plantae,Tracheophyta,Magnoliopsida,Lamiales,Plantaginaceae,,Digitalideae,Digitalis,Digitalis purpurea
371707576,ea3b0992-36b8-4a2b-9608-8274a716c0f2,2026-06-14 13:56:06-05:00,2026-06-14,2026-06-14 18:56:06 UTC,Central Time (US & Canada),9643869,zack96679,Zack Stout,2026-06-14 19:02:23 UTC,2026-06-14 19:02:27 UTC,needs_id,CC-BY-NC,https://www.inaturalist.org/observations/371707576,https://inaturalist-open-data.s3.amazonaws.com/photos/679153789/medium.jpg,,"","",0,0,false,3,"McGregor, MN, US",46.7798615964,-93.331358646,1973396,,,,1973396,,,false,,,"",Sarcophaga,Common Flesh Flies,Insecta,120489,Animalia,Arthropoda,Insecta,Diptera,Sarcophagidae,Sarcophaginae,,Sarcophaga,
371783167,4666362f-4d6f-4c38-b9d5-19b9bbe19c8f,2026-06-14 17:47:07-05:00,2026-06-14,2026-06-14 22:47:07 UTC,Central Time (US & Canada),9643869,zack96679,Zack Stout,2026-06-14 22:47:16 UTC,2026-06-14 23:52:15 UTC,casual,CC-BY-NC,https://www.inaturalist.org/observations/371783167,https://inaturalist-open-data.s3.amazonaws.com/photos/679337203/medium.jpg,,"","",0,0,true,3,"Buchanan St NE, Minneapolis, MN, US",44.9969798327,-93.2402024512,19,,,,19,,,false,,,"",Hosta,hostas,Plantae,82095,Plantae,Tracheophyta,Liliopsida,Asparagales,Asparagaceae,Agavoideae,,Hosta,
371809090,9011c382-14c4-4eb3-891e-a0fae422301e,2026-06-14 19:20:24-05:00,2026-06-14,2026-06-15 00:20:24 UTC,Central Time (US & Canada),9643869,zack96679,Zack Stout,2026-06-15 00:20:31 UTC,2026-06-15 00:20:36 UTC,casual,CC-BY-NC,https://www.inaturalist.org/observations/371809090,https://inaturalist-open-data.s3.amazonaws.com/photos/679351301/medium.jpg,,"","",0,0,true,3,"B.F. Nelson Park, Minneapolis, MN, US",44.9918470853,-93.2638395856,16,,,,16,,,false,,,"",Paeonia,Peonies,Plantae,58228,Plantae,Tracheophyta,Magnoliopsida,Saxifragales,Paeoniaceae,,,Paeonia,
371809924,3b67b2be-2845-494f-98eb-8591601bbe6c,2026-06-14 19:22:31-05:00,2026-06-14,2026-06-15 00:22:31 UTC,Central Time (US & Canada),9643869,zack96679,Zack Stout,2026-06-15 00:22:37 UTC,2026-06-15 00:22:43 UTC,needs_id,CC-BY-NC,https://www.inaturalist.org/observations/371809924,https://inaturalist-open-data.s3.amazonaws.com/photos/679352398/medium.jpg,,"","",0,0,false,3,"B.F. Nelson Park, Minneapolis, MN, US",44.9918173727,-93.2629172199,46,,,,46,,,false,,,"",Parthenocissus,Virginia Creepers,Plantae,50280,Plantae,Tracheophyta,Magnoliopsida,Vitales,Vitaceae,,,Parthenocissus,
371810042,d473102c-12b5-4ab8-95c9-a02e33e910a4,2026-06-14 19:22:49-05:00,2026-06-14,2026-06-15 00:22:49 UTC,Central Time (US & Canada),9643869,zack96679,Zack Stout,2026-06-15 00:22:59 UTC,2026-06-16 10:00:16 UTC,research,CC-BY-NC,https://www.inaturalist.org/observations/371810042,https://inaturalist-open-data.s3.amazonaws.com/photos/679352540/medium.jpg,,"","",2,0,false,3,"B.F. Nelson Park, Minneapolis, MN, US",44.9919547834,-93.2637590319,25,,,,25,,,false,,,white campion,Silene latifolia,white campion,Plantae,79109,Plantae,Tracheophyta,Magnoliopsida,Caryophyllales,Caryophyllaceae,Caryophylloideae,Sileneae,Silene,Silene latifolia
371810189,37a7acda-2a9f-4401-b792-d3024f69a626,2026-06-14 19:23:16-05:00,2026-06-14,2026-06-15 00:23:16 UTC,Central Time (US & Canada),9643869,zack96679,Zack Stout,2026-06-15 00:23:25 UTC,2026-06-16 20:09:26 UTC,research,CC-BY-NC,https://www.inaturalist.org/observations/371810189,https://inaturalist-open-data.s3.amazonaws.com/photos/679354371/medium.jpg,,"","",2,0,false,3,"B.F. Nelson Park, Minneapolis, MN, US",44.9914037297,-93.2649590728,3,,,,3,,open,false,,,white mulberry,Morus alba,white mulberry,Plantae,56090,Plantae,Tracheophyta,Magnoliopsida,Rosales,Moraceae,,Moreae,Morus,Morus alba
371811235,78071134-eff6-4ea0-bc03-5ee0fad2013f,2026-06-14 19:26:22-05:00,2026-06-14,2026-06-15 00:26:22 UTC,Central Time (US & Canada),9643869,zack96679,Zack Stout,2026-06-15 00:26:37 UTC,2026-06-16 20:09:35 UTC,research,CC-BY-NC,https://www.inaturalist.org/observations/371811235,https://inaturalist-open-data.s3.amazonaws.com/photos/679354420/medium.jpg,,"","",1,0,false,3,"Boom Island Park, Minneapolis, MN, US",44.9913410331,-93.2660369855,3,,,,3,,open,false,,,Eastern Cottonwood,Populus deltoides,Eastern Cottonwood,Plantae,52119,Plantae,Tracheophyta,Magnoliopsida,Malpighiales,Salicaceae,,,Populus,Populus deltoides
371811663,1dfc03ff-3c1c-4775-9628-3c6a0aaba882,2026-06-14 19:28:11-05:00,2026-06-14,2026-06-15 00:28:11 UTC,Central Time (US & Canada),9643869,zack96679,Zack Stout,2026-06-15 00:28:22 UTC,2026-06-15 00:28:29 UTC,needs_id,CC-BY-NC,https://www.inaturalist.org/observations/371811663,https://inaturalist-open-data.s3.amazonaws.com/photos/679355352/medium.jpg,,"","",0,0,false,3,"Boom Island Park, Minneapolis, MN, US",44.9912481197,-93.2652565465,3,,,,3,,,false,,,"",Rhus,sumacs,Plantae,54765,Plantae,Tracheophyta,Magnoliopsida,Sapindales,Anacardiaceae,Anacardioideae,,Rhus,
371819707,fe5ea8c6-920c-4f07-a458-0170181d9204,2026-06-14 20:02:04-05:00,2026-06-14,2026-06-15 01:02:04 UTC,Central Time (US & Canada),9643869,zack96679,Zack Stout,2026-06-15 01:02:17 UTC,2026-07-09 02:34:09 UTC,research,CC-BY-NC,https://www.inaturalist.org/observations/371819707,https://inaturalist-open-data.s3.amazonaws.com/photos/679372069/medium.jpg,,"","",1,0,false,3,"Mississippi River, Minneapolis, MN, US",44.9913147666,-93.2651658644,3,,,,3,,open,false,,,staghorn sumac,Rhus typhina,staghorn sumac,Plantae,167829,Plantae,Tracheophyta,Magnoliopsida,Sapindales,Anacardiaceae,Anacardioideae,,Rhus,Rhus typhina
371968524,c18cd166-69c3-48ec-ba68-cb5525e00187,2026-06-15 09:43:12-05:00,2026-06-15,2026-06-15 14:43:12 UTC,Central Time (US & Canada),9643869,zack96679,Zack Stout,2026-06-15 14:43:24 UTC,2026-06-15 14:54:16 UTC,needs_id,CC-BY-NC,https://www.inaturalist.org/observations/371968524,https://inaturalist-open-data.s3.amazonaws.com/photos/679662863/medium.jpg,,"","",1,0,false,3,"Buchanan St NE, Minneapolis, MN, US",44.9971790284,-93.2399577924,20,,,,20,,,false,,,Goutweed,Aegopodium podagraria,Goutweed,Plantae,51741,Plantae,Tracheophyta,Magnoliopsida,Apiales,Apiaceae,Apioideae,Careae,Aegopodium,Aegopodium podagraria
372052450,fd1f816b-d78f-4b01-8ab5-0b72c862030c,2026-06-15 14:15:38-05:00,2026-06-15,2026-06-15 19:15:38 UTC,Central Time (US & Canada),9643869,zack96679,Zack Stout,2026-06-15 19:16:07 UTC,2026-06-16 20:09:06 UTC,needs_id,CC-BY-NC,https://www.inaturalist.org/observations/372052450,https://inaturalist-open-data.s3.amazonaws.com/photos/680487086/medium.jpg,,"","",0,0,false,3,"Meadowlands, MN, US",47.2370961934,-92.7811661166,1973396,,,,1973396,,,false,,,"",Oxybelus,,Insecta,204899,Animalia,Arthropoda,Insecta,Hymenoptera,Crabronidae,Crabroninae,Oxybelini,Oxybelus,
372398640,c6618131-458f-4048-b9ee-b469c9708d2b,2026-06-16 15:08:03-05:00,2026-06-16,2026-06-16 20:08:03 UTC,Central Time (US & Canada),9643869,zack96679,Zack Stout,2026-06-16 20:09:06 UTC,2026-06-16 20:09:10 UTC,needs_id,CC-BY-NC,https://www.inaturalist.org/observations/372398640,https://inaturalist-open-data.s3.amazonaws.com/photos/680487142/medium.jpg,,"","",0,0,false,3,"Meadowlands, MN, US",47.1724969267,-92.9304702893,1973396,,,,1973396,,,false,,,"",Ancistrocerus waldenii,Walden’s Potter Wasp,Insecta,454731,Animalia,Arthropoda,Insecta,Hymenoptera,Vespidae,Eumeninae,,Ancistrocerus,Ancistrocerus waldenii
372453485,441a5784-e80b-4f74-8bc3-c8d3f8ae1341,2026-06-16 18:32:40-05:00,2026-06-16,2026-06-16 23:32:40 UTC,Central Time (US & Canada),9643869,zack96679,Zack Stout,2026-06-16 23:34:18 UTC,2026-06-22 00:26:02 UTC,needs_id,CC-BY-NC,https://www.inaturalist.org/observations/372453485,https://inaturalist-open-data.s3.amazonaws.com/photos/680592869/medium.jpg,,"","",1,0,false,3,"NE Buchanan St, Minneapolis, MN, US",45.0067127248,-93.2400208742,8329,,,,8329,,,false,,,Colourful Comb-footed Spiders,Parasteatoda,Colourful Comb-footed Spiders,Arachnida,120584,Animalia,Arthropoda,Arachnida,Araneae,Theridiidae,Theridiinae,,Parasteatoda,
373387493,e2dc6eb6-a3f6-42fe-b041-0b321558b0d8,2026-06-19 18:11:46-05:00,2026-06-19,2026-06-19 23:11:46 UTC,Central Time (US & Canada),9643869,zack96679,Zack Stout,2026-06-19 23:11:59 UTC,2026-06-21 16:22:27 UTC,needs_id,CC-BY-NC,https://www.inaturalist.org/observations/373387493,https://inaturalist-open-data.s3.amazonaws.com/photos/683506018/medium.jpg,,"","",0,0,false,3,"Buchanan St NE, Minneapolis, MN, US",44.9972006974,-93.2399785791,16,,,,16,,,false,,,"",Parietaria,pellitories,Plantae,57282,Plantae,Tracheophyta,Magnoliopsida,Rosales,Urticaceae,,Parietarieae,Parietaria,
373976190,5568409d-0009-416f-9e78-7db1f9414c69,2026-06-21 11:22:15-05:00,2026-06-21,2026-06-21 16:22:15 UTC,Central Time (US & Canada),9643869,zack96679,Zack Stout,2026-06-21 16:22:29 UTC,2026-06-21 16:22:36 UTC,needs_id,CC-BY-NC,https://www.inaturalist.org/observations/373976190,https://inaturalist-open-data.s3.amazonaws.com/photos/683506105/medium.jpg,,"","",0,0,false,3,"38th Ave S, Minneapolis, MN, US",44.9493789756,-93.2182446237,3,,,,3,,,false,,,"",Viola,Violets,Plantae,50829,Plantae,Tracheophyta,Magnoliopsida,Malpighiales,Violaceae,,,Viola,
373976240,62b1f832-0ff7-483c-80dc-893d9b9661e5,2026-06-21 11:22:34-05:00,2026-06-21,2026-06-21 16:22:34 UTC,Central Time (US & Canada),9643869,zack96679,Zack Stout,2026-06-21 16:22:40 UTC,2026-06-21 16:22:46 UTC,needs_id,CC-BY-NC,https://www.inaturalist.org/observations/373976240,https://inaturalist-open-data.s3.amazonaws.com/photos/683506199/medium.jpg,,"","",0,0,false,3,"38th Ave S, Minneapolis, MN, US",44.9493750504,-93.2182487712,3,,,,3,,,false,,,"",Asarum,wild gingers,Plantae,52861,Plantae,Tracheophyta,Magnoliopsida,Piperales,Aristolochiaceae,Asaroideae,,Asarum,
374136370,c4208bb5-a80f-41b9-b139-90a3b7e8ee13,2026-06-21 19:21:34-05:00,2026-06-21,2026-06-22 00:21:34 UTC,Central Time (US & Canada),9643869,zack96679,Zack Stout,2026-06-22 00:24:51 UTC,2026-06-22 00:24:55 UTC,needs_id,CC-BY-NC,https://www.inaturalist.org/observations/374136370,https://inaturalist-open-data.s3.amazonaws.com/photos/683812146/medium.jpg,,"","",0,0,false,3,"NE Lincoln St, Minneapolis, MN, US",45.0084339815,-93.2379595982,9925,,,,9925,,,false,,,"",Catocala,Underwing Moths,Insecta,83842,Animalia,Arthropoda,Insecta,Lepidoptera,Erebidae,Erebinae,Catocalini,Catocala,
374136463,4a179d1c-7b61-4a15-8f1d-a9e4c7ff8d84,2026-06-21 19:21:56-05:00,2026-06-21,2026-06-22 00:21:56 UTC,Central Time (US & Canada),9643869,zack96679,Zack Stout,2026-06-22 00:25:23 UTC,2026-06-22 00:25:28 UTC,needs_id,CC-BY-NC,https://www.inaturalist.org/observations/374136463,https://inaturalist-open-data.s3.amazonaws.com/photos/683812416/medium.jpg,,"","",0,0,false,3,"Hiawatha Golf Club, Minneapolis, MN, US",44.9240912372,-93.2429204362,11582,,,,11582,,,false,,,"",Phalangiidae,Phalangiid Harvestmen,Arachnida,57409,Animalia,Arthropoda,Arachnida,Opiliones,Phalangiidae,,,,
374136584,d0ff175a-bc22-40a9-a428-400c03e7a605,2026-06-21 19:24:03-05:00,2026-06-21,2026-06-22 00:24:03 UTC,Central Time (US & Canada),9643869,zack96679,Zack Stout,2026-06-22 00:25:46 UTC,2026-06-22 00:25:50 UTC,needs_id,CC-BY-NC,https://www.inaturalist.org/observations/374136584,https://inaturalist-open-data.s3.amazonaws.com/photos/683812574/medium.jpg,,"","",0,0,false,3,"E 34th St, Minneapolis, MN, US",44.9417550844,-93.222010954,4594,,,,4594,,,false,,,"",Slaterocoris,,Insecta,454122,Animalia,Arthropoda,Insecta,Hemiptera,Miridae,Orthotylinae,Orthotylini,Slaterocoris,
374137233,212965c7-5526-4584-9412-413c3f0e274a,2026-06-21 19:27:35-05:00,2026-06-21,2026-06-22 00:27:35 UTC,Central Time (US & Canada),9643869,zack96679,Zack Stout,2026-06-22 00:28:08 UTC,2026-06-22 00:28:12 UTC,needs_id,CC-BY-NC,https://www.inaturalist.org/observations/374137233,https://inaturalist-open-data.s3.amazonaws.com/photos/683813984/medium.jpg,,"","",0,0,false,3,"Stinson Blvd, St. Anthony, MN, US",45.0300790994,-93.2269013531,58782,,,,58782,,,false,,,"",Amphimallon,Summer Chafers,Insecta,173201,Animalia,Arthropoda,Insecta,Coleoptera,Scarabaeidae,Melolonthinae,Rhizotrogini,Amphimallon,
374141819,1d3213c1-c4b8-4c0e-add3-b6f43f7002d6,2026-06-21 19:44:52-05:00,2026-06-21,2026-06-22 00:44:52 UTC,Central Time (US & Canada),9643869,zack96679,Zack Stout,2026-06-22 00:45:21 UTC,2026-06-23 00:00:09 UTC,needs_id,CC-BY-NC,https://www.inaturalist.org/observations/374141819,https://inaturalist-open-data.s3.amazonaws.com/photos/683823419/medium.jpg,,"","",1,0,false,3,"NE Garfield St, Minneapolis, MN, US",45.0071035576,-93.2333577862,8790,,,,8790,,,false,,,Oxybelus,Oxybelus,,Insecta,204899,Animalia,Arthropoda,Insecta,Hymenoptera,Crabronidae,Crabroninae,Oxybelini,Oxybelus,
374440450,7b96e016-d341-4621-b2b3-880e803f659d,2026-06-22 17:46:31-05:00,2026-06-22,2026-06-22 22:46:31 UTC,Central Time (US & Canada),9643869,zack96679,Zack Stout,2026-06-22 22:46:56 UTC,2026-06-22 22:47:11 UTC,casual,CC-BY-NC,https://www.inaturalist.org/observations/374440450,https://inaturalist-open-data.s3.amazonaws.com/photos/684406112/medium.jpg,,"","",0,0,true,3,"Buchanan St NE, Minneapolis, MN, US",44.9971787222,-93.239987595,5,,,,5,,,false,,,"",Hylotelephium,Live-forever,Plantae,84036,Plantae,Tracheophyta,Magnoliopsida,Saxifragales,Crassulaceae,Sempervivoideae,Telephieae,Hylotelephium,
374457086,555eee3f-040a-4dd0-910d-abdb3832f28c,2026-06-22 18:17:44-05:00,2026-06-22,2026-06-22 23:17:44 UTC,Central Time (US & Canada),9643869,zack96679,Zack Stout,2026-06-23 00:01:17 UTC,2026-06-23 00:02:10 UTC,needs_id,CC-BY-NC,https://www.inaturalist.org/observations/374457086,https://inaturalist-open-data.s3.amazonaws.com/photos/684438853/medium.jpg,,"","",0,0,false,3,"LaBelle Park, Columbia Heights, MN, US",45.0431562855,-93.241296277,44026,,,,44026,,,false,,,"",Leia,,Insecta,248017,Animalia,Arthropoda,Insecta,Diptera,Mycetophilidae,Leiinae,Leiini,Leia,
374457253,8806d250-ae0f-47b9-8973-580346e3ef07,2026-06-22 18:22:06-05:00,2026-06-22,2026-06-22 23:22:06 UTC,Central Time (US & Canada),9643869,zack96679,Zack Stout,2026-06-23 00:02:10 UTC,2026-06-29 21:05:06 UTC,research,CC-BY-NC,https://www.inaturalist.org/observations/374457253,https://inaturalist-open-data.s3.amazonaws.com/photos/684439254/medium.jpg,,"","",2,0,false,3,"NE Ulysses St, Minneapolis, MN, US",45.0105806634,-93.235786177,12351,,,,12351,,,false,,,Coppery Leafhopper,Jikradia olitoria,Coppery Leafhopper,Insecta,363357,Animalia,Arthropoda,Insecta,Hemiptera,Cicadellidae,Coelidiinae,Teruliini,Jikradia,Jikradia olitoria
374457410,43a07178-92b1-4bcc-a117-188974dd37bb,2026-06-22 18:22:35-05:00,2026-06-22,2026-06-22 23:22:35 UTC,Central Time (US & Canada),9643869,zack96679,Zack Stout,2026-06-23 00:02:37 UTC,2026-06-27 17:05:29 UTC,needs_id,CC-BY-NC,https://www.inaturalist.org/observations/374457410,https://inaturalist-open-data.s3.amazonaws.com/photos/684439449/medium.jpg,,"","",1,0,false,3,"Johnson St NE, Minneapolis, MN, US",45.0107149669,-93.2366831303,13304,,,,13304,,,false,,,Colourful Comb-footed Spiders,Parasteatoda,Colourful Comb-footed Spiders,Arachnida,120584,Animalia,Arthropoda,Arachnida,Araneae,Theridiidae,Theridiinae,,Parasteatoda,
374457580,c6975ca4-a00d-4ab6-866e-7a4bee149987,2026-06-22 18:20:04-05:00,2026-06-22,2026-06-22 23:20:04 UTC,Central Time (US & Canada),9643869,zack96679,Zack Stout,2026-06-23 00:03:21 UTC,2026-06-27 17:05:16 UTC,needs_id,CC-BY-NC,https://www.inaturalist.org/observations/374457580,https://inaturalist-open-data.s3.amazonaws.com/photos/684439725/medium.jpg,,"","",1,0,false,3,"NE Lincoln St, Minneapolis, MN, US",45.0068379475,-93.2386733181,10554,,,,10554,,,false,,,Running Crab Spiders,Philodromus,Running Crab Spiders,Arachnida,56611,Animalia,Arthropoda,Arachnida,Araneae,Philodromidae,Philodrominae,,Philodromus,
374457728,d79d7551-83b6-41b7-ba02-3cb992954728,2026-06-22 18:19:15-05:00,2026-06-22,2026-06-22 23:19:15 UTC,Central Time (US & Canada),9643869,zack96679,Zack Stout,2026-06-23 00:04:01 UTC,2026-06-23 00:04:12 UTC,needs_id,CC-BY-NC,https://www.inaturalist.org/observations/374457728,https://inaturalist-open-data.s3.amazonaws.com/photos/684440012/medium.jpg,,"","",0,0,false,3,"NE Lincoln St, Minneapolis, MN, US",45.0058740238,-93.2388247245,7320,,,,7320,,,false,,,"",Macrosiphini,,Insecta,373734,Animalia,Arthropoda,Insecta,Hemiptera,Aphididae,Aphidinae,Macrosiphini,,
374459858,ed9bb857-a3bc-4a12-8cec-74c41c18f1c7,2026-06-22 19:12:22-05:00,2026-06-22,2026-06-23 00:12:22 UTC,Central Time (US & Canada),9643869,zack96679,Zack Stout,2026-06-23 00:12:53 UTC,2026-06-23 00:12:57 UTC,needs_id,CC-BY-NC,https://www.inaturalist.org/observations/374459858,https://inaturalist-open-data.s3.amazonaws.com/photos/684444012/medium.jpg,,"","",0,0,false,3,"Windom Northeast Park, Minneapolis, MN, US",45.0125864928,-93.2355874817,14050,,,,14050,,,false,,,"",Chrysoperla,Common Green Lacewings,Insecta,59441,Animalia,Arthropoda,Insecta,Neuroptera,Chrysopidae,Chrysopinae,Chrysopini,Chrysoperla,
374460674,629979f6-fbdc-466a-a364-d3edd5b7de85,2026-06-22 19:16:07-05:00,2026-06-22,2026-06-23 00:16:07 UTC,Central Time (US & Canada),9643869,zack96679,Zack Stout,2026-06-23 00:16:36 UTC,2026-06-23 00:16:39 UTC,needs_id,CC-BY-NC,https://www.inaturalist.org/observations/374460674,https://inaturalist-open-data.s3.amazonaws.com/photos/684445684/medium.jpg,,"","",0,0,false,3,"Pierce St NE, Minneapolis, MN, US",45.0122421625,-93.2412947861,15778,,,,15778,,,false,,,"",Acanalonia bivittata,Two-striped Planthopper,Insecta,132225,Animalia,Arthropoda,Insecta,Hemiptera,Acanaloniidae,,,Acanalonia,Acanalonia bivittata
374479479,c17544d4-1dc3-47f7-8e93-e5e852ed589f,2026-06-22 20:48:27-05:00,2026-06-22,2026-06-23 01:48:27 UTC,Central Time (US & Canada),9643869,zack96679,Zack Stout,2026-06-23 01:48:33 UTC,2026-07-29 17:57:19 UTC,research,CC-BY-NC,https://www.inaturalist.org/observations/374479479,https://inaturalist-open-data.s3.amazonaws.com/photos/684752033/medium.jpg,,"","",1,0,false,3,"NE Fillmore St, Minneapolis, MN, US",45.0042326432,-93.2424070928,3,,,,3,,,false,,,field penny-cress,Thlaspi arvense,field penny-cress,Plantae,79358,Plantae,Tracheophyta,Magnoliopsida,Brassicales,Brassicaceae,Brassicoideae,Thlaspideae,Thlaspi,Thlaspi arvense
374479658,c9c19dd9-021b-45cf-ab58-d3ae1f4dd18c,2026-06-22 20:48:51-05:00,2026-06-22,2026-06-23 01:48:51 UTC,Central Time (US & Canada),9643869,zack96679,Zack Stout,2026-06-23 01:49:23 UTC,2026-06-23 15:03:57 UTC,needs_id,CC-BY-NC,https://www.inaturalist.org/observations/374479658,https://inaturalist-open-data.s3.amazonaws.com/photos/684752162/medium.jpg,,"","",0,0,false,3,"NE Fillmore St, Minneapolis, MN, US",45.0042082694,-93.2423491823,5,,,,5,,,false,,,"",Sisymbrium,Hedgemustards,Plantae,53267,Plantae,Tracheophyta,Magnoliopsida,Brassicales,Brassicaceae,Brassicoideae,Sisymbrieae,Sisymbrium,
375368099,50b18ce7-3979-41ee-8214-26cd3350b766,2026-06-25 17:59:33-05:00,2026-06-25,2026-06-25 22:59:33 UTC,Central Time (US & Canada),9643869,zack96679,Zack Stout,2026-06-25 23:02:36 UTC,2026-06-27 03:11:58 UTC,research,CC-BY-NC,https://www.inaturalist.org/observations/375368099,https://inaturalist-open-data.s3.amazonaws.com/photos/686206007/medium.jpg,,"","",1,0,false,3,"W River Pkwy, Minneapolis, MN, US",44.9775371105,-93.2484509039,6915,,,,6915,,,false,,,Coppery Leafhopper,Jikradia olitoria,Coppery Leafhopper,Insecta,363357,Animalia,Arthropoda,Insecta,Hemiptera,Cicadellidae,Coelidiinae,Teruliini,Jikradia,Jikradia olitoria
375370279,c56dcfab-45bc-41d1-a635-33cfa916843c,2026-06-25 18:11:36-05:00,2026-06-25,2026-06-25 23:11:36 UTC,Central Time (US & Canada),9643869,zack96679,Zack Stout,2026-06-25 23:11:45 UTC,2026-06-25 23:11:55 UTC,needs_id,CC-BY-NC,https://www.inaturalist.org/observations/375370279,https://inaturalist-open-data.s3.amazonaws.com/photos/686209912/medium.jpg,,"","",0,0,false,3,"E 22nd St, Minneapolis, MN, US",44.9613079507,-93.2394977436,38,,,,38,,open,false,,,"",Pinus sylvestris,Scots pine,Plantae,58722,Plantae,Tracheophyta,Pinopsida,Pinales,Pinaceae,Pinoideae,,Pinus,Pinus sylvestris
375370358,092b8864-cfad-4a22-80ad-1575a0d9334f,2026-06-25 18:11:56-05:00,2026-06-25,2026-06-25 23:11:56 UTC,Central Time (US & Canada),9643869,zack96679,Zack Stout,2026-06-25 23:12:05 UTC,2026-06-25 23:12:12 UTC,needs_id,CC-BY-NC,https://www.inaturalist.org/observations/375370358,https://inaturalist-open-data.s3.amazonaws.com/photos/686210027/medium.jpg,,"","",0,0,false,3,"23rd Ave S, Minneapolis, MN, US",44.96120888,-93.2391414006,15,,,,15,,open,false,,,"",Pinus resinosa,red pine,Plantae,52383,Plantae,Tracheophyta,Pinopsida,Pinales,Pinaceae,Pinoideae,,Pinus,Pinus resinosa
375370437,315249cb-2c55-4f3c-9b17-411539142d7d,2026-06-25 18:12:19-05:00,2026-06-25,2026-06-25 23:12:19 UTC,Central Time (US & Canada),9643869,zack96679,Zack Stout,2026-06-25 23:12:27 UTC,2026-07-03 18:49:45 UTC,research,CC-BY-NC,https://www.inaturalist.org/observations/375370437,https://inaturalist-open-data.s3.amazonaws.com/photos/686210183/medium.jpg,,"","",1,0,false,3,"23rd Ave S, Minneapolis, MN, US",44.9611943328,-93.2391282393,109,,,,109,,open,false,,,eastern redcedar,Juniperus virginiana,eastern redcedar,Plantae,49399,Plantae,Tracheophyta,Pinopsida,Pinales,Cupressaceae,Cupressoideae,,Juniperus,Juniperus virginiana
375376939,b43bb44b-2c34-4ff1-97e8-44585f02eef5,2026-06-25 18:43:19-05:00,2026-06-25,2026-06-25 23:43:19 UTC,Central Time (US & Canada),9643869,zack96679,Zack Stout,2026-06-25 23:43:25 UTC,2026-06-27 17:04:55 UTC,casual,CC-BY-NC,https://www.inaturalist.org/observations/375376939,https://inaturalist-open-data.s3.amazonaws.com/photos/686222883/medium.jpg,,"","",1,0,true,3,"E 22nd St, Minneapolis, MN, US",44.961131701,-93.2390121398,13,,,,13,,,false,,,anise hyssop,Agastache foeniculum,anise hyssop,Plantae,158076,Plantae,Tracheophyta,Magnoliopsida,Lamiales,Lamiaceae,Nepetoideae,Mentheae,Agastache,Agastache foeniculum
375377086,90f38a03-273f-4c21-a222-5c34323dfe36,2026-06-25 18:43:44-05:00,2026-06-25,2026-06-25 23:43:44 UTC,Central Time (US & Canada),9643869,zack96679,Zack Stout,2026-06-25 23:43:49 UTC,2026-06-25 23:43:53 UTC,needs_id,CC-BY-NC,https://www.inaturalist.org/observations/375377086,https://inaturalist-open-data.s3.amazonaws.com/photos/686223080/medium.jpg,,"","",0,0,false,3,"E 22nd St, Minneapolis, MN, US",44.9612222147,-93.2389604208,17,,,,17,,,false,,,"",Scrophularia,figworts,Plantae,50809,Plantae,Tracheophyta,Magnoliopsida,Lamiales,Scrophulariaceae,,Scrophularieae,Scrophularia,
375377542,c1d2a031-688d-4dc6-b686-bc55d8c8c6a3,2026-06-25 18:45:17-05:00,2026-06-25,2026-06-25 23:45:17 UTC,Central Time (US & Canada),9643869,zack96679,Zack Stout,2026-06-25 23:45:24 UTC,2026-06-26 00:15:31 UTC,needs_id,CC-BY-NC,https://www.inaturalist.org/observations/375377542,https://inaturalist-open-data.s3.amazonaws.com/photos/686237672/medium.jpg,,"","",0,0,false,3,"23rd Ave S, Minneapolis, MN, US",44.9612082561,-93.2388637132,13,,,,13,,,false,,,"",Eutrochium,Joe-Pye weeds,Plantae,85380,Plantae,Tracheophyta,Magnoliopsida,Asterales,Asteraceae,Asteroideae,Eupatorieae,Eutrochium,
375383987,e19d8885-b4b7-44f8-bf18-4672350b4011,2026-06-25 19:15:09-05:00,2026-06-25,2026-06-26 00:15:09 UTC,Central Time (US & Canada),9643869,zack96679,Zack Stout,2026-06-26 00:15:32 UTC,2026-06-26 00:15:38 UTC,needs_id,CC-BY-NC,https://www.inaturalist.org/observations/375383987,https://inaturalist-open-data.s3.amazonaws.com/photos/686237714/medium.jpg,,"","",0,0,false,3,"23rd Ave S, Minneapolis, MN, US",44.9611901527,-93.2389033571,16,,,,16,,,false,,,"",Vernonia,ironweeds,Plantae,121959,Plantae,Tracheophyta,Magnoliopsida,Asterales,Asteraceae,Vernonioideae,Vernonieae,Vernonia,
375384036,fd497d30-c4f9-469e-96e7-599eee91f0c2,2026-06-25 19:15:44-05:00,2026-06-25,2026-06-26 00:15:44 UTC,Central Time (US & Canada),9643869,zack96679,Zack Stout,2026-06-26 00:15:49 UTC,2026-06-27 17:04:43 UTC,research,CC-BY-NC,https://www.inaturalist.org/observations/375384036,https://inaturalist-open-data.s3.amazonaws.com/photos/686237804/medium.jpg,,"","",1,0,false,3,"23rd Ave S, Minneapolis, MN, US",44.9611901672,-93.2389034238,12,,,,12,,,false,,,Culver's root,Veronicastrum virginicum,Culver's root,Plantae,141767,Plantae,Tracheophyta,Magnoliopsida,Lamiales,Plantaginaceae,,Veroniceae,Veronicastrum,Veronicastrum virginicum
375384122,8b89fa15-d361-4b8c-86a2-8003c172c918,2026-06-25 19:16:01-05:00,2026-06-25,2026-06-26 00:16:01 UTC,Central Time (US & Canada),9643869,zack96679,Zack Stout,2026-06-26 00:16:10 UTC,2026-06-26 00:21:48 UTC,needs_id,CC-BY-NC,https://www.inaturalist.org/observations/375384122,https://inaturalist-open-data.s3.amazonaws.com/photos/686240084/medium.jpg,,"","",0,0,false,3,"23rd Ave S, Minneapolis, MN, US",44.9612126172,-93.2390423466,14,,,,14,,,false,,,"",Desmodium,ticktrefoils,Plantae,85324,Plantae,Tracheophyta,Magnoliopsida,Fabales,Fabaceae,Faboideae,Desmodieae,Desmodium,
375385322,c1408613-2e23-45b8-bad9-429dca4c01c1,2026-06-25 19:17:00-05:00,2026-06-25,2026-06-26 00:17:00 UTC,Central Time (US & Canada),9643869,zack96679,Zack Stout,2026-06-26 00:21:49 UTC,2026-06-27 22:35:32 UTC,needs_id,CC-BY-NC,https://www.inaturalist.org/observations/375385322,https://inaturalist-open-data.s3.amazonaws.com/photos/686240109/medium.jpg,,"","",0,0,false,3,"University of Minnesota, Minneapolis, MN, US",44.9699325555,-93.2418520321,17494,,,,17494,,,false,,,Thaumatomyia glabra,Thaumatomyia glabra,,Insecta,133767,Animalia,Arthropoda,Insecta,Diptera,Chloropidae,Chloropinae,Mindini,Thaumatomyia,Thaumatomyia glabra
375385347,b39b1658-62fd-4276-a1d2-159c8e74ffbb,2026-06-25 19:21:37-05:00,2026-06-25,2026-06-26 00:21:37 UTC,Central Time (US & Canada),9643869,zack96679,Zack Stout,2026-06-26 00:21:56 UTC,2026-06-26 00:22:02 UTC,needs_id,CC-BY-NC,https://www.inaturalist.org/observations/375385347,https://inaturalist-open-data.s3.amazonaws.com/photos/686240160/medium.jpg,,"","",0,0,false,3,"23rd Ave S, Minneapolis, MN, US",44.9611902351,-93.2389037348,15,,,,15,,,false,,,"",Plantago,plantains,Plantae,50636,Plantae,Tracheophyta,Magnoliopsida,Lamiales,Plantaginaceae,,Plantagineae,Plantago,
375849871,b9930414-16d3-49e0-b2da-eef5f9fc3da9,2026-06-27 10:08:52-05:00,2026-06-27,2026-06-27 15:08:52 UTC,Central Time (US & Canada),9643869,zack96679,Zack Stout,2026-06-27 15:09:00 UTC,2026-06-27 15:09:07 UTC,needs_id,CC-BY-NC,https://www.inaturalist.org/observations/375849871,https://inaturalist-open-data.s3.amazonaws.com/photos/687146244/medium.jpg,,"","",0,0,false,3,"Buchanan St NE, Minneapolis, MN, US",44.9971804699,-93.2399940156,5,,,,5,,,false,,,"",Malva,Mallows,Plantae,55978,Plantae,Tracheophyta,Magnoliopsida,Malvales,Malvaceae,Malvoideae,Malveae,Malva,
375879292,ea178ab9-3cd6-44e3-8145-c8b7024635cb,2026-06-27 11:39:28-05:00,2026-06-27,2026-06-27 16:39:28 UTC,Central Time (US & Canada),9643869,zack96679,Zack Stout,2026-06-27 16:39:35 UTC,2026-06-29 17:23:51 UTC,research,CC-BY-NC,https://www.inaturalist.org/observations/375879292,https://inaturalist-open-data.s3.amazonaws.com/photos/687200229/medium.jpg,,"","",1,0,false,3,"Buchanan St NE, Minneapolis, MN, US",44.9971935534,-93.2400390923,11,,,,11,,,false,,,Catnip,Nepeta cataria,Catnip,Plantae,48622,Plantae,Tracheophyta,Magnoliopsida,Lamiales,Lamiaceae,Nepetoideae,Mentheae,Nepeta,Nepeta cataria
375944430,3fe3ce80-f825-4132-a6a6-7df5a9e1ac9a,2026-06-27 14:50:45-05:00,2026-06-27,2026-06-27 19:50:45 UTC,Central Time (US & Canada),9643869,zack96679,Zack Stout,2026-06-27 19:51:15 UTC,2026-06-27 19:58:17 UTC,research,CC-BY-NC,https://www.inaturalist.org/observations/375944430,https://inaturalist-open-data.s3.amazonaws.com/photos/687321879/medium.jpg,,"","",1,0,false,3,"Medtronic Pkwy, Fridley, MN, US",45.070601661,-93.2515638427,50148,,,,50148,,open,false,,,Red Admiral,Vanessa atalanta,Red Admiral,Insecta,49133,Animalia,Arthropoda,Insecta,Lepidoptera,Nymphalidae,Nymphalinae,Nymphalini,Vanessa,Vanessa atalanta
375944836,6a399983-20a7-4cae-af05-82aca52d0f07,2026-06-27 11:04:12-05:00,2026-06-27,2026-06-27 16:04:12 UTC,Central Time (US & Canada),9643869,zack96679,Zack Stout,2026-06-27 19:52:22 UTC,2026-06-27 20:34:32 UTC,research,CC-BY-NC,https://www.inaturalist.org/observations/375944836,https://inaturalist-open-data.s3.amazonaws.com/photos/687322551/medium.jpg,,"","",3,0,false,3,"Wilson St NE, St. Anthony, MN, US",45.0250930046,-93.2231927396,30995,,,,30995,,open,false,,,Monarch,Danaus plexippus,Monarch,Insecta,48662,Animalia,Arthropoda,Insecta,Lepidoptera,Nymphalidae,Danainae,Danaini,Danaus,Danaus plexippus
375992911,37e8d6bd-0f47-45c4-8d3b-96e021735332,2026-06-27 17:29:50-05:00,2026-06-27,2026-06-27 22:29:50 UTC,Central Time (US & Canada),9643869,zack96679,Zack Stout,2026-06-27 22:30:00 UTC,2026-07-23 01:53:07 UTC,research,CC-BY-NC,https://www.inaturalist.org/observations/375992911,https://inaturalist-open-data.s3.amazonaws.com/photos/687438012/medium.jpg,,"","",1,0,false,3,"Buchanan St NE, Minneapolis, MN, US",44.997180351,-93.2400616743,10,,,,10,,,false,,,Slender Smoothtail,Epistrophella emarginata,Slender Smoothtail,Insecta,499329,Animalia,Arthropoda,Insecta,Diptera,Syrphidae,Syrphinae,Syrphini,Epistrophella,Epistrophella emarginata
376006350,df05d0cb-380b-41e0-a874-c29dfeff39b9,2026-06-27 18:17:33-05:00,2026-06-27,2026-06-27 23:17:33 UTC,Central Time (US & Canada),9643869,zack96679,Zack Stout,2026-06-27 23:17:40 UTC,2026-06-29 17:23:57 UTC,research,CC-BY-NC,https://www.inaturalist.org/observations/376006350,https://inaturalist-open-data.s3.amazonaws.com/photos/687469771/medium.jpg,,"","",2,0,false,3,"Buchanan St NE, Minneapolis, MN, US",44.9971558162,-93.240009365,13,,,,13,,open,false,,,Eastern Cottontail,Sylvilagus floridanus,Eastern Cottontail,Mammalia,43111,Animalia,Chordata,Mammalia,Lagomorpha,Leporidae,,,Sylvilagus,Sylvilagus floridanus
376022284,9282cd47-a4a7-4c0f-8f03-faf0922c8de4,2026-06-27 18:13:00-05:00,2026-06-27,2026-06-27 23:13:00 UTC,Central Time (US & Canada),9643869,zack96679,Zack Stout,2026-06-28 00:18:43 UTC,2026-06-28 00:18:47 UTC,needs_id,CC-BY-NC,https://www.inaturalist.org/observations/376022284,https://inaturalist-open-data.s3.amazonaws.com/photos/687469807/medium.jpg,,"","",0,0,false,3,"Central Ave NE, Minneapolis, MN, US",45.0269498128,-93.2469284666,33936,,,,33936,,,false,,,"",Succineinae,,Mollusca,1252596,Animalia,Mollusca,Gastropoda,Stylommatophora,Succineidae,Succineinae,,,
376022368,8e197410-7ede-4db0-9968-0b5bcb2a0298,2026-06-27 18:11:26-05:00,2026-06-27,2026-06-27 23:11:26 UTC,Central Time (US & Canada),9643869,zack96679,Zack Stout,2026-06-28 00:19:03 UTC,2026-06-28 00:19:07 UTC,needs_id,CC-BY-NC,https://www.inaturalist.org/observations/376022368,https://inaturalist-open-data.s3.amazonaws.com/photos/687469975/medium.jpg,,"","",0,0,false,3,"NE Taylor St, Minneapolis, MN, US",45.0141389608,-93.2431785604,16908,,,,16908,,,false,,,"",Melanoplinae,Spur-throated Grasshoppers,Insecta,328102,Animalia,Arthropoda,Insecta,Orthoptera,Acrididae,Melanoplinae,,,
376022477,1a2ad8e8-4c1b-405a-b227-7cc9679dacc9,2026-06-27 18:10:58-05:00,2026-06-27,2026-06-27 23:10:58 UTC,Central Time (US & Canada),9643869,zack96679,Zack Stout,2026-06-28 00:19:30 UTC,2026-06-28 05:29:45 UTC,needs_id,CC-BY-NC,https://www.inaturalist.org/observations/376022477,https://inaturalist-open-data.s3.amazonaws.com/photos/687605801/medium.jpg,,"","",0,0,false,3,"NE 18th Ave, Minneapolis, MN, US",45.0060975341,-93.2392256074,8050,,,,8050,,,false,,,"",Polistes,Umbrella Paper Wasps,Insecta,52756,Animalia,Arthropoda,Insecta,Hymenoptera,Vespidae,Polistinae,Polistini,Polistes,
376088441,bb42a37b-52da-4f91-8c97-244d68272449,2026-06-28 00:29:39-05:00,2026-06-28,2026-06-28 05:29:39 UTC,Central Time (US & Canada),9643869,zack96679,Zack Stout,2026-06-28 05:29:46 UTC,2026-07-07 23:37:26 UTC,needs_id,CC-BY-NC,https://www.inaturalist.org/observations/376088441,https://inaturalist-open-data.s3.amazonaws.com/photos/687605829/medium.jpg,,"","",0,0,false,3,"Central Ave NE, Minneapolis, MN, US",44.9958743698,-93.2477340569,27,,,,27,,,false,,,"",Angiospermae,flowering plants,Plantae,47125,Plantae,Tracheophyta,,,,,,,
376088491,e2104711-10ee-404a-90cf-7aacbc7be4c5,2026-06-28 00:30:05-05:00,2026-06-28,2026-06-28 05:30:05 UTC,Central Time (US & Canada),9643869,zack96679,Zack Stout,2026-06-28 05:30:09 UTC,2026-07-09 02:42:26 UTC,needs_id,CC-BY-NC,https://www.inaturalist.org/observations/376088491,https://inaturalist-open-data.s3.amazonaws.com/photos/687605929/medium.jpg,,"","",0,0,false,3,"Central Ave NE, Minneapolis, MN, US",44.9959731048,-93.247234976,14,,,,14,,,false,,,"",Magnoliopsida,Dicots,Plantae,47124,Plantae,Tracheophyta,Magnoliopsida,,,,,,
376595427,40840026-bff0-45d0-8066-6d80fcfe1ce4,2026-06-29 12:15:03-05:00,2026-06-29,2026-06-29 17:15:03 UTC,Central Time (US & Canada),9643869,zack96679,Zack Stout,2026-06-29 17:15:13 UTC,2026-06-29 17:23:50 UTC,needs_id,CC-BY-NC,https://www.inaturalist.org/observations/376595427,https://inaturalist-open-data.s3.amazonaws.com/photos/688582069/medium.jpg,,"","",0,0,false,3,"Buchanan St NE, Minneapolis, MN, US",44.9971271342,-93.2399217166,16,,,,16,,,false,,,"",Erigeron,fleabanes and horseweeds,Plantae,50879,Plantae,Tracheophyta,Magnoliopsida,Asterales,Asteraceae,Asteroideae,Astereae,Erigeron,
376665307,7519d124-3aa9-4efa-a21e-f220ad3b0999,2026-06-29 16:21:03-05:00,2026-06-29,2026-06-29 21:21:03 UTC,Central Time (US & Canada),9643869,zack96679,Zack Stout,2026-06-29 21:21:13 UTC,2026-06-29 21:24:06 UTC,needs_id,CC-BY-NC,https://www.inaturalist.org/observations/376665307,https://inaturalist-open-data.s3.amazonaws.com/photos/688713215/medium.jpg,,"","",0,0,false,3,"Buchanan St NE, Minneapolis, MN, US",44.9971390755,-93.2397715712,4,,,,4,,,false,,,"",Chenopodium album,Common Lambsquarters,Plantae,58127,Plantae,Tracheophyta,Magnoliopsida,Caryophyllales,Amaranthaceae,Chenopodioideae,Chenopodieae,Chenopodium,Chenopodium album
376666008,de5d6f77-9059-4232-8b1c-355b0bf9d997,2026-06-29 16:21:26-05:00,2026-06-29,2026-06-29 21:21:26 UTC,Central Time (US & Canada),9643869,zack96679,Zack Stout,2026-06-29 21:24:07 UTC,2026-06-29 21:24:17 UTC,needs_id,CC-BY-NC,https://www.inaturalist.org/observations/376666008,https://inaturalist-open-data.s3.amazonaws.com/photos/688713307/medium.jpg,,"","",0,0,false,3,"Buchanan St NE, Minneapolis, MN, US",44.9971590025,-93.2399992388,20,,,,20,,,false,,,"",Lactuca,wild lettuces,Plantae,53106,Plantae,Tracheophyta,Magnoliopsida,Asterales,Asteraceae,Cichorioideae,Cichorieae,Lactuca,
376666103,8925ae89-a5cd-4acc-a1d4-0bf72dfc1ed1,2026-06-29 16:24:14-05:00,2026-06-29,2026-06-29 21:24:14 UTC,Central Time (US & Canada),9643869,zack96679,Zack Stout,2026-06-29 21:24:24 UTC,2026-07-01 22:42:59 UTC,research,CC-BY-NC,https://www.inaturalist.org/observations/376666103,https://inaturalist-open-data.s3.amazonaws.com/photos/688714499/medium.jpg,,"","",1,0,false,3,"Buchanan St NE, Minneapolis, MN, US",44.9971811965,-93.2399932832,5,,,,5,,open,false,,,wild bergamot,Monarda fistulosa,wild bergamot,Plantae,85320,Plantae,Tracheophyta,Magnoliopsida,Lamiales,Lamiaceae,Nepetoideae,Mentheae,Monarda,Monarda fistulosa
376666760,47a80a56-e238-409d-ba76-5479476d091f,2026-06-29 16:26:53-05:00,2026-06-29,2026-06-29 21:26:53 UTC,Central Time (US & Canada),9643869,zack96679,Zack Stout,2026-06-29 21:27:17 UTC,2026-06-29 21:27:23 UTC,needs_id,CC-BY-NC,https://www.inaturalist.org/observations/376666760,https://inaturalist-open-data.s3.amazonaws.com/photos/688714548/medium.jpg,,"","",0,0,false,3,"Buchanan St NE, Minneapolis, MN, US",44.9971589518,-93.2399991423,19,,,,19,,,false,,,"",Melanoplus,North American Spur-throated Grasshoppers,Insecta,63523,Animalia,Arthropoda,Insecta,Orthoptera,Acrididae,Melanoplinae,Melanoplini,Melanoplus,
376667057,87fa7501-4a82-401a-91db-c51bda007e29,2026-06-29 16:27:51-05:00,2026-06-29,2026-06-29 21:27:51 UTC,Central Time (US & Canada),9643869,zack96679,Zack Stout,2026-06-29 21:28:30 UTC,2026-08-16 07:26:40 UTC,research,CC-BY-NC,https://www.inaturalist.org/observations/376667057,https://inaturalist-open-data.s3.amazonaws.com/photos/688715104/medium.jpg,,"","",1,0,false,3,"NE 26th Ave, Minneapolis, MN, US",45.0152496623,-93.2432074826,17885,,,,17885,,,false,,,Lily Leaf Beetle,Lilioceris lilii,Lily Leaf Beetle,Insecta,55761,Animalia,Arthropoda,Insecta,Coleoptera,Chrysomelidae,Criocerinae,Criocerini,Lilioceris,Lilioceris lilii
376668636,557ab98a-7f97-4284-9cb8-e9ea298a2aff,2026-06-25 18:00:47-05:00,2026-06-25,2026-06-25 23:00:47 UTC,Central Time (US & Canada),9643869,zack96679,Zack Stout,2026-06-29 21:35:16 UTC,2026-07-01 22:41:33 UTC,research,CC-BY-NC,https://www.inaturalist.org/observations/376668636,https://inaturalist-open-data.s3.amazonaws.com/photos/688718536/medium.jpg,,"","",2,0,false,3,"NE Lincoln St, Minneapolis, MN, US",45.0101599211,-93.2384158058,12742,,,,12742,,,false,,,Asian Lady Beetle,Harmonia axyridis,Asian Lady Beetle,Insecta,48484,Animalia,Arthropoda,Insecta,Coleoptera,Coccinellidae,Coccinellinae,Coccinellini,Harmonia,Harmonia axyridis
376694603,eab38a60-7080-43d6-8e60-49bdd989a77d,2026-06-29 16:24:43-05:00,2026-06-29,2026-06-29 21:24:43 UTC,Central Time (US & Canada),9643869,zack96679,Zack Stout,2026-06-29 23:31:39 UTC,2026-06-29 23:31:47 UTC,needs_id,CC-BY-NC,https://www.inaturalist.org/observations/376694603,https://inaturalist-open-data.s3.amazonaws.com/photos/688770909/medium.jpg,,"","",0,0,false,3,"Rice Creek Dr NE, Fridley, MN, US",45.0794527169,-93.2317175565,70547,,,,70547,,,false,,,"",Chrysoperla plorabunda,Weeping Green Lacewing,Insecta,128932,Animalia,Arthropoda,Insecta,Neuroptera,Chrysopidae,Chrysopinae,Chrysopini,Chrysoperla,Chrysoperla plorabunda
376695567,f4c7e26f-8110-4e3e-9931-1da9a0d25f1f,2026-06-29 18:33:35-05:00,2026-06-29,2026-06-29 23:33:35 UTC,Central Time (US & Canada),9643869,zack96679,Zack Stout,2026-06-29 23:36:22 UTC,2026-07-01 22:42:40 UTC,needs_id,CC-BY-NC,https://www.inaturalist.org/observations/376695567,https://inaturalist-open-data.s3.amazonaws.com/photos/688773259/medium.jpg,,"","",2,0,false,3,"NE Lincoln St, Minneapolis, MN, US",45.0067075665,-93.2388932666,16348,,,,16348,,,false,,,Tetragnatha,Tetragnatha,,Arachnida,47550,Animalia,Arthropoda,Arachnida,Araneae,Tetragnathidae,Tetragnathinae,,Tetragnatha,
376695981,be1c6aef-0b43-4460-af0f-712a43955ed8,2026-06-29 18:34:11-05:00,2026-06-29,2026-06-29 23:34:11 UTC,Central Time (US & Canada),9643869,zack96679,Zack Stout,2026-06-29 23:38:05 UTC,2026-07-01 22:42:22 UTC,needs_id,CC-BY-NC,https://www.inaturalist.org/observations/376695981,https://inaturalist-open-data.s3.amazonaws.com/photos/688774065/medium.jpg,,"","",1,0,false,3,"Windom Northeast Park, Minneapolis, MN, US",45.012902283,-93.2355467973,22025,,,,22025,,,false,,,Entelegyne Spiders,Entelegynae,Entelegyne Spiders,Arachnida,342614,Animalia,Arthropoda,Arachnida,Araneae,,,,,
376698096,776185f5-6473-4e09-802d-f443e29efc27,2026-06-29 18:48:05-05:00,2026-06-29,2026-06-29 23:48:05 UTC,Central Time (US & Canada),9643869,zack96679,Zack Stout,2026-06-29 23:48:52 UTC,2026-06-30 12:59:28 UTC,needs_id,CC-BY-NC,https://www.inaturalist.org/observations/376698096,https://inaturalist-open-data.s3.amazonaws.com/photos/688778749/medium.jpg,,"","",1,0,false,3,"NE Fillmore St, Minneapolis, MN, US",45.0331879407,-93.2416115027,32271,,,,32271,,,false,,,Sheet-weavers,Linyphiinae,Sheet-weavers,Arachnida,1296719,Animalia,Arthropoda,Arachnida,Araneae,Linyphiidae,Linyphiinae,,,
376709036,ed5808bd-47af-486a-a3bd-efdf53a84863,2026-06-29 19:34:20-05:00,2026-06-29,2026-06-30 00:34:20 UTC,Central Time (US & Canada),9643869,zack96679,Zack Stout,2026-06-30 00:39:02 UTC,2026-07-01 22:41:55 UTC,research,CC-BY-NC,https://www.inaturalist.org/observations/376709036,https://inaturalist-open-data.s3.amazonaws.com/photos/688799106/medium.jpg,,"","",1,0,false,3,"Lowry Ave NE, Minneapolis, MN, US",45.0134119036,-93.2350948734,14136,,,,14136,,,false,,,Zebra Jumping Spider,Salticus scenicus,Zebra Jumping Spider,Arachnida,68901,Animalia,Arthropoda,Arachnida,Araneae,Salticidae,Salticinae,Salticini,Salticus,Salticus scenicus
376709117,67e49ba5-b645-41bb-9792-d75242a3407c,2026-06-29 19:36:27-05:00,2026-06-29,2026-06-30 00:36:27 UTC,Central Time (US & Canada),9643869,zack96679,Zack Stout,2026-06-30 00:39:22 UTC,2026-06-30 00:39:27 UTC,needs_id,CC-BY-NC,https://www.inaturalist.org/observations/376709117,https://inaturalist-open-data.s3.amazonaws.com/photos/688799271/medium.jpg,,"","",0,0,false,3,"NE Lincoln St, Minneapolis, MN, US",45.0201141084,-93.2380631526,22227,,,,22227,,,false,,,"",Phalangium,,Arachnida,61487,Animalia,Arthropoda,Arachnida,Opiliones,Phalangiidae,Phalangiinae,,Phalangium,
376709177,70aab009-142a-4c8f-ae16-afe092ef4ece,2026-06-29 19:33:33-05:00,2026-06-29,2026-06-30 00:33:33 UTC,Central Time (US & Canada),9643869,zack96679,Zack Stout,2026-06-30 00:39:41 UTC,2026-07-01 22:43:07 UTC,research,CC-BY-NC,https://www.inaturalist.org/observations/376709177,https://inaturalist-open-data.s3.amazonaws.com/photos/688799385/medium.jpg,,"","",1,0,false,3,"NE Hollywood Ave, Minneapolis, MN, US",45.0339066095,-93.232939775,48483,,,,48483,,open,false,,,House Finch,Haemorhous mexicanus,House Finch,Aves,199840,Animalia,Chordata,Aves,Passeriformes,Fringillidae,,,Haemorhous,Haemorhous mexicanus
376709258,37b4ff82-dfb4-4595-86f9-1151e8a8c746,2026-06-29 19:34:59-05:00,2026-06-29,2026-06-30 00:34:59 UTC,Central Time (US & Canada),9643869,zack96679,Zack Stout,2026-06-30 00:40:04 UTC,2026-06-30 03:31:09 UTC,research,CC-BY-NC,https://www.inaturalist.org/observations/376709258,https://inaturalist-open-data.s3.amazonaws.com/photos/688799526/medium.jpg,,"","",1,0,false,3,"NE Fillmore St, Minneapolis, MN, US",45.0195741506,-93.2426079667,21476,,,,21476,,,false,,,Smooth Stag Beetle,Lucanus placidus,Smooth Stag Beetle,Insecta,224156,Animalia,Arthropoda,Insecta,Coleoptera,Lucanidae,Lucaninae,Lucanini,Lucanus,Lucanus placidus
376712854,60279770-3852-48e9-ab2d-9d848b7b6745,2026-06-29 19:54:09-05:00,2026-06-29,2026-06-30 00:54:09 UTC,Central Time (US & Canada),9643869,zack96679,Zack Stout,2026-06-30 00:54:48 UTC,2026-06-30 02:42:55 UTC,needs_id,CC-BY-NC,https://www.inaturalist.org/observations/376712854,https://inaturalist-open-data.s3.amazonaws.com/photos/688852413/medium.jpg,,"","",0,0,false,3,"Buchanan St NE, Minneapolis, MN, US",44.9971811965,-93.2399932832,5,,,,5,,,false,,,"",Phaenocarpa,,Insecta,250706,Animalia,Arthropoda,Insecta,Hymenoptera,Braconidae,Alysiinae,Alysiini,Phaenocarpa,
376735141,25c0f95e-45c2-474c-8959-db123b39e94c,2026-06-29 21:42:36-05:00,2026-06-29,2026-06-30 02:42:36 UTC,Central Time (US & Canada),9643869,zack96679,Zack Stout,2026-06-30 02:42:56 UTC,2026-06-30 02:43:00 UTC,needs_id,CC-BY-NC,https://www.inaturalist.org/observations/376735141,https://inaturalist-open-data.s3.amazonaws.com/photos/688852493/medium.jpg,,"","",0,0,false,3,"Buchanan St NE, Minneapolis, MN, US",44.9971811965,-93.2399932832,5,,,,5,,,false,,,"",Rhizotrogini,,Insecta,528051,Animalia,Arthropoda,Insecta,Coleoptera,Scarabaeidae,Melolonthinae,Rhizotrogini,,
376744350,10ee9b6f-0405-4678-8523-ea323430f571,2026-06-29 21:52:10-05:00,2026-06-29,2026-06-30 02:52:10 UTC,Central Time (US & Canada),9643869,zack96679,Zack Stout,2026-06-30 03:31:04 UTC,2026-07-01 22:41:47 UTC,needs_id,CC-BY-NC,https://www.inaturalist.org/observations/376744350,https://inaturalist-open-data.s3.amazonaws.com/photos/688870193/medium.jpg,,"","",1,0,false,3,"Broadway St NE, Minneapolis, MN, US",44.9990253592,-93.2403393407,1680,,,,1680,,,false,,,Tiger Crane Flies,Nephrotoma,Tiger Crane Flies,Insecta,60417,Animalia,Arthropoda,Insecta,Diptera,Tipulidae,Tipulinae,,Nephrotoma,
377170686,6720a927-3db6-4680-a8d4-ce4ca9902712,2026-07-01 10:38:35,2026-07-01,2026-07-01 15:38:35 UTC,Central Time (US & Canada),9643869,zack96679,Zack Stout,2026-07-01 15:39:28 UTC,2026-07-01 17:59:45 UTC,research,CC-BY-NC,https://www.inaturalist.org/observations/377170686,https://inaturalist-open-data.s3.amazonaws.com/photos/689688092/medium.jpg,,"",,2,0,false,843,"Summer St NE, Minneapolis, MN, US",44.9971946575,-93.2400254569,4,,,,4,,,false,,,Common Grackle,Quiscalus quiscula,Common Grackle,Aves,9602,Animalia,Chordata,Aves,Passeriformes,Icteridae,,,Quiscalus,Quiscalus quiscula
377170912,cf53ba35-4d3f-4c6d-9a4e-d98ea3c434df,2026-06-30 09:30:51,2026-06-30,2026-06-30 14:30:51 UTC,Central Time (US & Canada),9643869,zack96679,Zack Stout,2026-07-01 15:40:16 UTC,2026-07-01 17:59:42 UTC,research,CC-BY-NC,https://www.inaturalist.org/observations/377170912,https://inaturalist-open-data.s3.amazonaws.com/photos/689688507/medium.jpg,,"",,3,0,false,843,"Central Ave NE, Minneapolis, MN, US",45.001883133,-93.2478083455,25384,,,,25384,,open,false,,,Blue Jay,Cyanocitta cristata,Blue Jay,Aves,8229,Animalia,Chordata,Aves,Passeriformes,Corvidae,,,Cyanocitta,Cyanocitta cristata
377251981,228a425a-11c3-4703-84c3-df701b680257,2026-07-01 12:19:45,2026-07-01,2026-07-01 17:19:45 UTC,Central Time (US & Canada),9643869,zack96679,Zack Stout,2026-07-01 20:45:19 UTC,2026-07-01 20:45:20 UTC,needs_id,CC-BY-NC,https://www.inaturalist.org/observations/377251981,https://inaturalist-open-data.s3.amazonaws.com/photos/689844062/medium.jpg,,"",,0,0,false,843,"Buchanan St NE, Minneapolis, MN, US",44.9964720608,-93.2400550531,1700,,,,1700,,,false,,,,Formicidae,Ants,Insecta,47336,Animalia,Arthropoda,Insecta,Hymenoptera,Formicidae,,,,
377252396,3e656607-4815-473a-9b36-85aa12ba4134,2026-07-01 12:19:19,2026-07-01,2026-07-01 17:19:19 UTC,Central Time (US & Canada),9643869,zack96679,Zack Stout,2026-07-01 20:47:13 UTC,2026-07-01 20:47:15 UTC,needs_id,CC-BY-NC,https://www.inaturalist.org/observations/377252396,https://inaturalist-open-data.s3.amazonaws.com/photos/689845008/medium.jpg,,"",,0,0,false,843,"Fremont Ave S, Minneapolis, MN, US",44.9387547006,-93.2962418576,44232,,,,44232,,,false,,,,Uroleucon obscuricaudatum,Dusky-tailed Sunflower Aphid,Insecta,340047,Animalia,Arthropoda,Insecta,Hemiptera,Aphididae,Aphidinae,Macrosiphini,Uroleucon,Uroleucon obscuricaudatum
377252470,c2b8acc5-5d6c-4053-8e2d-8c3236aae02e,2026-07-01 12:17:29,2026-07-01,2026-07-01 17:17:29 UTC,Central Time (US & Canada),9643869,zack96679,Zack Stout,2026-07-01 20:47:31 UTC,2026-07-01 21:13:31 UTC,research,CC-BY-NC,https://www.inaturalist.org/observations/377252470,https://inaturalist-open-data.s3.amazonaws.com/photos/689845199/medium.jpg,,"",,1,0,false,843,"Minnesota, US",45.0172157095,-93.2149116164,18105,,,,18105,,,false,,,Chrysopa oculata,Chrysopa oculata,Golden-eyed Lacewing,Insecta,146945,Animalia,Arthropoda,Insecta,Neuroptera,Chrysopidae,Chrysopinae,Chrysopini,Chrysopa,Chrysopa oculata
377252548,70e0de1f-f560-4406-94a7-fb3ae5b6ba97,2026-07-01 12:16:28,2026-07-01,2026-07-01 17:16:28 UTC,Central Time (US & Canada),9643869,zack96679,Zack Stout,2026-07-01 20:47:55 UTC,2026-07-01 20:47:57 UTC,needs_id,CC-BY-NC,https://www.inaturalist.org/observations/377252548,https://inaturalist-open-data.s3.amazonaws.com/photos/689845407/medium.jpg,,"",,0,0,false,843,"NE Fillmore St, Minneapolis, MN, US",44.9960075951,-93.2422284035,7206,,,,7206,,,false,,,,Cyclorrhapha,Cyclorrhaphan Flies,Insecta,372853,Animalia,Arthropoda,Insecta,Diptera,,,,,
377252651,ffd945fa-27df-4553-804c-208982c679f1,2026-07-01 12:15:12,2026-07-01,2026-07-01 17:15:12 UTC,Central Time (US & Canada),9643869,zack96679,Zack Stout,2026-07-01 20:48:21 UTC,2026-07-01 23:55:09 UTC,research,CC-BY-NC,https://www.inaturalist.org/observations/377252651,https://inaturalist-open-data.s3.amazonaws.com/photos/689845600/medium.jpg,,"",,1,0,false,843,"White Bear Ave N, Maplewood, MN, US",44.9981269768,-93.0240897192,20410,,,,20410,,,false,,,Margined Calligrapher,Toxomerus marginatus,Margined Calligrapher,Insecta,126889,Animalia,Arthropoda,Insecta,Diptera,Syrphidae,Syrphinae,Syrphini,Toxomerus,Toxomerus marginatus
377252747,0a5a7a46-5a68-4cbd-84ea-1903c4dae72f,2026-07-01 12:14:13,2026-07-01,2026-07-01 17:14:13 UTC,Central Time (US & Canada),9643869,zack96679,Zack Stout,2026-07-01 20:48:44 UTC,2026-07-02 03:22:44 UTC,research,CC-BY-NC,https://www.inaturalist.org/observations/377252747,https://inaturalist-open-data.s3.amazonaws.com/photos/689845773/medium.jpg,,"",,1,0,false,843,"Pierce St NE, Minneapolis, MN, US",44.9973251264,-93.2415799657,5440,,,,5440,,,false,,,Small White,Pieris rapae,Cabbage White,Insecta,55626,Animalia,Arthropoda,Insecta,Lepidoptera,Pieridae,Pierinae,Pierini,Pieris,Pieris rapae
377295336,52af26cd-680f-4800-9b06-76d7ceab88cb,2026-07-01 18:55:18,2026-07-01,2026-07-01 23:55:18 UTC,Central Time (US & Canada),9643869,zack96679,Zack Stout,2026-07-01 23:55:35 UTC,2026-07-06 23:06:29 UTC,research,CC-BY-NC,https://www.inaturalist.org/observations/377295336,https://inaturalist-open-data.s3.amazonaws.com/photos/689930895/medium.jpg,,"",,1,0,false,843,"Buchanan St NE, Minneapolis, MN, US",44.9971775158,-93.2401076019,8,,,,8,,,false,,,Ferruginous Tiger Crane Fly,Nephrotoma ferruginea,Ferruginous Tiger Crane Fly,Insecta,60428,Animalia,Arthropoda,Insecta,Diptera,Tipulidae,Tipulinae,,Nephrotoma,Nephrotoma ferruginea
377319376,73f5ddf0-bb23-4a02-b5a8-30a59e4f7273,2026-07-01 20:53:51,2026-07-01,2026-07-02 01:53:51 UTC,Central Time (US & Canada),9643869,zack96679,Zack Stout,2026-07-02 01:54:01 UTC,2026-07-02 23:53:42 UTC,research,CC-BY-NC,https://www.inaturalist.org/observations/377319376,https://inaturalist-open-data.s3.amazonaws.com/photos/689979763/medium.jpg,,"",,1,0,false,843,"Buchanan St NE, Minneapolis, MN, US",44.9967336715,-93.2398496054,3,,,,3,,,false,,,Wild Four o'Clock,Mirabilis nyctaginea,Wild Four o'Clock,Plantae,78084,Plantae,Tracheophyta,Magnoliopsida,Caryophyllales,Nyctaginaceae,,,Mirabilis,Mirabilis nyctaginea
377494656,555a5123-e5be-457e-afe2-37de795ba7a8,2026-07-02 12:47:47,2026-07-02,2026-07-02 17:47:47 UTC,Central Time (US & Canada),9643869,zack96679,Zack Stout,2026-07-02 17:48:03 UTC,2026-07-02 18:32:28 UTC,casual,CC-BY-NC,https://www.inaturalist.org/observations/377494656,https://inaturalist-open-data.s3.amazonaws.com/photos/690340302/medium.jpg,,"",,0,0,true,843,"Buchanan St NE, Minneapolis, MN, US",44.9971827863,-93.2399960389,5,,,,5,,open,false,,,,Hydrangea paniculata,Panicle Hydrangea,Plantae,133390,Plantae,Tracheophyta,Magnoliopsida,Cornales,Hydrangeaceae,,,Hydrangea,Hydrangea paniculata
377504688,f0345fca-a108-4d3e-b5fc-586591bb9674,2026-07-02 13:12:52,2026-07-02,2026-07-02 18:12:52 UTC,Central Time (US & Canada),9643869,zack96679,Zack Stout,2026-07-02 18:27:30 UTC,2026-07-02 18:27:31 UTC,needs_id,CC-BY-NC,https://www.inaturalist.org/observations/377504688,https://inaturalist-open-data.s3.amazonaws.com/photos/690337780/medium.jpg,,"",,0,0,false,843,"New Brighton Blvd, Minneapolis, MN, US",45.0015377637,-93.2335659756,20252,,,,20252,,,false,,,,Leschenaultia,,Insecta,336738,Animalia,Arthropoda,Insecta,Diptera,Tachinidae,Exoristinae,Goniini,Leschenaultia,
377504713,be2b9e0a-0f70-46d1-a3ba-53b76f5d58ae,2026-07-02 13:12:26,2026-07-02,2026-07-02 18:12:26 UTC,Central Time (US & Canada),9643869,zack96679,Zack Stout,2026-07-02 18:27:36 UTC,2026-07-03 15:36:28 UTC,needs_id,CC-BY-NC,https://www.inaturalist.org/observations/377504713,https://inaturalist-open-data.s3.amazonaws.com/photos/690337821/medium.jpg,,"",,1,0,false,843,"NE Fillmore St, Minneapolis, MN, US",45.0006818001,-93.2422712174,18678,,,,18678,,,false,,,Orbweavers and Allies,Araneoidea,Orbweavers and Allies,Arachnida,319384,Animalia,Arthropoda,Arachnida,Araneae,,,,,
377504732,2675bb50-f28d-4659-ad3d-d572559d0899,2026-07-02 13:10:59,2026-07-02,2026-07-02 18:10:59 UTC,Central Time (US & Canada),9643869,zack96679,Zack Stout,2026-07-02 18:27:41 UTC,2026-07-03 17:14:59 UTC,needs_id,CC-BY-NC,https://www.inaturalist.org/observations/377504732,https://inaturalist-open-data.s3.amazonaws.com/photos/690337877/medium.jpg,,"",,1,0,false,843,"Central Ave NE, Minneapolis, MN, US",45.0064852093,-93.2460380749,32329,,,,32329,,,false,,,Grass Spiders,Agelenopsis,Grass Spiders,Arachnida,82116,Animalia,Arthropoda,Arachnida,Araneae,Agelenidae,Ageleninae,,Agelenopsis,
377504751,163d3a01-beab-4130-9869-9d00b36f509e,2026-07-02 13:09:39,2026-07-02,2026-07-02 18:09:39 UTC,Central Time (US & Canada),9643869,zack96679,Zack Stout,2026-07-02 18:27:46 UTC,2026-07-03 17:14:38 UTC,needs_id,CC-BY-NC,https://www.inaturalist.org/observations/377504751,https://inaturalist-open-data.s3.amazonaws.com/photos/690337919/medium.jpg,,"",,1,0,false,843,"Johnson St NE, Minneapolis, MN, US",45.0026566176,-93.2375719017,23989,,,,23989,,,false,,,Mecaphesa,Mecaphesa,,Arachnida,129662,Animalia,Arthropoda,Arachnida,Araneae,Thomisidae,Thomisinae,Misumenini,Mecaphesa,
377504781,13ad46c0-9ae5-425d-baa2-e7856868a284,2026-07-02 13:10:21,2026-07-02,2026-07-02 18:10:21 UTC,Central Time (US & Canada),9643869,zack96679,Zack Stout,2026-07-02 18:27:51 UTC,2026-07-02 23:27:09 UTC,needs_id,CC-BY-NC,https://www.inaturalist.org/observations/377504781,https://inaturalist-open-data.s3.amazonaws.com/photos/690337978/medium.jpg,,"",,1,0,false,843,"Harrison St NE, Minneapolis, MN, US",44.9932224479,-93.2462133892,27660,,,,27660,,,false,,,Calyptrate Flies,Calyptratae,Calyptrate Flies,Insecta,342767,Animalia,Arthropoda,Insecta,Diptera,,,,,
377505537,bdee4669-28d2-45d2-a563-7cca92d2e11e,2026-07-02 12:43:39,2026-07-02,2026-07-02 17:43:39 UTC,Central Time (US & Canada),9643869,zack96679,Zack Stout,2026-07-02 18:31:04 UTC,2026-07-03 15:37:37 UTC,needs_id,CC-BY-NC,https://www.inaturalist.org/observations/377505537,https://inaturalist-open-data.s3.amazonaws.com/photos/690339596/medium.jpg,,"",,1,0,false,843,"Buchanan St NE, Minneapolis, MN, US",44.9967135132,-93.240100571,3051,,,,3051,,,false,,,Tetragnatha,Tetragnatha,,Arachnida,47550,Animalia,Arthropoda,Arachnida,Araneae,Tetragnathidae,Tetragnathinae,,Tetragnatha,
377505930,f0841795-05b2-4626-9163-1315c35afadf,2026-07-02 13:08:36,2026-07-02,2026-07-02 18:08:36 UTC,Central Time (US & Canada),9643869,zack96679,Zack Stout,2026-07-02 18:32:13 UTC,2026-07-02 18:32:14 UTC,needs_id,CC-BY-NC,https://www.inaturalist.org/observations/377505930,https://inaturalist-open-data.s3.amazonaws.com/photos/690340164/medium.jpg,,"",,0,0,false,843,"Broadway St NE, Minneapolis, MN, US",44.9994933133,-93.245131202,31003,,,,31003,,,false,,,,Bombus,Bumble Bees,Insecta,52775,Animalia,Arthropoda,Insecta,Hymenoptera,Apidae,Apinae,Bombini,Bombus,
377576619,3167837d-2e04-4796-bbfb-8aab51bb0317,2026-07-02 17:55:46,2026-07-02,2026-07-02 22:55:46 UTC,Central Time (US & Canada),9643869,zack96679,Zack Stout,2026-07-02 23:07:19 UTC,2026-08-12 20:13:41 UTC,needs_id,CC-BY-NC,https://www.inaturalist.org/observations/377576619,https://inaturalist-open-data.s3.amazonaws.com/photos/690480688/medium.jpg,,"",,1,0,false,843,"Pierce St NE, Minneapolis, MN, US",45.0003502194,-93.2410437695,23766,,,,23766,,,false,,,Eumelissodes,Eumelissodes,,Insecta,563472,Animalia,Arthropoda,Insecta,Hymenoptera,Apidae,Apinae,Eucerini,Melissodes,
377576654,449dc461-b9d1-4866-9189-52f55d8c6977,2026-07-02 17:54:50,2026-07-02,2026-07-02 22:54:50 UTC,Central Time (US & Canada),9643869,zack96679,Zack Stout,2026-07-02 23:07:29 UTC,2026-07-02 23:07:30 UTC,needs_id,CC-BY-NC,https://www.inaturalist.org/observations/377576654,https://inaturalist-open-data.s3.amazonaws.com/photos/690480762/medium.jpg,,"",,0,0,false,843,"NE Marshall St, Minneapolis, MN, US",45.0171032138,-93.2725698444,57373,,,,57373,,,false,,,,Goniini,,Insecta,336739,Animalia,Arthropoda,Insecta,Diptera,Tachinidae,Exoristinae,Goniini,,
377576726,9014e584-2444-4f08-b663-3dc0e2aa9f02,2026-07-02 18:06:54,2026-07-02,2026-07-02 23:06:54 UTC,Central Time (US & Canada),9643869,zack96679,Zack Stout,2026-07-02 23:07:46 UTC,2026-07-02 23:07:48 UTC,needs_id,CC-BY-NC,https://www.inaturalist.org/observations/377576726,https://inaturalist-open-data.s3.amazonaws.com/photos/690480868/medium.jpg,,"",,0,0,false,843,"NE Fillmore St, Minneapolis, MN, US",44.9967129037,-93.2426663304,50547,,,,50547,,,false,,,,Melissodes druriellus,Drury's Long-horned Bee,Insecta,602568,Animalia,Arthropoda,Insecta,Hymenoptera,Apidae,Apinae,Eucerini,Melissodes,Melissodes druriellus
377580454,0f85295f-8a13-42bf-a679-6361a32edcff,2026-07-02 18:25:43,2026-07-02,2026-07-02 23:25:43 UTC,Central Time (US & Canada),9643869,zack96679,Zack Stout,2026-07-02 23:26:18 UTC,2026-07-02 23:26:19 UTC,needs_id,CC-BY-NC,https://www.inaturalist.org/observations/377580454,https://inaturalist-open-data.s3.amazonaws.com/photos/690487353/medium.jpg,,"",,0,0,false,843,"Van Buren St NE, Minneapolis, MN, US",44.995837389,-93.2491691572,17678,,,,17678,,,false,,,,Andrena wilkella,Wilke's Mining Bee,Insecta,127785,Animalia,Arthropoda,Insecta,Hymenoptera,Andrenidae,Andreninae,Andrenini,Andrena,Andrena wilkella
377580490,febd9fd9-0604-4e0e-8145-c885c4066bc3,2026-07-02 17:59:12,2026-07-02,2026-07-02 22:59:12 UTC,Central Time (US & Canada),9643869,zack96679,Zack Stout,2026-07-02 23:26:32 UTC,2026-07-02 23:26:33 UTC,needs_id,CC-BY-NC,https://www.inaturalist.org/observations/377580490,https://inaturalist-open-data.s3.amazonaws.com/photos/690487443/medium.jpg,,"",,0,0,false,843,"19th Ave NE, Minneapolis, MN, US",45.007692883,-93.2302188878,47011,,,,47011,,,false,,,,Lygus lineolaris,North American Tarnished Plant Bug,Insecta,84507,Animalia,Arthropoda,Insecta,Hemiptera,Miridae,Mirinae,Mirini,Lygus,Lygus lineolaris
377580538,cb38ceb0-9179-4978-ac60-1bd0bd68fb98,2026-07-02 17:53:38,2026-07-02,2026-07-02 22:53:38 UTC,Central Time (US & Canada),9643869,zack96679,Zack Stout,2026-07-02 23:26:39 UTC,2026-07-03 02:03:15 UTC,research,CC-BY-NC,https://www.inaturalist.org/observations/377580538,https://inaturalist-open-data.s3.amazonaws.com/photos/690487505/medium.jpg,,"",,1,0,false,843,"24th Ave NE, Minneapolis, MN, US",45.0121405457,-93.2563337819,47738,,,,47738,,,false,,,Margined Calligrapher,Toxomerus marginatus,Margined Calligrapher,Insecta,126889,Animalia,Arthropoda,Insecta,Diptera,Syrphidae,Syrphinae,Syrphini,Toxomerus,Toxomerus marginatus
377580577,d75f888e-41af-40db-a8d5-2be63f2095b5,2026-07-02 17:50:27,2026-07-02,2026-07-02 22:50:27 UTC,Central Time (US & Canada),9643869,zack96679,Zack Stout,2026-07-02 23:26:45 UTC,2026-07-03 15:56:11 UTC,needs_id,CC-BY-NC,https://www.inaturalist.org/observations/377580577,https://inaturalist-open-data.s3.amazonaws.com/photos/690487577/medium.jpg,,"",,1,0,false,843,"S Washington Ave, Minneapolis, MN, US",44.9741581188,-93.2477564998,48996,,,,48996,,,false,,,Spotted Orbweavers,Neoscona,Spotted Orbweavers,Arachnida,85035,Animalia,Arthropoda,Arachnida,Araneae,Araneidae,Araneinae,,Neoscona,
377580613,048999ae-e897-4f33-a0b5-bf41c444a027,2026-07-02 17:48:52,2026-07-02,2026-07-02 22:48:52 UTC,Central Time (US & Canada),9643869,zack96679,Zack Stout,2026-07-02 23:26:51 UTC,2026-07-03 01:02:18 UTC,research,CC-BY-NC,https://www.inaturalist.org/observations/377580613,https://inaturalist-open-data.s3.amazonaws.com/photos/690487646/medium.jpg,,"",,1,0,false,843,"Columbia Pkwy, Minneapolis, MN, US",45.0298188123,-93.2582715814,44233,,,,44233,,,false,,,Two-spotted Longhorn Bee,Melissodes bimaculatus,Two-spotted Longhorn Bee,Insecta,567666,Animalia,Arthropoda,Insecta,Hymenoptera,Apidae,Apinae,Eucerini,Melissodes,Melissodes bimaculatus
377581564,f88d3b41-a797-4c74-9721-b509ca8c7358,2026-07-02 18:31:41,2026-07-02,2026-07-02 23:31:41 UTC,Central Time (US & Canada),9643869,zack96679,Zack Stout,2026-07-02 23:32:22 UTC,2026-07-03 13:43:50 UTC,research,CC-BY-NC,https://www.inaturalist.org/observations/377581564,https://inaturalist-open-data.s3.amazonaws.com/photos/690489769/medium.jpg,,"",,1,0,false,843,"SE Seventh St, Minneapolis, MN, US",44.9892418269,-93.2473694806,49487,,,,49487,,,false,,,Eastern Black Carpenter Ant,Camponotus pennsylvanicus,Eastern Black Carpenter Ant,Insecta,129902,Animalia,Arthropoda,Insecta,Hymenoptera,Formicidae,Formicinae,Camponotini,Camponotus,Camponotus pennsylvanicus
377583898,23002b25-aa90-457f-920b-f0be7f794294,2026-07-01 20:50:45,2026-07-01,2026-07-02 01:50:45 UTC,Central Time (US & Canada),9643869,zack96679,Zack Stout,2026-07-02 23:43:42 UTC,2026-07-02 23:43:43 UTC,needs_id,CC-BY-NC,https://www.inaturalist.org/observations/377583898,https://inaturalist-open-data.s3.amazonaws.com/photos/690494399/medium.jpg,,"",,0,0,false,843,"Spring St NE, Minneapolis, MN, US",44.9953100817,-93.2505579149,43090,,,,43090,,,false,,,,Chlorophyllum molybdites,Green-spored Parasol,Fungi,117308,Fungi,Basidiomycota,Agaricomycetes,Agaricales,Agaricaceae,,Agariceae,Chlorophyllum,Chlorophyllum molybdites
377584138,7acebd25-7955-45b7-9934-88b9783b5702,2026-07-01 20:26:26,2026-07-01,2026-07-02 01:26:26 UTC,Central Time (US & Canada),9643869,zack96679,Zack Stout,2026-07-02 23:44:34 UTC,2026-07-03 15:57:02 UTC,needs_id,CC-BY-NC,https://www.inaturalist.org/observations/377584138,https://inaturalist-open-data.s3.amazonaws.com/photos/690494717/medium.jpg,,"",,1,0,false,843,"24th Ave NE, Minneapolis, MN, US",45.0120095751,-93.2502211552,43643,,,,43643,,,false,,,Typical Orbweavers,Araneinae,Typical Orbweavers,Arachnida,417879,Animalia,Arthropoda,Arachnida,Araneae,Araneidae,Araneinae,,,
377598022,fd05acd8-e18d-4e13-b76a-75289529b48a,2026-07-02 19:42:58,2026-07-02,2026-07-03 00:42:58 UTC,Central Time (US & Canada),9643869,zack96679,Zack Stout,2026-07-03 00:55:41 UTC,2026-07-03 00:55:42 UTC,needs_id,CC-BY-NC,https://www.inaturalist.org/observations/377598022,https://inaturalist-open-data.s3.amazonaws.com/photos/690522729/medium.jpg,,"",,0,0,false,843,"W Broadway Ave, Minneapolis, MN, US",44.9984262621,-93.2870126943,131497,,,,131497,,,false,,,,Micrutalis calva,Honeylocust Treehopper,Insecta,491407,Animalia,Arthropoda,Insecta,Hemiptera,Membracidae,Smiliinae,Micrutalini,Micrutalis,Micrutalis calva
377598040,2a9fcc56-6478-4b3f-98f2-387cae7f87f1,2026-07-02 19:42:19,2026-07-02,2026-07-03 00:42:19 UTC,Central Time (US & Canada),9643869,zack96679,Zack Stout,2026-07-03 00:55:47 UTC,2026-07-03 00:55:48 UTC,needs_id,CC-BY-NC,https://www.inaturalist.org/observations/377598040,https://inaturalist-open-data.s3.amazonaws.com/photos/690522770/medium.jpg,,"",,0,0,false,843,"Upton Ave N, Brooklyn Center, MN, US",45.0622707955,-93.3154277985,131590,,,,131590,,,false,,,,Toxomerus marginatus,Margined Calligrapher,Insecta,126889,Animalia,Arthropoda,Insecta,Diptera,Syrphidae,Syrphinae,Syrphini,Toxomerus,Toxomerus marginatus
377598056,ef3ad3b4-2a7c-4f04-bb79-80490676f6c3,2026-07-02 19:40:01,2026-07-02,2026-07-03 00:40:01 UTC,Central Time (US & Canada),9643869,zack96679,Zack Stout,2026-07-03 00:55:54 UTC,2026-07-03 00:55:54 UTC,needs_id,CC-BY-NC,https://www.inaturalist.org/observations/377598056,https://inaturalist-open-data.s3.amazonaws.com/photos/690522817/medium.jpg,,"",,0,0,false,843,"Adams St NE, Minneapolis, MN, US",45.002312768,-93.255944821,35861,,,,35861,,,false,,,,Schizocerella pilicornis,Purslane sawfly,Insecta,470763,Animalia,Arthropoda,Insecta,Hymenoptera,Argidae,Sterictiphorinae,,Schizocerella,Schizocerella pilicornis
377748096,ba5444da-350e-45d2-831e-917cf6dda16f,2026-07-03 09:57:29,2026-07-03,2026-07-03 14:57:29 UTC,Central Time (US & Canada),9643869,zack96679,Zack Stout,2026-07-03 14:57:43 UTC,2026-07-03 15:41:40 UTC,research,CC-BY-NC,https://www.inaturalist.org/observations/377748096,https://inaturalist-open-data.s3.amazonaws.com/photos/690810282/medium.jpg,,"",,1,0,false,843,"Buchanan St NE, Minneapolis, MN, US",44.9987341231,-93.2388024219,27,,,,27,,,false,,,spotted knapweed,Centaurea stoebe,spotted knapweed,Plantae,76214,Plantae,Tracheophyta,Magnoliopsida,Asterales,Asteraceae,Carduoideae,Cardueae,Centaurea,Centaurea stoebe
377748213,49dd0aa3-860b-429b-8eb2-cd9d27021c28,2026-07-03 09:57:58,2026-07-03,2026-07-03 14:57:58 UTC,Central Time (US & Canada),9643869,zack96679,Zack Stout,2026-07-03 14:58:10 UTC,2026-07-03 17:25:49 UTC,research,CC-BY-NC,https://www.inaturalist.org/observations/377748213,https://inaturalist-open-data.s3.amazonaws.com/photos/690810539/medium.jpg,,"",,2,0,false,843,"Buchanan St NE, Minneapolis, MN, US",44.9988033271,-93.2387611881,3,,,,3,,,false,,,hoary alyssum,Berteroa incana,hoary alyssum,Plantae,75762,Plantae,Tracheophyta,Magnoliopsida,Brassicales,Brassicaceae,Brassicoideae,Alysseae,Berteroa,Berteroa incana
377748678,acd01cce-88f3-46ce-be9e-5e2b6673ba66,2026-07-03 09:59:30,2026-07-03,2026-07-03 14:59:30 UTC,Central Time (US & Canada),9643869,zack96679,Zack Stout,2026-07-03 14:59:43 UTC,2026-07-04 18:39:26 UTC,research,CC-BY-NC,https://www.inaturalist.org/observations/377748678,https://inaturalist-open-data.s3.amazonaws.com/photos/690811334/medium.jpg,,"",,1,0,false,843,"Buchanan St NE, Minneapolis, MN, US",44.998785127,-93.2396624052,14,,,,14,,,false,,,False London-rocket,Sisymbrium loeselii,False London-rocket,Plantae,79125,Plantae,Tracheophyta,Magnoliopsida,Brassicales,Brassicaceae,Brassicoideae,Sisymbrieae,Sisymbrium,Sisymbrium loeselii
377757491,e2e871ba-983c-4a55-88e2-447e4ca57e1e,2026-07-03 10:32:31,2026-07-03,2026-07-03 15:32:31 UTC,Central Time (US & Canada),9643869,zack96679,Zack Stout,2026-07-03 15:32:52 UTC,2026-07-03 15:32:54 UTC,casual,CC-BY-NC,https://www.inaturalist.org/observations/377757491,https://inaturalist-open-data.s3.amazonaws.com/photos/690829395/medium.jpg,,"",,0,0,true,843,"Buchanan St NE, Minneapolis, MN, US",44.9971650062,-93.2399983276,19,,,,19,,,false,,,,Salvia yangii,Swanleaf Clouding Sage,Plantae,941713,Plantae,Tracheophyta,Magnoliopsida,Lamiales,Lamiaceae,Nepetoideae,Mentheae,Salvia,Salvia yangii
377758770,c2274bdc-f710-4f77-8f92-1cf45c9f24f4,2026-07-03 10:37:30,2026-07-03,2026-07-03 15:37:30 UTC,Central Time (US & Canada),9643869,zack96679,Zack Stout,2026-07-03 15:37:49 UTC,2026-07-03 15:37:52 UTC,needs_id,CC-BY-NC,https://www.inaturalist.org/observations/377758770,https://inaturalist-open-data.s3.amazonaws.com/photos/690832084/medium.jpg,,"",,0,0,false,843,"Buchanan St NE, Minneapolis, MN, US",44.9971376955,-93.2398722415,11,,,,11,,,false,,,,Magnoliopsida,Dicots,Plantae,47124,Plantae,Tracheophyta,Magnoliopsida,,,,,,
377771963,95e2d91c-df37-42fe-bd64-c7ced2885133,2026-07-03 11:16:35,2026-07-03,2026-07-03 16:16:35 UTC,Central Time (US & Canada),9643869,zack96679,Zack Stout,2026-07-03 16:22:27 UTC,2026-07-05 02:19:14 UTC,research,CC-BY-NC,https://www.inaturalist.org/observations/377771963,https://inaturalist-open-data.s3.amazonaws.com/photos/690855446/medium.jpg,,"",,2,0,false,843,"Alberta Way, Inver Grove Heights, MN, US",44.8333744132,-93.0973119346,162070,,,,162070,,,false,,,Zebra Jumping Spider,Salticus scenicus,Zebra Jumping Spider,Arachnida,68901,Animalia,Arthropoda,Arachnida,Araneae,Salticidae,Salticinae,Salticini,Salticus,Salticus scenicus
377771999,28f3f4d3-a08a-4103-a912-3bc560a629ff,2026-07-03 10:59:53,2026-07-03,2026-07-03 15:59:53 UTC,Central Time (US & Canada),9643869,zack96679,Zack Stout,2026-07-03 16:22:34 UTC,2026-07-14 00:15:18 UTC,needs_id,CC-BY-NC,https://www.inaturalist.org/observations/377771999,https://inaturalist-open-data.s3.amazonaws.com/photos/690855516/medium.jpg,,"",,1,0,false,843,"Pillsbury Dr SE, Minneapolis, MN, US",44.9784379583,-93.2373069857,87632,,,,87632,,,false,,,Typical Leafhoppers,Cicadellidae,Typical Leafhoppers,Insecta,53237,Animalia,Arthropoda,Insecta,Hemiptera,Cicadellidae,,,,
377772039,047e3130-5b35-495a-beb9-4ad805476ce1,2026-07-03 10:50:16,2026-07-03,2026-07-03 15:50:16 UTC,Central Time (US & Canada),9643869,zack96679,Zack Stout,2026-07-03 16:22:45 UTC,2026-07-04 20:30:05 UTC,needs_id,CC-BY-NC,https://www.inaturalist.org/observations/377772039,https://inaturalist-open-data.s3.amazonaws.com/photos/690855592/medium.jpg,,"",,1,0,false,843,"SE Sixth St, Minneapolis, MN, US",44.9856427139,-93.2418951122,37878,,,,37878,,,false,,,Mecaphesa,Mecaphesa,,Arachnida,129662,Animalia,Arthropoda,Arachnida,Araneae,Thomisidae,Thomisinae,Misumenini,Mecaphesa,
377772775,49255d19-a2f1-4121-8d3b-c8a20dec57a3,2026-07-03 09:40:18,2026-07-03,2026-07-03 14:40:18 UTC,Central Time (US & Canada),9643869,zack96679,Zack Stout,2026-07-03 16:24:56 UTC,2026-07-03 16:24:58 UTC,needs_id,CC-BY-NC,https://www.inaturalist.org/observations/377772775,https://inaturalist-open-data.s3.amazonaws.com/photos/690856900/medium.jpg,,"",,0,0,false,843,"University Ave NE, Minneapolis, MN, US",44.998321033,-93.2633945098,48670,,,,48670,,,false,,,,Itoplectis conquisitor,,Insecta,265467,Animalia,Arthropoda,Insecta,Hymenoptera,Ichneumonidae,Pimplinae,Pimplini,Itoplectis,Itoplectis conquisitor
377772814,57ad441f-815a-4537-a90b-c15becd56d32,2026-07-03 09:26:31,2026-07-03,2026-07-03 14:26:31 UTC,Central Time (US & Canada),9643869,zack96679,Zack Stout,2026-07-03 16:25:04 UTC,2026-07-04 20:30:30 UTC,needs_id,CC-BY-NC,https://www.inaturalist.org/observations/377772814,https://inaturalist-open-data.s3.amazonaws.com/photos/690856973/medium.jpg,,"",,1,0,false,843,"White Bear Ave N, Maplewood, MN, US",44.9931774502,-93.0254342611,43203,,,,43203,,,false,,,Grass Spiders,Agelenopsis,Grass Spiders,Arachnida,82116,Animalia,Arthropoda,Arachnida,Araneae,Agelenidae,Ageleninae,,Agelenopsis,
377796262,4569c855-13ec-4d3e-842b-ca1a14711b76,2026-07-03 12:45:17,2026-07-03,2026-07-03 17:45:17 UTC,Central Time (US & Canada),9643869,zack96679,Zack Stout,2026-07-03 17:45:53 UTC,2026-07-04 14:43:39 UTC,needs_id,CC-BY-NC,https://www.inaturalist.org/observations/377796262,https://inaturalist-open-data.s3.amazonaws.com/photos/690902015/medium.jpg,,"",,1,0,false,843,"Pierce St NE, Minneapolis, MN, US",44.9978851551,-93.2407228838,25137,,,,25137,,,false,,,Running Crab Spiders,Philodromus,Running Crab Spiders,Arachnida,56611,Animalia,Arthropoda,Arachnida,Araneae,Philodromidae,Philodrominae,,Philodromus,
377837179,daaf31ef-6492-430b-974f-14462213f608,2026-07-03 15:09:43,2026-07-03,2026-07-03 20:09:43 UTC,Central Time (US & Canada),9643869,zack96679,Zack Stout,2026-07-03 20:15:35 UTC,2026-07-03 21:11:11 UTC,needs_id,CC-BY-NC,https://www.inaturalist.org/observations/377837179,https://inaturalist-open-data.s3.amazonaws.com/photos/690981377/medium.jpg,,Yard,,0,0,false,843,"Buchanan St NE, Minneapolis, MN, US",45.0006483076,-93.2391644604,16229,,,,16229,,,false,,,,Halictus rubicundus,Orange-legged Furrow Bee,Insecta,127747,Animalia,Arthropoda,Insecta,Hymenoptera,Halictidae,Halictinae,Halictini,Halictus,Halictus rubicundus
377860839,a9db0be8-93f5-4a44-a7b4-3b8d894ea328,2026-07-03 16:40:53,2026-07-03,2026-07-03 21:40:53 UTC,Central Time (US & Canada),9643869,zack96679,Zack Stout,2026-07-03 21:41:50 UTC,2026-07-03 21:41:51 UTC,needs_id,CC-BY-NC,https://www.inaturalist.org/observations/377860839,https://inaturalist-open-data.s3.amazonaws.com/photos/691027799/medium.jpg,,"",,0,0,false,843,"Central Ave NE, Minneapolis, MN, US",44.996059347,-93.2478755901,19485,,,,19485,,,false,,,,Argynnini,Fritillaries,Insecta,134168,Animalia,Arthropoda,Insecta,Lepidoptera,Nymphalidae,Heliconiinae,Argynnini,,
377861670,db5c21f6-469d-4379-b83f-688481f64f91,2026-07-03 12:39:09,2026-07-03,2026-07-03 17:39:09 UTC,Central Time (US & Canada),9643869,zack96679,Zack Stout,2026-07-03 21:44:58 UTC,2026-07-04 02:17:17 UTC,needs_id,CC-BY-NC,https://www.inaturalist.org/observations/377861670,https://inaturalist-open-data.s3.amazonaws.com/photos/691143442/medium.jpg,,"",,0,1,false,843,"Buchanan St NE, Minneapolis, MN, US",44.9971507175,-93.2400310539,10,,,,10,,,false,,,Mirini,Mirini,,Insecta,366575,Animalia,Arthropoda,Insecta,Hemiptera,Miridae,Mirinae,Mirini,,
377878120,633c1999-25a5-408e-9184-d364e61e9f58,2026-07-03 17:50:47,2026-07-03,2026-07-03 22:50:47 UTC,Central Time (US & Canada),9643869,zack96679,Zack Stout,2026-07-03 22:52:37 UTC,2026-07-04 02:17:26 UTC,needs_id,CC-BY-NC,https://www.inaturalist.org/observations/377878120,https://inaturalist-open-data.s3.amazonaws.com/photos/691143498/medium.jpg,,"",,0,0,false,843,"Central Ave NE, Minneapolis, MN, US",45.0029298838,-93.2450104439,52223,,,,52223,,,false,,,,Triepeolus lunatus,Lunate Longhorn-cuckoo Bee,Insecta,452938,Animalia,Arthropoda,Insecta,Hymenoptera,Apidae,Nomadinae,Epeolini,Triepeolus,Triepeolus lunatus
377884955,89b2a67f-22fc-4c5c-8e2f-7ed18429e396,2026-07-03 18:23:57,2026-07-03,2026-07-03 23:23:57 UTC,Central Time (US & Canada),9643869,zack96679,Zack Stout,2026-07-03 23:24:41 UTC,2026-07-05 17:50:09 UTC,needs_id,CC-BY-NC,https://www.inaturalist.org/observations/377884955,https://inaturalist-open-data.s3.amazonaws.com/photos/691073914/medium.jpg,,"",,2,0,false,843,"Winter St NE, Minneapolis, MN, US",44.9934535997,-93.2367182217,13304,,,,13304,,,false,,,North American Tarnished Plant Bug,Lygus,Lygus Bugs,Insecta,61886,Animalia,Arthropoda,Insecta,Hemiptera,Miridae,Mirinae,Mirini,Lygus,
377918506,b0f4d54e-3ae8-432c-ab82-eb0261768212,2026-07-03 21:14:37,2026-07-03,2026-07-04 02:14:37 UTC,Central Time (US & Canada),9643869,zack96679,Zack Stout,2026-07-04 02:17:06 UTC,2026-07-04 05:50:21 UTC,research,CC-BY-NC,https://www.inaturalist.org/observations/377918506,https://inaturalist-open-data.s3.amazonaws.com/photos/691143371/medium.jpg,,"",,1,0,false,843,"Pierce St NE, Minneapolis, MN, US",44.9995011093,-93.2414613336,5437,,,,5437,,,false,,,Eastern Calligrapher,Toxomerus geminatus,Eastern Calligrapher,Insecta,126532,Animalia,Arthropoda,Insecta,Diptera,Syrphidae,Syrphinae,Syrphini,Toxomerus,Toxomerus geminatus
377918550,3f1b4001-6404-404c-8709-469ec34fdb72,2026-07-03 15:06:13,2026-07-03,2026-07-03 20:06:13 UTC,Central Time (US & Canada),9643869,zack96679,Zack Stout,2026-07-04 02:17:21 UTC,2026-07-04 02:17:21 UTC,needs_id,CC-BY-NC,https://www.inaturalist.org/observations/377918550,https://inaturalist-open-data.s3.amazonaws.com/photos/691143471/medium.jpg,,"",,0,0,false,843,"Buchanan St NE, Minneapolis, MN, US",45.0016561108,-93.2394098245,37799,,,,37799,,,false,,,,Ozodiceromyia,,Insecta,248086,Animalia,Arthropoda,Insecta,Diptera,Therevidae,Therevinae,Cyclotelini,Ozodiceromyia,
377918592,ce7782ce-8176-4fac-856f-9d998e93edba,2026-07-03 19:24:57,2026-07-03,2026-07-04 00:24:57 UTC,Central Time (US & Canada),9643869,zack96679,Zack Stout,2026-07-04 02:17:31 UTC,2026-07-04 02:18:20 UTC,needs_id,CC-BY-NC,https://www.inaturalist.org/observations/377918592,https://inaturalist-open-data.s3.amazonaws.com/photos/691143907/medium.jpg,,"",,0,0,false,843,"Buchanan St NE, Minneapolis, MN, US",44.9940268882,-93.239800036,14,,,,14,,,false,,,,Lotus corniculatus,bird's-foot trefoil,Plantae,47435,Plantae,Tracheophyta,Magnoliopsida,Fabales,Fabaceae,Faboideae,Loteae,Lotus,Lotus corniculatus
378091447,d7d87b2f-1ae3-47e6-9d30-eb523701fb15,2026-07-04 09:45:31,2026-07-04,2026-07-04 14:45:31 UTC,Central Time (US & Canada),9643869,zack96679,Zack Stout,2026-07-04 16:09:12 UTC,2026-07-04 16:09:12 UTC,needs_id,CC-BY-NC,https://www.inaturalist.org/observations/378091447,https://inaturalist-open-data.s3.amazonaws.com/photos/691468057/medium.jpg,,"",,0,0,false,843,"Minneapolis, MN, US",45.0173545693,-93.2756816954,11622,,,,11622,,,false,,,,Silene csereii,Balkan Catchfly,Plantae,168959,Plantae,Tracheophyta,Magnoliopsida,Caryophyllales,Caryophyllaceae,Caryophylloideae,Sileneae,Silene,Silene csereii
378091930,fcb1db3b-748e-41a1-9fd7-976959c10182,2026-07-04 09:35:51,2026-07-04,2026-07-04 14:35:51 UTC,Central Time (US & Canada),9643869,zack96679,Zack Stout,2026-07-04 16:10:55 UTC,2026-07-04 16:10:56 UTC,needs_id,CC-BY-NC,https://www.inaturalist.org/observations/378091930,https://inaturalist-open-data.s3.amazonaws.com/photos/691468995/medium.jpg,,"",,0,0,false,843,"Madison St NE, Minneapolis, MN, US",44.9948605712,-93.2534439625,7582,,,,7582,,,false,,,,Hadrophallus bubalus,,Insecta,893243,Animalia,Arthropoda,Insecta,Hemiptera,Membracidae,Smiliinae,Ceresini,Hadrophallus,Hadrophallus bubalus
378098598,3774e753-64ec-4d84-8f4e-b653e5377f80,2026-07-04 11:29:14,2026-07-04,2026-07-04 16:29:14 UTC,Central Time (US & Canada),9643869,zack96679,Zack Stout,2026-07-04 16:31:41 UTC,2026-07-04 16:31:42 UTC,needs_id,CC-BY-NC,https://www.inaturalist.org/observations/378098598,https://inaturalist-open-data.s3.amazonaws.com/photos/691481601/medium.jpg,,"",,0,0,false,843,"Minnesota, US",44.9211787836,-93.1545349049,129360,,,,129360,,,false,,,,Halictus ligatus,Ligated Furrow Bee,Insecta,154298,Animalia,Arthropoda,Insecta,Hymenoptera,Halictidae,Halictinae,Halictini,Halictus,Halictus ligatus
378116714,0eb1a98f-5d73-43c2-bb7b-6ad3e5a4e443,2026-07-04 12:26:00,2026-07-04,2026-07-04 17:26:00 UTC,Central Time (US & Canada),9643869,zack96679,Zack Stout,2026-07-04 17:27:10 UTC,2026-07-05 13:03:52 UTC,research,CC-BY-NC,https://www.inaturalist.org/observations/378116714,https://inaturalist-open-data.s3.amazonaws.com/photos/691600038/medium.jpg,,"",,1,0,false,843,"Broadway St NE, Minneapolis, MN, US",44.9994139093,-93.2310948785,21608,,,,21608,,,false,,,Arabesque Orbweaver,Neoscona arabesca,Arabesque Orbweaver,Arachnida,119342,Animalia,Arthropoda,Arachnida,Araneae,Araneidae,Araneinae,,Neoscona,Neoscona arabesca
378158847,50dad97c-ce16-4d11-b289-45188ee5aed2,2026-07-04 14:02:20,2026-07-04,2026-07-04 19:02:20 UTC,Central Time (US & Canada),9643869,zack96679,Zack Stout,2026-07-04 19:40:34 UTC,2026-07-04 19:40:36 UTC,needs_id,CC-BY-NC,https://www.inaturalist.org/observations/378158847,https://inaturalist-open-data.s3.amazonaws.com/photos/691598937/medium.jpg,,"",,0,0,false,843,"Johnson St NE, Minneapolis, MN, US",45.0007110473,-93.2367084346,20481,,,,20481,,,false,,,,Ichneumon centrator,,Insecta,155029,Animalia,Arthropoda,Insecta,Hymenoptera,Ichneumonidae,Ichneumoninae,Ichneumonini,Ichneumon,Ichneumon centrator
378159271,9fa83578-c4d0-4270-b713-0ec3f5cd3f38,2026-07-04 13:58:27,2026-07-04,2026-07-04 18:58:27 UTC,Central Time (US & Canada),9643869,zack96679,Zack Stout,2026-07-04 19:41:44 UTC,2026-07-04 19:41:44 UTC,needs_id,CC-BY-NC,https://www.inaturalist.org/observations/378159271,https://inaturalist-open-data.s3.amazonaws.com/photos/691599746/medium.jpg,,"",,0,0,false,843,"Monroe St NE, Minneapolis, MN, US",45.001695385,-93.2521327327,45378,,,,45378,,,false,,,,Deroceras reticulatum,Milky Slug,Mollusca,124432,Animalia,Mollusca,Gastropoda,Stylommatophora,Agriolimacidae,Agriolimacinae,,Deroceras,Deroceras reticulatum
378159422,30b13828-5bff-4f82-a6da-44629ebe1f9c,2026-07-04 13:59:45,2026-07-04,2026-07-04 18:59:45 UTC,Central Time (US & Canada),9643869,zack96679,Zack Stout,2026-07-04 19:42:14 UTC,2026-07-04 19:42:15 UTC,needs_id,CC-BY-NC,https://www.inaturalist.org/observations/378159422,https://inaturalist-open-data.s3.amazonaws.com/photos/691600104/medium.jpg,,"",,0,0,false,843,"University Ave NE, Minneapolis, MN, US",45.0058421629,-93.2637305207,70269,,,,70269,,,false,,,,Diplazon laetatorius,Common Hover Fly Parasitoid Wasp,Insecta,84693,Animalia,Arthropoda,Insecta,Hymenoptera,Ichneumonidae,Diplazontinae,,Diplazon,Diplazon laetatorius
378189283,b131de11-cf13-4e9a-8a13-ef0192f597b7,2026-07-04 16:13:24,2026-07-04,2026-07-04 21:13:24 UTC,Central Time (US & Canada),9643869,zack96679,Zack Stout,2026-07-04 21:17:28 UTC,2026-07-04 21:54:20 UTC,needs_id,CC-BY-NC,https://www.inaturalist.org/observations/378189283,https://inaturalist-open-data.s3.amazonaws.com/photos/691674940/medium.jpg,,"",,0,0,false,843,"NE Fillmore St, Minneapolis, MN, US",45.0034128766,-93.2438552553,77508,,,,77508,,,false,,,,Cerceris nigrescens,,Insecta,203306,Animalia,Arthropoda,Insecta,Hymenoptera,Crabronidae,Philanthinae,Cercerini,Cerceris,Cerceris nigrescens
378199441,0f72b376-56fd-4c4f-99fa-89600af0dda3,2026-07-04 16:50:42,2026-07-04,2026-07-04 21:50:42 UTC,Central Time (US & Canada),9643869,zack96679,Zack Stout,2026-07-04 21:52:04 UTC,2026-07-04 21:52:05 UTC,needs_id,CC-BY-NC,https://www.inaturalist.org/observations/378199441,https://inaturalist-open-data.s3.amazonaws.com/photos/691673658/medium.jpg,,"",,0,0,false,843,"NE Tyler St, Minneapolis, MN, US",45.0054176884,-93.2465599415,47202,,,,47202,,,false,,,,Andrena flavipes,Yellow-legged Mining Bee,Insecta,124358,Animalia,Arthropoda,Insecta,Hymenoptera,Andrenidae,Andreninae,Andrenini,Andrena,Andrena flavipes
378199997,d9ffd020-3cff-4083-9122-c8525ce97cd9,2026-07-04 15:22:14,2026-07-04,2026-07-04 20:22:14 UTC,Central Time (US & Canada),9643869,zack96679,Zack Stout,2026-07-04 21:54:14 UTC,2026-07-05 16:06:00 UTC,needs_id,CC-BY-NC,https://www.inaturalist.org/observations/378199997,https://inaturalist-open-data.s3.amazonaws.com/photos/691674900/medium.jpg,,"",,1,0,false,843,"Polk St NE, Minneapolis, MN, US",45.0035168038,-93.2445096478,33100,,,,33100,,,false,,,Clouded Yellows,Colias,Clouded Yellows,Insecta,58533,Animalia,Arthropoda,Insecta,Lepidoptera,Pieridae,Coliadinae,Coliadini,Colias,
378200048,b96cfb53-516c-421f-9fb9-0743329ee749,2026-07-04 16:12:22,2026-07-04,2026-07-04 21:12:22 UTC,Central Time (US & Canada),9643869,zack96679,Zack Stout,2026-07-04 21:54:25 UTC,2026-07-04 23:06:47 UTC,research,CC-BY-NC,https://www.inaturalist.org/observations/378200048,https://inaturalist-open-data.s3.amazonaws.com/photos/691674984/medium.jpg,,"",,1,0,false,843,"Georgia Ave S, St. Louis Park, MN, US",44.9523431997,-93.3643837744,210791,,,,210791,,,false,,,Margined Calligrapher,Toxomerus marginatus,Margined Calligrapher,Insecta,126889,Animalia,Arthropoda,Insecta,Diptera,Syrphidae,Syrphinae,Syrphini,Toxomerus,Toxomerus marginatus
378200088,9921dbfa-ba16-4a04-bc4d-fc66e1736db0,2026-07-04 16:08:57,2026-07-04,2026-07-04 21:08:57 UTC,Central Time (US & Canada),9643869,zack96679,Zack Stout,2026-07-04 21:54:30 UTC,2026-07-05 16:06:27 UTC,needs_id,CC-BY-NC,https://www.inaturalist.org/observations/378200088,https://inaturalist-open-data.s3.amazonaws.com/photos/691675036/medium.jpg,,"",,1,0,false,843,"Kenwood Pkwy, Minneapolis, MN, US",44.9695844476,-93.2942975961,111328,,,,111328,,,false,,,Slender Crab Spiders,Tibellus,Slender Crab Spiders,Arachnida,47869,Animalia,Arthropoda,Arachnida,Araneae,Philodromidae,Thanatinae,,Tibellus,
378200118,e1909ef6-01d8-4ea0-beb1-f589a62fed7c,2026-07-04 16:08:33,2026-07-04,2026-07-04 21:08:33 UTC,Central Time (US & Canada),9643869,zack96679,Zack Stout,2026-07-04 21:54:35 UTC,2026-07-04 21:54:36 UTC,needs_id,CC-BY-NC,https://www.inaturalist.org/observations/378200118,https://inaturalist-open-data.s3.amazonaws.com/photos/691675094/medium.jpg,,"",,0,0,false,843,"24th Ave S, Minneapolis, MN, US",44.9672056684,-93.23868337,59257,,,,59257,,,false,,,,Phalangium opilio,European Harvestman,Arachnida,84644,Animalia,Arthropoda,Arachnida,Opiliones,Phalangiidae,Phalangiinae,,Phalangium,Phalangium opilio
378208986,51d85247-2237-475d-a301-3be49f26ebfe,2026-07-04 17:22:34,2026-07-04,2026-07-04 22:22:34 UTC,Central Time (US & Canada),9643869,zack96679,Zack Stout,2026-07-04 22:28:18 UTC,2026-07-04 22:28:19 UTC,needs_id,CC-BY-NC,https://www.inaturalist.org/observations/378208986,https://inaturalist-open-data.s3.amazonaws.com/photos/691691836/medium.jpg,,"",,0,0,false,843,"NE 13th Ave, Minneapolis, MN, US",45.000558075,-93.2413871675,20732,,,,20732,,,false,,,,Agapostemon,Striped Sweat Bees,Insecta,50086,Animalia,Arthropoda,Insecta,Hymenoptera,Halictidae,Halictinae,Halictini,Agapostemon,
378209019,95b5e32f-b16d-4df0-aa02-c3e693878cc7,2026-07-04 17:25:00,2026-07-04,2026-07-04 22:25:00 UTC,Central Time (US & Canada),9643869,zack96679,Zack Stout,2026-07-04 22:28:25 UTC,2026-07-04 22:28:26 UTC,needs_id,CC-BY-NC,https://www.inaturalist.org/observations/378209019,https://inaturalist-open-data.s3.amazonaws.com/photos/691691895/medium.jpg,,"",,0,0,false,843,"Broadway St NE, Minneapolis, MN, US",44.9987166657,-93.2494160711,38995,,,,38995,,,false,,,,Phalangium opilio,European Harvestman,Arachnida,84644,Animalia,Arthropoda,Arachnida,Opiliones,Phalangiidae,Phalangiinae,,Phalangium,Phalangium opilio
378209051,2c5c9c80-8543-4816-8ea8-3fd2f69583a7,2026-07-04 17:24:43,2026-07-04,2026-07-04 22:24:43 UTC,Central Time (US & Canada),9643869,zack96679,Zack Stout,2026-07-04 22:28:32 UTC,2026-07-04 22:28:33 UTC,needs_id,CC-BY-NC,https://www.inaturalist.org/observations/378209051,https://inaturalist-open-data.s3.amazonaws.com/photos/691691969/medium.jpg,,"",,0,0,false,843,"Broadway St NE, Minneapolis, MN, US",44.9978080615,-93.2349313916,52681,,,,52681,,,false,,,,Chrysopa oculata,Golden-eyed Lacewing,Insecta,146945,Animalia,Arthropoda,Insecta,Neuroptera,Chrysopidae,Chrysopinae,Chrysopini,Chrysopa,Chrysopa oculata
378236151,e50925c9-9ae1-49bb-9b33-f3c6a8be0331,2026-07-04 19:19:49,2026-07-04,2026-07-05 00:19:49 UTC,Central Time (US & Canada),9643869,zack96679,Zack Stout,2026-07-05 00:21:19 UTC,2026-07-05 00:21:19 UTC,needs_id,CC-BY-NC,https://www.inaturalist.org/observations/378236151,https://inaturalist-open-data.s3.amazonaws.com/photos/691747544/medium.jpg,,"",,0,0,false,843,"Central Ave NE, Minneapolis, MN, US",45.0038948695,-93.2473383865,37121,,,,37121,,,false,,,,Lepidoptera,Butterflies and Moths,Insecta,47157,Animalia,Arthropoda,Insecta,Lepidoptera,,,,,
378420488,943e4bd3-9057-4a1b-8ee9-d5d64bf21bd6,2026-07-05 10:16:12,2026-07-05,2026-07-05 15:16:12 UTC,Central Time (US & Canada),9643869,zack96679,Zack Stout,2026-07-05 15:16:25 UTC,2026-07-05 15:16:26 UTC,needs_id,CC-BY-NC,https://www.inaturalist.org/observations/378420488,https://inaturalist-open-data.s3.amazonaws.com/photos/692101035/medium.jpg,,"",,0,0,false,843,"Buchanan St NE, Minneapolis, MN, US",44.9971453539,-93.2397913132,19,,,,19,,,false,,,,Anisodactylus rusticus,Rustic Harp Ground Beetle,Insecta,213660,Animalia,Arthropoda,Insecta,Coleoptera,Carabidae,Harpalinae,Anisodactylini,Anisodactylus,Anisodactylus rusticus
378425418,128bdc14-cccb-4f2b-9d7f-374c0d2aa709,2026-07-05 10:30:35,2026-07-05,2026-07-05 15:30:35 UTC,Central Time (US & Canada),9643869,zack96679,Zack Stout,2026-07-05 15:30:46 UTC,2026-07-05 15:30:48 UTC,needs_id,CC-BY-NC,https://www.inaturalist.org/observations/378425418,https://inaturalist-open-data.s3.amazonaws.com/photos/692110771/medium.jpg,,"",,0,0,false,843,"Buchanan St NE, Minneapolis, MN, US",44.997182236,-93.2399950896,5,,,,5,,,false,,,,Plagiognathus obscurus,Obscure Plant Bug,Insecta,454057,Animalia,Arthropoda,Insecta,Hemiptera,Miridae,Phylinae,Phylini,Plagiognathus,Plagiognathus obscurus
378428325,412a57a8-7d50-412c-a8f7-cc85a2b23292,2026-07-05 10:38:00,2026-07-05,2026-07-05 15:38:00 UTC,Central Time (US & Canada),9643869,zack96679,Zack Stout,2026-07-05 15:38:13 UTC,2026-07-11 19:54:35 UTC,research,CC-BY-NC,https://www.inaturalist.org/observations/378428325,https://inaturalist-open-data.s3.amazonaws.com/photos/692115866/medium.jpg,,"",,1,0,false,843,"Buchanan St NE, Minneapolis, MN, US",44.997182236,-93.2399950896,5,,,,5,,,false,,,Ligated Furrow Bee,Halictus ligatus,Ligated Furrow Bee,Insecta,154298,Animalia,Arthropoda,Insecta,Hymenoptera,Halictidae,Halictinae,Halictini,Halictus,Halictus ligatus
378438649,fc5bcf51-27a0-4224-b507-3057fedba76a,2026-07-05 11:04:26,2026-07-05,2026-07-05 16:04:26 UTC,Central Time (US & Canada),9643869,zack96679,Zack Stout,2026-07-05 16:05:42 UTC,2026-07-05 16:05:43 UTC,needs_id,CC-BY-NC,https://www.inaturalist.org/observations/378438649,https://inaturalist-open-data.s3.amazonaws.com/photos/692135802/medium.jpg,,"",,0,0,false,843,"Broadway St NE, Minneapolis, MN, US",44.9987087574,-93.235684992,36897,,,,36897,,,false,,,,Andrena wilkella,Wilke's Mining Bee,Insecta,127785,Animalia,Arthropoda,Insecta,Hymenoptera,Andrenidae,Andreninae,Andrenini,Andrena,Andrena wilkella
378464730,745ecf06-6deb-4e6f-94c0-22df6c709e5e,2026-07-05 12:13:46,2026-07-05,2026-07-05 17:13:46 UTC,Central Time (US & Canada),9643869,zack96679,Zack Stout,2026-07-05 17:17:20 UTC,2026-07-05 17:17:21 UTC,needs_id,CC-BY-NC,https://www.inaturalist.org/observations/378464730,https://inaturalist-open-data.s3.amazonaws.com/photos/692186212/medium.jpg,,"",,0,0,false,843,"NE Fillmore St, Minneapolis, MN, US",45.0067584961,-93.2419228619,67513,,,,67513,,,false,,,,Calliphoridae,Blow Flies,Insecta,61860,Animalia,Arthropoda,Insecta,Diptera,Calliphoridae,,,,
378464793,49b0b0ce-a981-4ecf-85ed-4dd08679579c,2026-07-05 12:12:25,2026-07-05,2026-07-05 17:12:25 UTC,Central Time (US & Canada),9643869,zack96679,Zack Stout,2026-07-05 17:17:27 UTC,2026-07-05 17:17:28 UTC,needs_id,CC-BY-NC,https://www.inaturalist.org/observations/378464793,https://inaturalist-open-data.s3.amazonaws.com/photos/692186300/medium.jpg,,"",,0,0,false,843,"NE Fillmore St, Minneapolis, MN, US",45.0038784728,-93.2421189879,36551,,,,36551,,,false,,,,Pieris rapae,Cabbage White,Insecta,55626,Animalia,Arthropoda,Insecta,Lepidoptera,Pieridae,Pierinae,Pierini,Pieris,Pieris rapae
378464875,76550f90-cebd-4d10-af99-f0185a370bc2,2026-07-05 12:10:34,2026-07-05,2026-07-05 17:10:34 UTC,Central Time (US & Canada),9643869,zack96679,Zack Stout,2026-07-05 17:17:35 UTC,2026-07-14 01:23:52 UTC,research,CC-BY-NC,https://www.inaturalist.org/observations/378464875,https://inaturalist-open-data.s3.amazonaws.com/photos/692186403/medium.jpg,,"",,1,0,false,843,"Summer St NE, Minneapolis, MN, US",44.9967885732,-93.2228793413,45726,,,,45726,,,false,,,European Paper Wasp,Polistes dominula,European Paper Wasp,Insecta,84640,Animalia,Arthropoda,Insecta,Hymenoptera,Vespidae,Polistinae,Polistini,Polistes,Polistes dominula
378464929,2cf90303-8eff-4993-b355-2d8100c860a3,2026-07-05 12:09:54,2026-07-05,2026-07-05 17:09:54 UTC,Central Time (US & Canada),9643869,zack96679,Zack Stout,2026-07-05 17:17:42 UTC,2026-07-05 20:27:09 UTC,research,CC-BY-NC,https://www.inaturalist.org/observations/378464929,https://inaturalist-open-data.s3.amazonaws.com/photos/692186510/medium.jpg,,"",,1,0,false,843,"Jackson St NE, Minneapolis, MN, US",44.997244931,-93.2498590714,42589,,,,42589,,,false,,,Eastern Calligrapher,Toxomerus geminatus,Eastern Calligrapher,Insecta,126532,Animalia,Arthropoda,Insecta,Diptera,Syrphidae,Syrphinae,Syrphini,Toxomerus,Toxomerus geminatus
378464987,20c2dff6-6cd9-4c3f-91bf-ac65932df80e,2026-07-05 12:09:09,2026-07-05,2026-07-05 17:09:09 UTC,Central Time (US & Canada),9643869,zack96679,Zack Stout,2026-07-05 17:17:49 UTC,2026-07-05 17:17:49 UTC,needs_id,CC-BY-NC,https://www.inaturalist.org/observations/378464987,https://inaturalist-open-data.s3.amazonaws.com/photos/692186593/medium.jpg,,"",,0,0,false,843,"Second St NE, Minneapolis, MN, US",44.9910069696,-93.2609604095,46064,,,,46064,,,false,,,,Vespidae,"Hornets, Paper Wasps, Potter Wasps, and Allies",Insecta,52747,Animalia,Arthropoda,Insecta,Hymenoptera,Vespidae,,,,
378465059,51aaf891-fe86-4128-b904-be4fd5bbd4ab,2026-07-05 12:07:55,2026-07-05,2026-07-05 17:07:55 UTC,Central Time (US & Canada),9643869,zack96679,Zack Stout,2026-07-05 17:17:56 UTC,2026-07-05 22:48:07 UTC,research,CC-BY-NC,https://www.inaturalist.org/observations/378465059,https://inaturalist-open-data.s3.amazonaws.com/photos/692186676/medium.jpg,,"",,1,0,false,843,"Buchanan St NE, Minneapolis, MN, US",44.9947845973,-93.2395086075,36762,,,,36762,,,false,,,Eastern Calligrapher,Toxomerus geminatus,Eastern Calligrapher,Insecta,126532,Animalia,Arthropoda,Insecta,Diptera,Syrphidae,Syrphinae,Syrphini,Toxomerus,Toxomerus geminatus
378476042,0f29b1bc-8646-4ea6-816a-263a0cebe097,2026-07-04 19:17:52,2026-07-04,2026-07-05 00:17:52 UTC,Central Time (US & Canada),9643869,zack96679,Zack Stout,2026-07-05 17:47:00 UTC,2026-07-05 17:47:01 UTC,needs_id,CC-BY-NC,https://www.inaturalist.org/observations/378476042,https://inaturalist-open-data.s3.amazonaws.com/photos/692207790/medium.jpg,,"",,0,0,false,843,"15th Ave NE, Minneapolis, MN, US",45.0035120117,-93.2480080789,36914,,,,36914,,,false,,,,Lepidoptera,Butterflies and Moths,Insecta,47157,Animalia,Arthropoda,Insecta,Lepidoptera,,,,,
378476061,15f667eb-1838-4a29-b1dd-329e02b22642,2026-07-05 10:25:01,2026-07-05,2026-07-05 15:25:01 UTC,Central Time (US & Canada),9643869,zack96679,Zack Stout,2026-07-05 17:47:05 UTC,2026-07-05 17:47:06 UTC,needs_id,CC-BY-NC,https://www.inaturalist.org/observations/378476061,https://inaturalist-open-data.s3.amazonaws.com/photos/692207863/medium.jpg,,"",,0,0,false,843,"Buchanan St NE, Minneapolis, MN, US",44.9971259836,-93.2400482043,11,,,,11,,,false,,,,Deroceras reticulatum,Milky Slug,Mollusca,124432,Animalia,Mollusca,Gastropoda,Stylommatophora,Agriolimacidae,Agriolimacinae,,Deroceras,Deroceras reticulatum
378505219,9d0d80ec-61b6-49b8-a05f-8757d6fa55c8,2026-07-05 14:08:02,2026-07-05,2026-07-05 19:08:02 UTC,Central Time (US & Canada),9643869,zack96679,Zack Stout,2026-07-05 19:10:40 UTC,2026-07-05 19:10:41 UTC,needs_id,CC-BY-NC,https://www.inaturalist.org/observations/378505219,https://inaturalist-open-data.s3.amazonaws.com/photos/692262941/medium.jpg,,"",,0,0,false,843,"NE Fillmore St, Minneapolis, MN, US",44.9941086923,-93.242414472,13215,,,,13215,,,false,,,,Hydrophoria lancifer,Root-fly,Insecta,338195,Animalia,Arthropoda,Insecta,Diptera,Anthomyiidae,,,Hydrophoria,Hydrophoria lancifer
378566047,d88c676d-28d9-4bb0-b88f-74737ac019fc,2026-07-05 16:50:57,2026-07-05,2026-07-05 21:50:57 UTC,Central Time (US & Canada),9643869,zack96679,Zack Stout,2026-07-05 22:15:44 UTC,2026-07-14 00:14:51 UTC,research,CC-BY-NC,https://www.inaturalist.org/observations/378566047,https://inaturalist-open-data.s3.amazonaws.com/photos/692381808/medium.jpg,,"",,1,0,false,843,"Jackson St NE, Minneapolis, MN, US",45.0032910814,-93.2503847839,29554,,,,29554,,,false,,,Orange-legged Furrow Bee,Halictus rubicundus,Orange-legged Furrow Bee,Insecta,127747,Animalia,Arthropoda,Insecta,Hymenoptera,Halictidae,Halictinae,Halictini,Halictus,Halictus rubicundus
378566086,fbabf226-1cc7-4bbb-872a-712a6e3d5ee7,2026-07-05 16:26:03,2026-07-05,2026-07-05 21:26:03 UTC,Central Time (US & Canada),9643869,zack96679,Zack Stout,2026-07-05 22:15:51 UTC,2026-07-06 13:20:35 UTC,needs_id,CC-BY-NC,https://www.inaturalist.org/observations/378566086,https://inaturalist-open-data.s3.amazonaws.com/photos/692381856/medium.jpg,,"",,1,0,false,843,"Fifth Ave SE, Minneapolis, MN, US",44.9839201241,-93.2492640177,30246,,,,30246,,,false,,,Misumenini,Misumenini,,Arachnida,1472438,Animalia,Arthropoda,Arachnida,Araneae,Thomisidae,Thomisinae,Misumenini,,
378566144,3d8430d0-630d-462b-80ba-65c1dab07d53,2026-07-05 17:14:00,2026-07-05,2026-07-05 22:14:00 UTC,Central Time (US & Canada),9643869,zack96679,Zack Stout,2026-07-05 22:15:58 UTC,2026-07-05 22:15:59 UTC,needs_id,CC-BY-NC,https://www.inaturalist.org/observations/378566144,https://inaturalist-open-data.s3.amazonaws.com/photos/692381925/medium.jpg,,"",,0,0,false,843,"Lincoln St NE, Minneapolis, MN, US",45.0002949815,-93.2376280494,42106,,,,42106,,,false,,,,Zelus luridus,Pale Green Assassin Bug,Insecta,129423,Animalia,Arthropoda,Insecta,Hemiptera,Reduviidae,Harpactorinae,Harpactorini,Zelus,Zelus luridus
378568975,19b58287-6c6b-4e3f-93ff-b982fded0c60,2026-07-05 17:25:00,2026-07-05,2026-07-05 22:25:00 UTC,Central Time (US & Canada),9643869,zack96679,Zack Stout,2026-07-05 22:26:12 UTC,2026-07-05 23:02:29 UTC,needs_id,CC-BY-NC,https://www.inaturalist.org/observations/378568975,https://inaturalist-open-data.s3.amazonaws.com/photos/692387171/medium.jpg,,"",,0,0,false,843,"14th Ave NE, Minneapolis, MN, US",45.0028048435,-93.2502214537,39540,,,,39540,,,false,,,,Melissodes bimaculatus,Two-spotted Longhorn Bee,Insecta,567666,Animalia,Arthropoda,Insecta,Hymenoptera,Apidae,Apinae,Eucerini,Melissodes,Melissodes bimaculatus
378578803,b2a0ed27-e84c-4a8b-9929-caceeb3ca68d,2026-07-05 18:03:08,2026-07-05,2026-07-05 23:03:08 UTC,Central Time (US & Canada),9643869,zack96679,Zack Stout,2026-07-05 23:04:05 UTC,2026-07-05 23:04:06 UTC,needs_id,CC-BY-NC,https://www.inaturalist.org/observations/378578803,https://inaturalist-open-data.s3.amazonaws.com/photos/692406173/medium.jpg,,"",,0,0,false,843,"Broadway St NE, Minneapolis, MN, US",44.9986962505,-93.2378932809,23958,,,,23958,,,false,,,,Polistes dominula,European Paper Wasp,Insecta,84640,Animalia,Arthropoda,Insecta,Hymenoptera,Vespidae,Polistinae,Polistini,Polistes,Polistes dominula
378587456,77237b63-ff58-4740-8b4e-e45baf87847f,2026-07-05 18:17:46,2026-07-05,2026-07-05 23:17:46 UTC,Central Time (US & Canada),9643869,zack96679,Zack Stout,2026-07-05 23:35:58 UTC,2026-07-05 23:35:59 UTC,needs_id,CC-BY-NC,https://www.inaturalist.org/observations/378587456,https://inaturalist-open-data.s3.amazonaws.com/photos/692423079/medium.jpg,,"",,0,0,false,843,"Johnson St NE, Minneapolis, MN, US",45.0034040988,-93.2389453924,18633,,,,18633,,,false,,,,Ommatius tibialis,Northeastern Plumetop,Insecta,61604,Animalia,Arthropoda,Insecta,Diptera,Asilidae,Ommatiinae,Ommatiini,Ommatius,Ommatius tibialis
378588301,bfee2557-11c0-412a-9ed1-fb9ceaa952c3,2026-07-05 18:17:58,2026-07-05,2026-07-05 23:17:58 UTC,Central Time (US & Canada),9643869,zack96679,Zack Stout,2026-07-05 23:38:56 UTC,2026-07-05 23:38:57 UTC,needs_id,CC-BY-NC,https://www.inaturalist.org/observations/378588301,https://inaturalist-open-data.s3.amazonaws.com/photos/692424711/medium.jpg,,"",,0,0,false,843,"Palisade St NE, Blaine, MN, US",45.2101415697,-93.2133886714,125342,,,,125342,,,false,,,,Diplazon laetatorius,Common Hover Fly Parasitoid Wasp,Insecta,84693,Animalia,Arthropoda,Insecta,Hymenoptera,Ichneumonidae,Diplazontinae,,Diplazon,Diplazon laetatorius
378588323,cd61c6f0-1390-4124-9053-2b3af97a1ead,2026-07-05 18:26:16,2026-07-05,2026-07-05 23:26:16 UTC,Central Time (US & Canada),9643869,zack96679,Zack Stout,2026-07-05 23:39:02 UTC,2026-07-05 23:39:02 UTC,needs_id,CC-BY-NC,https://www.inaturalist.org/observations/378588323,https://inaturalist-open-data.s3.amazonaws.com/photos/692424770/medium.jpg,,"",,0,0,false,843,"NE Fillmore St, Minneapolis, MN, US",44.9965347691,-93.242708442,18513,,,,18513,,,false,,,,Aulacorthum solani,Foxglove Aphid,Insecta,330194,Animalia,Arthropoda,Insecta,Hemiptera,Aphididae,Aphidinae,Macrosiphini,Aulacorthum,Aulacorthum solani
378588343,ed0c7b56-3035-4ad4-90d4-55a2b78ffe2c,2026-07-05 18:26:57,2026-07-05,2026-07-05 23:26:57 UTC,Central Time (US & Canada),9643869,zack96679,Zack Stout,2026-07-05 23:39:07 UTC,2026-07-05 23:39:08 UTC,needs_id,CC-BY-NC,https://www.inaturalist.org/observations/378588343,https://inaturalist-open-data.s3.amazonaws.com/photos/692424805/medium.jpg,,"",,0,0,false,843,"Fifth St NE, Minneapolis, MN, US",45.0047874421,-93.2608501713,41478,,,,41478,,,false,,,,Aphididae,Aphids,Insecta,52381,Animalia,Arthropoda,Insecta,Hemiptera,Aphididae,,,,
378606028,a6bd83cd-a123-4114-ab15-13932f0ae520,2026-07-05 19:38:18,2026-07-05,2026-07-06 00:38:18 UTC,Central Time (US & Canada),9643869,zack96679,Zack Stout,2026-07-06 00:49:11 UTC,2026-07-06 00:49:12 UTC,needs_id,CC-BY-NC,https://www.inaturalist.org/observations/378606028,https://inaturalist-open-data.s3.amazonaws.com/photos/692460482/medium.jpg,,"",,0,0,false,843,"NE Fillmore St, Minneapolis, MN, US",45.003900378,-93.2401101602,129191,,,,129191,,,false,,,,Sarcophaginae,Typical Flesh Flies,Insecta,358525,Animalia,Arthropoda,Insecta,Diptera,Sarcophagidae,Sarcophaginae,,,
378606048,2106263b-7744-426d-8a52-fc6f6f868fae,2026-07-05 19:36:28,2026-07-05,2026-07-06 00:36:28 UTC,Central Time (US & Canada),9643869,zack96679,Zack Stout,2026-07-06 00:49:16 UTC,2026-07-06 00:49:17 UTC,needs_id,CC-BY-NC,https://www.inaturalist.org/observations/378606048,https://inaturalist-open-data.s3.amazonaws.com/photos/692460527/medium.jpg,,"",,0,0,false,843,"Meadow Ln S, Golden Valley, MN, US",44.9756794445,-93.3317245075,138919,,,,138919,,,false,,,,Condylostylus sipho,,Insecta,259850,Animalia,Arthropoda,Insecta,Diptera,Dolichopodidae,Sciapodinae,Sciapodini,Condylostylus,Condylostylus sipho
378606070,ed0e6de1-2737-4b7e-b7e6-322a28668dba,2026-07-05 19:23:16,2026-07-05,2026-07-06 00:23:16 UTC,Central Time (US & Canada),9643869,zack96679,Zack Stout,2026-07-06 00:49:22 UTC,2026-08-11 04:30:32 UTC,research,CC-BY-NC,https://www.inaturalist.org/observations/378606070,https://inaturalist-open-data.s3.amazonaws.com/photos/692460571/medium.jpg,,"",,1,0,false,843,"Pierce St NE, Minneapolis, MN, US",45.000794176,-93.2405865937,26463,,,,26463,,,false,,,Arabesque Orbweaver,Neoscona arabesca,Arabesque Orbweaver,Arachnida,119342,Animalia,Arthropoda,Arachnida,Araneae,Araneidae,Araneinae,,Neoscona,Neoscona arabesca
378606096,fb4a2788-c01d-43fb-b1e4-edb14437a846,2026-07-05 19:19:22,2026-07-05,2026-07-06 00:19:22 UTC,Central Time (US & Canada),9643869,zack96679,Zack Stout,2026-07-06 00:49:28 UTC,2026-07-06 00:49:29 UTC,needs_id,CC-BY-NC,https://www.inaturalist.org/observations/378606096,https://inaturalist-open-data.s3.amazonaws.com/photos/692460624/medium.jpg,,"",,0,0,false,843,"NE Marshall St, Minneapolis, MN, US",45.0069382741,-93.273249959,107223,,,,107223,,,false,,,,Prenolepis imparis,American Winter Ant,Insecta,68142,Animalia,Arthropoda,Insecta,Hymenoptera,Formicidae,Formicinae,Lasiini,Prenolepis,Prenolepis imparis
378606113,9978f739-25e5-44fd-81a0-69cbcc426c0d,2026-07-05 19:16:50,2026-07-05,2026-07-06 00:16:50 UTC,Central Time (US & Canada),9643869,zack96679,Zack Stout,2026-07-06 00:49:34 UTC,2026-07-06 00:49:35 UTC,needs_id,CC-BY-NC,https://www.inaturalist.org/observations/378606113,https://inaturalist-open-data.s3.amazonaws.com/photos/692460664/medium.jpg,,"",,0,0,false,843,"Tyler St NE, Minneapolis, MN, US",44.9995859291,-93.2455435895,29215,,,,29215,,,false,,,,Phaonia signata,,Insecta,1611439,Animalia,Arthropoda,Insecta,Diptera,Muscidae,Phaoniinae,,Phaonia,Phaonia signata
378606156,39ad50d4-0ac7-460c-9dcf-b50908f61ee8,2026-07-05 19:14:27,2026-07-05,2026-07-06 00:14:27 UTC,Central Time (US & Canada),9643869,zack96679,Zack Stout,2026-07-06 00:49:40 UTC,2026-07-06 13:27:35 UTC,needs_id,CC-BY-NC,https://www.inaturalist.org/observations/378606156,https://inaturalist-open-data.s3.amazonaws.com/photos/692460705/medium.jpg,,"",,2,0,false,843,"NE Fillmore St, Minneapolis, MN, US",45.0039408781,-93.2435862619,37959,,,,37959,,,false,,,Mecaphesa,Mecaphesa,,Arachnida,129662,Animalia,Arthropoda,Arachnida,Araneae,Thomisidae,Thomisinae,Misumenini,Mecaphesa,
378606169,cce959b4-0633-4284-ab6d-21a5922eb6d7,2026-07-05 19:12:07,2026-07-05,2026-07-06 00:12:07 UTC,Central Time (US & Canada),9643869,zack96679,Zack Stout,2026-07-06 00:49:44 UTC,2026-07-06 15:30:39 UTC,research,CC-BY-NC,https://www.inaturalist.org/observations/378606169,https://inaturalist-open-data.s3.amazonaws.com/photos/692460746/medium.jpg,,"",,1,0,false,843,"Buchanan St NE, Minneapolis, MN, US",44.9974676755,-93.2393901886,34775,,,,34775,,open,false,,,Two-spotted Bumble Bee,Bombus bimaculatus,Two-spotted Bumble Bee,Insecta,52779,Animalia,Arthropoda,Insecta,Hymenoptera,Apidae,Apinae,Bombini,Bombus,Bombus bimaculatus
378606192,f0f3bbf1-c4be-4675-b568-c1ac9debbc53,2026-07-05 19:05:36,2026-07-05,2026-07-06 00:05:36 UTC,Central Time (US & Canada),9643869,zack96679,Zack Stout,2026-07-06 00:49:50 UTC,2026-07-06 00:49:51 UTC,needs_id,CC-BY-NC,https://www.inaturalist.org/observations/378606192,https://inaturalist-open-data.s3.amazonaws.com/photos/692460792/medium.jpg,,"",,0,0,false,843,"Ridgway Pkwy, Minneapolis, MN, US",45.005606252,-93.2140981229,75712,,,,75712,,,false,,,,Ommatius tibialis,Northeastern Plumetop,Insecta,61604,Animalia,Arthropoda,Insecta,Diptera,Asilidae,Ommatiinae,Ommatiini,Ommatius,Ommatius tibialis
378606211,26c89f1c-45cf-4be5-a4af-26d9d934b205,2026-07-05 19:06:14,2026-07-05,2026-07-06 00:06:14 UTC,Central Time (US & Canada),9643869,zack96679,Zack Stout,2026-07-06 00:49:55 UTC,2026-07-06 17:30:57 UTC,needs_id,CC-BY-NC,https://www.inaturalist.org/observations/378606211,https://inaturalist-open-data.s3.amazonaws.com/photos/692460832/medium.jpg,,"",,0,0,false,843,"Broadway St NE, Minneapolis, MN, US",44.9991298747,-93.2401551945,10007,,,,10007,,,false,,,Misumenini,Mecaphesa celer,Swift Crab Spider,Arachnida,202572,Animalia,Arthropoda,Arachnida,Araneae,Thomisidae,Thomisinae,Misumenini,Mecaphesa,Mecaphesa celer
378621777,00126ef3-3b58-45bd-993c-5d8996535fcd,2026-07-05 20:54:15,2026-07-05,2026-07-06 01:54:15 UTC,Central Time (US & Canada),9643869,zack96679,Zack Stout,2026-07-06 01:54:32 UTC,2026-07-06 01:54:33 UTC,needs_id,CC-BY-NC,https://www.inaturalist.org/observations/378621777,https://inaturalist-open-data.s3.amazonaws.com/photos/692490456/medium.jpg,,"",,0,0,false,843,"Buchanan St NE, Minneapolis, MN, US",44.9971822708,-93.2399953369,5,,,,5,,,false,,,,Astereae,asters and allies,Plantae,461542,Plantae,Tracheophyta,Magnoliopsida,Asterales,Asteraceae,Asteroideae,Astereae,,
378817820,5e3ce98c-b170-4aaa-bbab-14f84e13d8f0,2026-07-05 20:49:44,2026-07-05,2026-07-06 01:49:44 UTC,Central Time (US & Canada),9643869,zack96679,Zack Stout,2026-07-06 17:31:03 UTC,2026-07-08 00:16:58 UTC,research,CC-BY-NC,https://www.inaturalist.org/observations/378817820,https://inaturalist-open-data.s3.amazonaws.com/photos/692865583/medium.jpg,,"",,1,0,false,843,"Buchanan St NE, Minneapolis, MN, US",44.9971822708,-93.2399953369,5,,,,5,,,false,,,horseweed,Erigeron canadensis,horseweed,Plantae,76907,Plantae,Tracheophyta,Magnoliopsida,Asterales,Asteraceae,Asteroideae,Astereae,Erigeron,Erigeron canadensis
378817886,26158403-dd52-430b-9960-03da474be5fa,2026-07-05 20:52:01,2026-07-05,2026-07-06 01:52:01 UTC,Central Time (US & Canada),9643869,zack96679,Zack Stout,2026-07-06 17:31:11 UTC,2026-07-08 00:17:02 UTC,research,CC-BY-NC,https://www.inaturalist.org/observations/378817886,https://inaturalist-open-data.s3.amazonaws.com/photos/692865669/medium.jpg,,"",,1,0,false,843,"Buchanan St NE, Minneapolis, MN, US",44.9971822708,-93.2399953369,5,,,,5,,open,false,,,white snakeroot,Ageratina altissima,white snakeroot,Plantae,119048,Plantae,Tracheophyta,Magnoliopsida,Asterales,Asteraceae,Asteroideae,Eupatorieae,Ageratina,Ageratina altissima
378817983,f522a29b-a083-46fb-b70b-b31a3effc536,2026-07-05 20:54:45,2026-07-05,2026-07-06 01:54:45 UTC,Central Time (US & Canada),9643869,zack96679,Zack Stout,2026-07-06 17:31:23 UTC,2026-07-08 00:17:05 UTC,research,CC-BY-NC,https://www.inaturalist.org/observations/378817983,https://inaturalist-open-data.s3.amazonaws.com/photos/692865743/medium.jpg,,"",,1,0,false,843,"Buchanan St NE, Minneapolis, MN, US",44.9971822708,-93.2399953369,5,,,,5,,open,false,,,white snakeroot,Ageratina altissima,white snakeroot,Plantae,119048,Plantae,Tracheophyta,Magnoliopsida,Asterales,Asteraceae,Asteroideae,Eupatorieae,Ageratina,Ageratina altissima
378818029,d834a1bb-8126-4bba-b36d-bcde1087d88f,2026-07-05 20:55:24,2026-07-05,2026-07-06 01:55:24 UTC,Central Time (US & Canada),9643869,zack96679,Zack Stout,2026-07-06 17:31:31 UTC,2026-07-08 00:17:08 UTC,research,CC-BY-NC,https://www.inaturalist.org/observations/378818029,https://inaturalist-open-data.s3.amazonaws.com/photos/692865875/medium.jpg,,"",,1,0,false,843,"Buchanan St NE, Minneapolis, MN, US",44.9971822708,-93.2399953369,5,,,,5,,open,false,,,white snakeroot,Ageratina altissima,white snakeroot,Plantae,119048,Plantae,Tracheophyta,Magnoliopsida,Asterales,Asteraceae,Asteroideae,Eupatorieae,Ageratina,Ageratina altissima
378822242,1b8543f3-8f63-4cc6-aaf5-0d9aca869b6b,2026-07-06 12:24:47,2026-07-06,2026-07-06 17:24:47 UTC,Central Time (US & Canada),9643869,zack96679,Zack Stout,2026-07-06 17:45:02 UTC,2026-07-06 17:45:03 UTC,needs_id,CC-BY-NC,https://www.inaturalist.org/observations/378822242,https://inaturalist-open-data.s3.amazonaws.com/photos/692873619/medium.jpg,,"",,0,0,false,843,"Taylor St NE, Minneapolis, MN, US",44.9932885083,-93.2429404053,104221,,,,104221,,,false,,,,Tachinidae,Tachinid Flies,Insecta,51953,Animalia,Arthropoda,Insecta,Diptera,Tachinidae,,,,
378822272,7714b839-9fff-4157-9ba8-052b108961a6,2026-07-06 12:22:16,2026-07-06,2026-07-06 17:22:16 UTC,Central Time (US & Canada),9643869,zack96679,Zack Stout,2026-07-06 17:45:08 UTC,2026-07-06 17:45:09 UTC,needs_id,CC-BY-NC,https://www.inaturalist.org/observations/378822272,https://inaturalist-open-data.s3.amazonaws.com/photos/692873664/medium.jpg,,"",,0,0,false,843,"Buchanan St NE, Minneapolis, MN, US",44.9936513136,-93.2390595572,32925,,,,32925,,,false,,,,Lasiini,Lasiine Ants,Insecta,637569,Animalia,Arthropoda,Insecta,Hymenoptera,Formicidae,Formicinae,Lasiini,,
378822293,fce696f9-9116-4c12-9ab2-787178dc00e7,2026-07-06 12:20:13,2026-07-06,2026-07-06 17:20:13 UTC,Central Time (US & Canada),9643869,zack96679,Zack Stout,2026-07-06 17:45:13 UTC,2026-07-06 18:04:19 UTC,needs_id,CC-BY-NC,https://www.inaturalist.org/observations/378822293,https://inaturalist-open-data.s3.amazonaws.com/photos/692873716/medium.jpg,,"",,0,0,false,843,"Broadway St NE, Minneapolis, MN, US",44.9994147468,-93.2455476669,24602,,,,24602,,,false,,,,Aphrodes makarovi,,Insecta,606609,Animalia,Arthropoda,Insecta,Hemiptera,Cicadellidae,Aphrodinae,Aphrodini,Aphrodes,Aphrodes makarovi
378822312,2320dd97-45ec-4267-91d1-6852993f9cd1,2026-07-06 12:18:21,2026-07-06,2026-07-06 17:18:21 UTC,Central Time (US & Canada),9643869,zack96679,Zack Stout,2026-07-06 17:45:19 UTC,2026-07-06 21:34:06 UTC,research,CC-BY-NC,https://www.inaturalist.org/observations/378822312,https://inaturalist-open-data.s3.amazonaws.com/photos/692873773/medium.jpg,,"",,1,0,false,843,"NE California St, Minneapolis, MN, US",45.0200444224,-93.2692294833,151149,,,,151149,,,false,,,Red-banded Leafhopper,Graphocephala coccinea,Red-banded Leafhopper,Insecta,56925,Animalia,Arthropoda,Insecta,Hemiptera,Cicadellidae,Cicadellinae,Cicadellini,Graphocephala,Graphocephala coccinea
378822336,86ef7160-8133-4b65-940b-a0788a732684,2026-07-06 12:16:27,2026-07-06,2026-07-06 17:16:27 UTC,Central Time (US & Canada),9643869,zack96679,Zack Stout,2026-07-06 17:45:24 UTC,2026-07-07 14:10:41 UTC,needs_id,CC-BY-NC,https://www.inaturalist.org/observations/378822336,https://inaturalist-open-data.s3.amazonaws.com/photos/692873812/medium.jpg,,"",,1,0,false,843,"Sixth St NE, Minneapolis, MN, US",45.0060214168,-93.2582632745,46585,,,,46585,,,false,,,Tetragnatha,Tetragnatha,,Arachnida,47550,Animalia,Arthropoda,Arachnida,Araneae,Tetragnathidae,Tetragnathinae,,Tetragnatha,
378822379,b030b6c9-2b6f-49fd-a6a9-942a14224ece,2026-07-06 12:15:57,2026-07-06,2026-07-06 17:15:57 UTC,Central Time (US & Canada),9643869,zack96679,Zack Stout,2026-07-06 17:45:33 UTC,2026-07-07 04:55:44 UTC,needs_id,CC-BY-NC,https://www.inaturalist.org/observations/378822379,https://inaturalist-open-data.s3.amazonaws.com/photos/692873888/medium.jpg,,"",,1,0,false,843,"Fifth St NE, Minneapolis, MN, US",44.9919749393,-93.2555581959,124294,,,,124294,,,false,,,Allognosta,Allognosta,,Insecta,493862,Animalia,Arthropoda,Insecta,Diptera,Stratiomyidae,Beridinae,,Allognosta,
378822412,2128ebc1-3fb5-4c43-92ae-4c2a5abcef80,2026-07-06 12:15:28,2026-07-06,2026-07-06 17:15:28 UTC,Central Time (US & Canada),9643869,zack96679,Zack Stout,2026-07-06 17:45:40 UTC,2026-07-06 17:45:41 UTC,needs_id,CC-BY-NC,https://www.inaturalist.org/observations/378822412,https://inaturalist-open-data.s3.amazonaws.com/photos/692873975/medium.jpg,,"",,0,0,false,843,"Second St NE, Minneapolis, MN, US",45.0066440837,-93.2665274382,109745,,,,109745,,,false,,,,Lucilia,Greenbottle Flies,Insecta,61858,Animalia,Arthropoda,Insecta,Diptera,Calliphoridae,Luciliinae,Luciliini,Lucilia,
378822444,14aa5e40-c8a1-43de-b979-f7eb7c1e7df8,2026-07-06 12:13:49,2026-07-06,2026-07-06 17:13:49 UTC,Central Time (US & Canada),9643869,zack96679,Zack Stout,2026-07-06 17:45:46 UTC,2026-07-06 17:45:47 UTC,needs_id,CC-BY-NC,https://www.inaturalist.org/observations/378822444,https://inaturalist-open-data.s3.amazonaws.com/photos/692874037/medium.jpg,,"",,0,0,false,843,"NE Jefferson St, Minneapolis, MN, US",45.0040509511,-93.2555728137,102035,,,,102035,,,false,,,,Lucilia,Greenbottle Flies,Insecta,61858,Animalia,Arthropoda,Insecta,Diptera,Calliphoridae,Luciliinae,Luciliini,Lucilia,
378822473,25fa87fe-1842-4503-826c-2b5577ed8dd8,2026-07-06 12:12:36,2026-07-06,2026-07-06 17:12:36 UTC,Central Time (US & Canada),9643869,zack96679,Zack Stout,2026-07-06 17:45:53 UTC,2026-07-06 17:45:54 UTC,needs_id,CC-BY-NC,https://www.inaturalist.org/observations/378822473,https://inaturalist-open-data.s3.amazonaws.com/photos/692874092/medium.jpg,,"",,0,0,false,843,"Pierce St NE, Minneapolis, MN, US",45.0081863413,-93.2408528767,50686,,,,50686,,,false,,,,Melanoplinae,Spur-throated Grasshoppers,Insecta,328102,Animalia,Arthropoda,Insecta,Orthoptera,Acrididae,Melanoplinae,,,
378822511,71b3bdf3-ea2e-424a-936a-9054e433238b,2026-07-06 12:08:34,2026-07-06,2026-07-06 17:08:34 UTC,Central Time (US & Canada),9643869,zack96679,Zack Stout,2026-07-06 17:46:01 UTC,2026-07-06 17:46:01 UTC,needs_id,CC-BY-NC,https://www.inaturalist.org/observations/378822511,https://inaturalist-open-data.s3.amazonaws.com/photos/692874169/medium.jpg,,"",,0,0,false,843,"Eastman Ave, Minneapolis, MN, US",44.9868955715,-93.2621757702,73300,,,,73300,,,false,,,,Lasioglossum pectorale,Rugose-chested Sweat Bee,Insecta,199089,Animalia,Arthropoda,Insecta,Hymenoptera,Halictidae,Halictinae,Halictini,Lasioglossum,Lasioglossum pectorale
378822556,06f3aac7-e2bc-4998-9407-8bece546a20b,2026-07-06 12:03:48,2026-07-06,2026-07-06 17:03:48 UTC,Central Time (US & Canada),9643869,zack96679,Zack Stout,2026-07-06 17:46:07 UTC,2026-07-06 17:46:08 UTC,needs_id,CC-BY-NC,https://www.inaturalist.org/observations/378822556,https://inaturalist-open-data.s3.amazonaws.com/photos/692874219/medium.jpg,,"",,0,0,false,843,"Central Ave NE, Minneapolis, MN, US",45.0157898085,-93.2467886626,66492,,,,66492,,,false,,,,Isodontia mexicana,Mexican Grass-carrying Wasp,Insecta,203340,Animalia,Arthropoda,Insecta,Hymenoptera,Sphecidae,Sphecinae,Sphecini,Isodontia,Isodontia mexicana
378822575,21c57362-6073-4763-839b-e834abe4d303,2026-07-06 12:02:40,2026-07-06,2026-07-06 17:02:40 UTC,Central Time (US & Canada),9643869,zack96679,Zack Stout,2026-07-06 17:46:13 UTC,2026-07-07 14:10:44 UTC,needs_id,CC-BY-NC,https://www.inaturalist.org/observations/378822575,https://inaturalist-open-data.s3.amazonaws.com/photos/692874275/medium.jpg,,"",,1,0,false,843,"Broadway St NE, Minneapolis, MN, US",44.9985803203,-93.2337394392,28680,,,,28680,,,false,,,Grass Spiders,Agelenopsis,Grass Spiders,Arachnida,82116,Animalia,Arthropoda,Arachnida,Araneae,Agelenidae,Ageleninae,,Agelenopsis,
378822600,1798253a-e322-4ad1-9097-d5afe756a3bd,2026-07-06 11:58:56,2026-07-06,2026-07-06 16:58:56 UTC,Central Time (US & Canada),9643869,zack96679,Zack Stout,2026-07-06 17:46:18 UTC,2026-07-06 18:04:21 UTC,needs_id,CC-BY-NC,https://www.inaturalist.org/observations/378822600,https://inaturalist-open-data.s3.amazonaws.com/photos/692874318/medium.jpg,,"",,0,0,false,843,"14th Ave NE, Minneapolis, MN, US",45.0020043172,-93.2487930676,29646,,,,29646,,,false,,,,Cerceris nigrescens,,Insecta,203306,Animalia,Arthropoda,Insecta,Hymenoptera,Crabronidae,Philanthinae,Cercerini,Cerceris,Cerceris nigrescens
378886972,c0baed19-a9dc-411e-82e5-5a3400c2e611,2026-07-06 16:22:49,2026-07-06,2026-07-06 21:22:49 UTC,Central Time (US & Canada),9643869,zack96679,Zack Stout,2026-07-06 21:25:12 UTC,2026-07-06 21:25:13 UTC,needs_id,CC-BY-NC,https://www.inaturalist.org/observations/378886972,https://inaturalist-open-data.s3.amazonaws.com/photos/692998886/medium.jpg,,"",,0,0,false,843,"Quincy St NE, Minneapolis, MN, US",44.9982757553,-93.2505537098,43944,,,,43944,,,false,,,,Villa lateralis,,Insecta,133761,Animalia,Arthropoda,Insecta,Diptera,Bombyliidae,Anthracinae,Villini,Villa,Villa lateralis
378887140,4930431a-3fcc-4e18-8e78-a74111726648,2026-07-06 15:41:54,2026-07-06,2026-07-06 20:41:54 UTC,Central Time (US & Canada),9643869,zack96679,Zack Stout,2026-07-06 21:25:51 UTC,2026-07-07 14:15:08 UTC,needs_id,CC-BY-NC,https://www.inaturalist.org/observations/378887140,https://inaturalist-open-data.s3.amazonaws.com/photos/692999243/medium.jpg,,"",,1,0,false,843,"I-35W N, Minneapolis, MN, US",45.0023381334,-93.2312268547,44747,,,,44747,,,false,,,Trochosa,Trochosa,,Arachnida,148395,Animalia,Arthropoda,Arachnida,Araneae,Lycosidae,Lycosinae,,Trochosa,
378887199,deba2bd1-6647-4b8e-86e8-10989ff658ae,2026-07-06 15:40:25,2026-07-06,2026-07-06 20:40:25 UTC,Central Time (US & Canada),9643869,zack96679,Zack Stout,2026-07-06 21:26:08 UTC,2026-07-06 21:26:09 UTC,needs_id,CC-BY-NC,https://www.inaturalist.org/observations/378887199,https://inaturalist-open-data.s3.amazonaws.com/photos/692999385/medium.jpg,,"",,0,0,false,843,"Pierce St NE, Minneapolis, MN, US",44.9979861066,-93.2413549382,41389,,,,41389,,,false,,,,Megachile texana,Texas Leafcutter Bee,Insecta,199128,Animalia,Arthropoda,Insecta,Hymenoptera,Megachilidae,Megachilinae,Megachilini,Megachile,Megachile texana
378906893,0119e79d-7610-42aa-aafa-0045f0cd0113,2026-07-06 17:42:08,2026-07-06,2026-07-06 22:42:08 UTC,Central Time (US & Canada),9643869,zack96679,Zack Stout,2026-07-06 22:44:06 UTC,2026-07-11 03:52:10 UTC,research,CC-BY-NC,https://www.inaturalist.org/observations/378906893,https://inaturalist-open-data.s3.amazonaws.com/photos/693038484/medium.jpg,,"",,1,0,false,843,"MN-5, Waconia, MN, US",44.8593839566,-93.7118625342,107111,,,,107111,,,false,,,Wilke's Mining Bee,Andrena wilkella,Wilke's Mining Bee,Insecta,127785,Animalia,Arthropoda,Insecta,Hymenoptera,Andrenidae,Andreninae,Andrenini,Andrena,Andrena wilkella
378925461,fc7c1beb-134c-495c-9795-331d1f715498,2026-07-06 18:59:33,2026-07-06,2026-07-06 23:59:33 UTC,Central Time (US & Canada),9643869,zack96679,Zack Stout,2026-07-07 00:02:43 UTC,2026-07-07 00:02:44 UTC,needs_id,CC-BY-NC,https://www.inaturalist.org/observations/378925461,https://inaturalist-open-data.s3.amazonaws.com/photos/693075369/medium.jpg,,"",,0,0,false,843,"Broadway St NE, Minneapolis, MN, US",44.999097128,-93.2447816754,31701,,,,31701,,,false,,,,Cicadellidae,Typical Leafhoppers,Insecta,53237,Animalia,Arthropoda,Insecta,Hemiptera,Cicadellidae,,,,
378950893,950ea709-caaa-40f0-9de9-b04bb9449d9f,2026-07-06 21:03:11,2026-07-06,2026-07-07 02:03:11 UTC,Central Time (US & Canada),9643869,zack96679,Zack Stout,2026-07-07 02:03:43 UTC,2026-07-07 02:08:59 UTC,research,CC-BY-NC,https://www.inaturalist.org/observations/378950893,https://inaturalist-open-data.s3.amazonaws.com/photos/693126772/medium.jpg,,"",,1,0,false,843,"Buchanan St NE, Minneapolis, MN, US",44.9971822313,-93.239994988,5,,,,5,,open,false,,,purple coneflower,Echinacea purpurea,purple coneflower,Plantae,48627,Plantae,Tracheophyta,Magnoliopsida,Asterales,Asteraceae,Asteroideae,Heliantheae,Echinacea,Echinacea purpurea
378950909,7c3e6879-847d-451f-bbfb-2a612d16e777,2026-07-06 21:03:28,2026-07-06,2026-07-07 02:03:28 UTC,Central Time (US & Canada),9643869,zack96679,Zack Stout,2026-07-07 02:03:50 UTC,2026-07-07 02:09:05 UTC,research,CC-BY-NC,https://www.inaturalist.org/observations/378950909,https://inaturalist-open-data.s3.amazonaws.com/photos/693126839/medium.jpg,,"",,1,0,false,843,"Buchanan St NE, Minneapolis, MN, US",44.9971215113,-93.2400903999,3,,,,3,,open,false,,,purple coneflower,Echinacea purpurea,purple coneflower,Plantae,48627,Plantae,Tracheophyta,Magnoliopsida,Asterales,Asteraceae,Asteroideae,Heliantheae,Echinacea,Echinacea purpurea
379122001,a392fb8c-d115-4329-bc60-1f3c25e3bc79,2026-07-07 11:39:42,2026-07-07,2026-07-07 16:39:42 UTC,Central Time (US & Canada),9643869,zack96679,Zack Stout,2026-07-07 17:05:14 UTC,2026-07-08 20:10:13 UTC,research,CC-BY-NC,https://www.inaturalist.org/observations/379122001,https://inaturalist-open-data.s3.amazonaws.com/photos/693458119/medium.jpg,,"",,1,0,false,843,"15th Ave NE, Minneapolis, MN, US",45.0030326045,-93.2574076603,51888,,,,51888,,,false,,,Ferruginous Tiger Crane Fly,Nephrotoma ferruginea,Ferruginous Tiger Crane Fly,Insecta,60428,Animalia,Arthropoda,Insecta,Diptera,Tipulidae,Tipulinae,,Nephrotoma,Nephrotoma ferruginea
379122053,842bd4e9-465e-412e-af53-49f2e67795a8,2026-07-07 11:40:55,2026-07-07,2026-07-07 16:40:55 UTC,Central Time (US & Canada),9643869,zack96679,Zack Stout,2026-07-07 17:05:20 UTC,2026-07-07 17:31:42 UTC,research,CC-BY-NC,https://www.inaturalist.org/observations/379122053,https://inaturalist-open-data.s3.amazonaws.com/photos/693458185/medium.jpg,,"",,1,0,false,843,"Summer St NE, Minneapolis, MN, US",44.9962901471,-93.2457209505,37992,,,,37992,,,false,,,Eastern Calligrapher,Toxomerus geminatus,Eastern Calligrapher,Insecta,126532,Animalia,Arthropoda,Insecta,Diptera,Syrphidae,Syrphinae,Syrphini,Toxomerus,Toxomerus geminatus
379122075,7c5cec73-26aa-4460-bbf7-035672d8072a,2026-07-07 11:42:01,2026-07-07,2026-07-07 16:42:01 UTC,Central Time (US & Canada),9643869,zack96679,Zack Stout,2026-07-07 17:05:26 UTC,2026-07-09 00:41:34 UTC,research,CC-BY-NC,https://www.inaturalist.org/observations/379122075,https://inaturalist-open-data.s3.amazonaws.com/photos/693458249/medium.jpg,,"",,1,0,false,843,"Broadway St NE, Minneapolis, MN, US",44.9987010672,-93.2459156702,31297,,,,31297,,open,false,,,Two-spotted Bumble Bee,Bombus bimaculatus,Two-spotted Bumble Bee,Insecta,52779,Animalia,Arthropoda,Insecta,Hymenoptera,Apidae,Apinae,Bombini,Bombus,Bombus bimaculatus
379122105,0a81e99c-95a7-4579-b5cf-757a8847cdf5,2026-07-07 11:42:57,2026-07-07,2026-07-07 16:42:57 UTC,Central Time (US & Canada),9643869,zack96679,Zack Stout,2026-07-07 17:05:34 UTC,2026-07-07 17:31:49 UTC,research,CC-BY-NC,https://www.inaturalist.org/observations/379122105,https://inaturalist-open-data.s3.amazonaws.com/photos/693458327/medium.jpg,,"",,1,0,false,843,"University Ave NE, Minneapolis, MN, US",45.0084030194,-93.2631070118,45882,,,,45882,,,false,,,Western Honey Bee,Apis mellifera,Western Honey Bee,Insecta,47219,Animalia,Arthropoda,Insecta,Hymenoptera,Apidae,Apinae,Apini,Apis,Apis mellifera
379122135,408661b6-e424-4135-a927-5abd7ab44f24,2026-07-07 11:45:39,2026-07-07,2026-07-07 16:45:39 UTC,Central Time (US & Canada),9643869,zack96679,Zack Stout,2026-07-07 17:05:41 UTC,2026-07-11 19:46:49 UTC,research,CC-BY-NC,https://www.inaturalist.org/observations/379122135,https://inaturalist-open-data.s3.amazonaws.com/photos/693458437/medium.jpg,,"",,1,0,false,843,"Central Ave NE, Minneapolis, MN, US",45.0017065924,-93.2468785604,26416,,,,26416,,,false,,,Ligated Furrow Bee,Halictus ligatus,Ligated Furrow Bee,Insecta,154298,Animalia,Arthropoda,Insecta,Hymenoptera,Halictidae,Halictinae,Halictini,Halictus,Halictus ligatus
379122161,4fc5dc77-144e-435f-981e-ebc7fbb0ef72,2026-07-07 11:49:39,2026-07-07,2026-07-07 16:49:39 UTC,Central Time (US & Canada),9643869,zack96679,Zack Stout,2026-07-07 17:05:48 UTC,2026-07-07 17:05:49 UTC,needs_id,CC-BY-NC,https://www.inaturalist.org/observations/379122161,https://inaturalist-open-data.s3.amazonaws.com/photos/693458515/medium.jpg,,"",,0,0,false,843,"Buchanan St NE, Minneapolis, MN, US",45.0013550505,-93.2401331636,27823,,,,27823,,,false,,,,Lasioglossum pectorale,Rugose-chested Sweat Bee,Insecta,199089,Animalia,Arthropoda,Insecta,Hymenoptera,Halictidae,Halictinae,Halictini,Lasioglossum,Lasioglossum pectorale
379122188,15d9d604-1867-424d-975e-3399dad7412a,2026-07-07 11:50:37,2026-07-07,2026-07-07 16:50:37 UTC,Central Time (US & Canada),9643869,zack96679,Zack Stout,2026-07-07 17:05:54 UTC,2026-07-09 00:41:29 UTC,research,CC-BY-NC,https://www.inaturalist.org/observations/379122188,https://inaturalist-open-data.s3.amazonaws.com/photos/693458581/medium.jpg,,"",,2,0,false,843,"Pierce St NE, Minneapolis, MN, US",44.99803678,-93.2413757909,21127,,,,21127,,open,false,,,Black-and-gold Bumble Bee,Bombus auricomus,Black-and-gold Bumble Bee,Insecta,198856,Animalia,Arthropoda,Insecta,Hymenoptera,Apidae,Apinae,Bombini,Bombus,Bombus auricomus
379123391,c518e007-d595-46e0-a6e5-47e39d9e8c53,2026-07-07 11:09:33,2026-07-07,2026-07-07 16:09:33 UTC,Central Time (US & Canada),9643869,zack96679,Zack Stout,2026-07-07 17:09:53 UTC,2026-07-07 17:09:54 UTC,needs_id,CC-BY-NC,https://www.inaturalist.org/observations/379123391,https://inaturalist-open-data.s3.amazonaws.com/photos/693460907/medium.jpg,,"",,0,0,false,843,"Broadway St NE, Minneapolis, MN, US",44.9987701405,-93.24780213,41254,,,,41254,,,false,,,,Plagiognathus obscurus,Obscure Plant Bug,Insecta,454057,Animalia,Arthropoda,Insecta,Hemiptera,Miridae,Phylinae,Phylini,Plagiognathus,Plagiognathus obscurus
379123423,0b24996c-3bf0-4c35-8e7e-f28239ea8333,2026-07-07 11:02:41,2026-07-07,2026-07-07 16:02:41 UTC,Central Time (US & Canada),9643869,zack96679,Zack Stout,2026-07-07 17:10:00 UTC,2026-07-07 17:10:01 UTC,needs_id,CC-BY-NC,https://www.inaturalist.org/observations/379123423,https://inaturalist-open-data.s3.amazonaws.com/photos/693460971/medium.jpg,,"",,0,0,false,843,"Central Ave NE, Minneapolis, MN, US",45.0003360202,-93.2480878382,23912,,,,23912,,,false,,,,Phalangium opilio,European Harvestman,Arachnida,84644,Animalia,Arthropoda,Arachnida,Opiliones,Phalangiidae,Phalangiinae,,Phalangium,Phalangium opilio
379123984,f48150f5-5969-4936-8516-47ec126bf560,2026-07-07 12:11:13,2026-07-07,2026-07-07 17:11:13 UTC,Central Time (US & Canada),9643869,zack96679,Zack Stout,2026-07-07 17:12:03 UTC,2026-07-08 03:40:15 UTC,needs_id,CC-BY-NC,https://www.inaturalist.org/observations/379123984,https://inaturalist-open-data.s3.amazonaws.com/photos/693462318/medium.jpg,,"",,2,0,false,843,"NE 18th Ave, Minneapolis, MN, US",45.0059697586,-93.2442213004,33506,,,,33506,,,false,,,Phidippus,Phidippus,,Arachnida,53810,Animalia,Arthropoda,Arachnida,Araneae,Salticidae,Salticinae,Dendryphantini,Phidippus,
379124057,2134d39d-20cb-4e51-ae73-05ce0543bb16,2026-07-06 21:03:45,2026-07-06,2026-07-07 02:03:45 UTC,Central Time (US & Canada),9643869,zack96679,Zack Stout,2026-07-07 17:12:20 UTC,2026-07-07 17:44:51 UTC,research,CC-BY-NC,https://www.inaturalist.org/observations/379124057,https://inaturalist-open-data.s3.amazonaws.com/photos/693462484/medium.jpg,,"",,1,0,false,843,"Buchanan St NE, Minneapolis, MN, US",44.9971822313,-93.239994988,5,,,,5,,,false,,,common soapwort,Saponaria officinalis,common soapwort,Plantae,56154,Plantae,Tracheophyta,Magnoliopsida,Caryophyllales,Caryophyllaceae,Caryophylloideae,Caryophylleae,Saponaria,Saponaria officinalis
379124094,eb593fc8-5a26-4ba4-9fd5-5691391d4b75,2026-07-07 11:52:45,2026-07-07,2026-07-07 16:52:45 UTC,Central Time (US & Canada),9643869,zack96679,Zack Stout,2026-07-07 17:12:28 UTC,2026-07-11 19:46:34 UTC,research,CC-BY-NC,https://www.inaturalist.org/observations/379124094,https://inaturalist-open-data.s3.amazonaws.com/photos/693462557/medium.jpg,,"",,1,0,false,843,"NE Fillmore St, Minneapolis, MN, US",44.9997848192,-93.2431108012,18991,,,,18991,,,false,,,Ligated Furrow Bee,Halictus ligatus,Ligated Furrow Bee,Insecta,154298,Animalia,Arthropoda,Insecta,Hymenoptera,Halictidae,Halictinae,Halictini,Halictus,Halictus ligatus
379124132,20add170-9f01-49bf-8618-36bc8063f6ef,2026-07-07 11:54:27,2026-07-07,2026-07-07 16:54:27 UTC,Central Time (US & Canada),9643869,zack96679,Zack Stout,2026-07-07 17:12:36 UTC,2026-07-07 17:12:37 UTC,needs_id,CC-BY-NC,https://www.inaturalist.org/observations/379124132,https://inaturalist-open-data.s3.amazonaws.com/photos/693462624/medium.jpg,,"",,0,0,false,843,"Pierce St NE, Minneapolis, MN, US",44.9979933299,-93.2412925742,18245,,,,18245,,,false,,,,Melissodes druriellus,Drury's Long-horned Bee,Insecta,602568,Animalia,Arthropoda,Insecta,Hymenoptera,Apidae,Apinae,Eucerini,Melissodes,Melissodes druriellus
379124185,fd05f4c4-e7ec-4403-960f-981653966ada,2026-07-07 11:03:18,2026-07-07,2026-07-07 16:03:18 UTC,Central Time (US & Canada),9643869,zack96679,Zack Stout,2026-07-07 17:12:44 UTC,2026-07-07 17:12:45 UTC,needs_id,CC-BY-NC,https://www.inaturalist.org/observations/379124185,https://inaturalist-open-data.s3.amazonaws.com/photos/693462714/medium.jpg,,"",,0,0,false,843,"NE Fillmore St, Minneapolis, MN, US",44.9996069548,-93.2417746151,22870,,,,22870,,,false,,,,Calyptratae,Calyptrate Flies,Insecta,342767,Animalia,Arthropoda,Insecta,Diptera,,,,,
379159686,adb01dd6-9da7-47f5-880b-3bb91043391f,2026-07-07 14:02:56,2026-07-07,2026-07-07 19:02:56 UTC,Central Time (US & Canada),9643869,zack96679,Zack Stout,2026-07-07 19:13:54 UTC,2026-07-07 19:13:55 UTC,needs_id,CC-BY-NC,https://www.inaturalist.org/observations/379159686,https://inaturalist-open-data.s3.amazonaws.com/photos/693529287/medium.jpg,,"",,0,0,false,843,"Central Ave NE, Minneapolis, MN, US",45.0026329034,-93.2465751013,29762,,,,29762,,,false,,,,Cerceris nigrescens,,Insecta,203306,Animalia,Arthropoda,Insecta,Hymenoptera,Crabronidae,Philanthinae,Cercerini,Cerceris,Cerceris nigrescens
379159724,5dd34b39-669a-4b6e-bef4-e572dcf639af,2026-07-07 14:01:10,2026-07-07,2026-07-07 19:01:10 UTC,Central Time (US & Canada),9643869,zack96679,Zack Stout,2026-07-07 19:14:00 UTC,2026-07-07 20:34:36 UTC,research,CC-BY-NC,https://www.inaturalist.org/observations/379159724,https://inaturalist-open-data.s3.amazonaws.com/photos/693529336/medium.jpg,,"",,1,0,false,843,"Pierce St NE, Minneapolis, MN, US",44.997055951,-93.2412049692,9942,,,,9942,,,false,,,Fraternal Potter Wasp,Eumenes fraternus,Fraternal Potter Wasp,Insecta,133765,Animalia,Arthropoda,Insecta,Hymenoptera,Vespidae,Eumeninae,,Eumenes,Eumenes fraternus
379185305,d2dab368-3a94-484d-a2b7-50689ef289f6,2026-07-07 15:46:06,2026-07-07,2026-07-07 20:46:06 UTC,Central Time (US & Canada),9643869,zack96679,Zack Stout,2026-07-07 20:46:37 UTC,2026-07-07 20:46:38 UTC,needs_id,CC-BY-NC,https://www.inaturalist.org/observations/379185305,https://inaturalist-open-data.s3.amazonaws.com/photos/693579670/medium.jpg,,"",,0,0,false,843,"Buchanan St NE, Minneapolis, MN, US",44.9971577191,-93.2398234966,3,,,,3,,open,false,,,,Physocarpus opulifolius,common ninebark,Plantae,129048,Plantae,Tracheophyta,Magnoliopsida,Rosales,Rosaceae,Amygdaloideae,Neillieae,Physocarpus,Physocarpus opulifolius
379195376,6e74d8e9-dfb4-4b19-8e1b-dcf1354cb11e,2026-07-07 15:34:16,2026-07-07,2026-07-07 20:34:16 UTC,Central Time (US & Canada),9643869,zack96679,Zack Stout,2026-07-07 21:21:48 UTC,2026-07-08 16:51:26 UTC,needs_id,CC-BY-NC,https://www.inaturalist.org/observations/379195376,https://inaturalist-open-data.s3.amazonaws.com/photos/693598076/medium.jpg,,"",,1,0,false,843,"NE Fillmore St, Minneapolis, MN, US",45.0028378784,-93.2415375982,36760,,,,36760,,,false,,,Arthropods,Arthropoda,Arthropods,Animalia,47120,Animalia,Arthropoda,,,,,,,
379195394,2c42f42f-dca6-4746-8656-a949450262a7,2026-07-07 15:31:26,2026-07-07,2026-07-07 20:31:26 UTC,Central Time (US & Canada),9643869,zack96679,Zack Stout,2026-07-07 21:21:54 UTC,2026-08-03 19:51:11 UTC,research,CC-BY-NC,https://www.inaturalist.org/observations/379195394,https://inaturalist-open-data.s3.amazonaws.com/photos/693598117/medium.jpg,,"",,3,0,false,843,"Buchanan St NE, Minneapolis, MN, US",44.9996690813,-93.2401778338,9096,,,,9096,,,false,,,Japanese Beetle,Popillia japonica,Japanese Beetle,Insecta,67760,Animalia,Arthropoda,Insecta,Coleoptera,Scarabaeidae,Rutelinae,Anomalini,Popillia,Popillia japonica
379241970,8beb7b77-287e-4e5c-bfa3-64e8ef6c54e5,2026-07-07 19:49:04,2026-07-07,2026-07-08 00:49:04 UTC,Central Time (US & Canada),9643869,zack96679,Zack Stout,2026-07-08 00:50:34 UTC,2026-07-08 00:51:08 UTC,needs_id,CC-BY-NC,https://www.inaturalist.org/observations/379241970,https://inaturalist-open-data.s3.amazonaws.com/photos/693690685/medium.jpg,,"",,0,0,false,843,"Summer St NE, Minneapolis, MN, US",44.9979576024,-93.2445595709,40343,,,,40343,,,false,,,,Bombylius major,Greater Bee Fly,Insecta,51557,Animalia,Arthropoda,Insecta,Diptera,Bombyliidae,Bombyliinae,Bombyliini,Bombylius,Bombylius major
379242072,24224c99-9c9b-4c1d-9df8-766740c4bb86,2026-07-07 13:44:34,2026-07-07,2026-07-07 18:44:34 UTC,Central Time (US & Canada),9643869,zack96679,Zack Stout,2026-07-08 00:51:00 UTC,2026-07-11 19:45:38 UTC,research,CC-BY-NC,https://www.inaturalist.org/observations/379242072,https://inaturalist-open-data.s3.amazonaws.com/photos/693690643/medium.jpg,,"",,1,0,false,843,"46th Ave NE, Hilltop, MN, US",45.0519361774,-93.2523762292,17098,,,,17098,,,false,,,Ligated Furrow Bee,Halictus ligatus,Ligated Furrow Bee,Insecta,154298,Animalia,Arthropoda,Insecta,Hymenoptera,Halictidae,Halictinae,Halictini,Halictus,Halictus ligatus
379457111,a9fc948c-7207-4b58-870e-053afb77b98c,2026-07-08 13:39:59,2026-07-08,2026-07-08 18:39:59 UTC,Central Time (US & Canada),9643869,zack96679,Zack Stout,2026-07-08 18:50:47 UTC,2026-07-08 18:50:48 UTC,needs_id,CC-BY-NC,https://www.inaturalist.org/observations/379457111,https://inaturalist-open-data.s3.amazonaws.com/photos/694104727/medium.jpg,,"",,0,0,false,843,"Broadway St NE, Minneapolis, MN, US",44.9958267145,-93.2330755301,34699,,,,34699,,,false,,,,Bombylius mexicanus,,Insecta,294506,Animalia,Arthropoda,Insecta,Diptera,Bombyliidae,Bombyliinae,Bombyliini,Bombylius,Bombylius mexicanus
379457141,0d3a6702-7608-4b1c-82ef-128c9ad6e4f7,2026-07-08 13:38:59,2026-07-08,2026-07-08 18:38:59 UTC,Central Time (US & Canada),9643869,zack96679,Zack Stout,2026-07-08 18:50:52 UTC,2026-07-09 12:11:37 UTC,needs_id,CC-BY-NC,https://www.inaturalist.org/observations/379457141,https://inaturalist-open-data.s3.amazonaws.com/photos/694104766/medium.jpg,,"",,1,0,false,843,"Third Ave NE, Minneapolis, MN, US",44.993468704,-93.2506708374,75124,,,,75124,,,false,,,Spotted Orbweaver,Neoscona crucifera,Spotted Orbweaver,Arachnida,85034,Animalia,Arthropoda,Arachnida,Araneae,Araneidae,Araneinae,,Neoscona,Neoscona crucifera
379457164,e7b7d537-d107-479c-9e5e-dbd78387147e,2026-07-08 13:37:12,2026-07-08,2026-07-08 18:37:12 UTC,Central Time (US & Canada),9643869,zack96679,Zack Stout,2026-07-08 18:50:56 UTC,2026-07-08 18:50:57 UTC,needs_id,CC-BY-NC,https://www.inaturalist.org/observations/379457164,https://inaturalist-open-data.s3.amazonaws.com/photos/694104793/medium.jpg,,"",,0,0,false,843,"Oliver Ave N, Minneapolis, MN, US",45.0236656697,-93.306879527,183296,,,,183296,,,false,,,,Hadrophallus bubalus,,Insecta,893243,Animalia,Arthropoda,Insecta,Hemiptera,Membracidae,Smiliinae,Ceresini,Hadrophallus,Hadrophallus bubalus
379457186,04b13c9a-6f62-424a-988e-9c53b905fd2f,2026-07-08 13:36:06,2026-07-08,2026-07-08 18:36:06 UTC,Central Time (US & Canada),9643869,zack96679,Zack Stout,2026-07-08 18:51:02 UTC,2026-07-08 18:51:03 UTC,needs_id,CC-BY-NC,https://www.inaturalist.org/observations/379457186,https://inaturalist-open-data.s3.amazonaws.com/photos/694104835/medium.jpg,,"",,0,0,false,843,"MN-280 S, Roseville, MN, US",45.0100938742,-93.2033466928,148686,,,,148686,,,false,,,,Chrysomelidae,Leaf Beetles,Insecta,51146,Animalia,Arthropoda,Insecta,Coleoptera,Chrysomelidae,,,,
379457223,b9e3bd5b-8160-4847-887b-34beca03a717,2026-07-08 13:33:08,2026-07-08,2026-07-08 18:33:08 UTC,Central Time (US & Canada),9643869,zack96679,Zack Stout,2026-07-08 18:51:07 UTC,2026-07-09 15:07:01 UTC,needs_id,CC-BY-NC,https://www.inaturalist.org/observations/379457223,https://inaturalist-open-data.s3.amazonaws.com/photos/694104887/medium.jpg,,"",,2,0,false,843,"Monroe St NE, Minneapolis, MN, US",45.0142310156,-93.2520921692,72113,,,,72113,,,false,,,Phidippus,Phidippus,,Arachnida,53810,Animalia,Arthropoda,Arachnida,Araneae,Salticidae,Salticinae,Dendryphantini,Phidippus,
379457260,b181757e-f04b-44d9-a5e9-ffd0688cb870,2026-07-08 13:31:00,2026-07-08,2026-07-08 18:31:00 UTC,Central Time (US & Canada),9643869,zack96679,Zack Stout,2026-07-08 18:51:13 UTC,2026-07-08 18:51:14 UTC,needs_id,CC-BY-NC,https://www.inaturalist.org/observations/379457260,https://inaturalist-open-data.s3.amazonaws.com/photos/694104935/medium.jpg,,"",,0,0,false,843,"14th Ave SE, Minneapolis, MN, US",44.9916766516,-93.2314418088,67169,,,,67169,,,false,,,,Bertamyia notata,,Insecta,494358,Animalia,Arthropoda,Insecta,Diptera,Platypezidae,Callomyiinae,,Bertamyia,Bertamyia notata
379457287,851a1a6b-52b3-464f-9eff-1bd521eccd93,2026-07-08 13:29:41,2026-07-08,2026-07-08 18:29:41 UTC,Central Time (US & Canada),9643869,zack96679,Zack Stout,2026-07-08 18:51:18 UTC,2026-07-08 18:51:19 UTC,needs_id,CC-BY-NC,https://www.inaturalist.org/observations/379457287,https://inaturalist-open-data.s3.amazonaws.com/photos/694105011/medium.jpg,,"",,0,0,false,843,"Taylor St NE, Minneapolis, MN, US",44.9968027707,-93.2438160764,24987,,,,24987,,,false,,,,Megachile petulans,Petulant Leafcutter Bee,Insecta,309078,Animalia,Arthropoda,Insecta,Hymenoptera,Megachilidae,Megachilinae,Megachilini,Megachile,Megachile petulans
379457314,bf3b1da1-1d07-4362-a5b9-1802c4d73857,2026-07-08 13:28:30,2026-07-08,2026-07-08 18:28:30 UTC,Central Time (US & Canada),9643869,zack96679,Zack Stout,2026-07-08 18:51:23 UTC,2026-07-09 00:35:53 UTC,research,CC-BY-NC,https://www.inaturalist.org/observations/379457314,https://inaturalist-open-data.s3.amazonaws.com/photos/694105078/medium.jpg,,"",,1,0,false,843,"Jackson St NE, Minneapolis, MN, US",45.0033389229,-93.2501015109,71079,,,,71079,,open,false,,,Two-spotted Bumble Bee,Bombus bimaculatus,Two-spotted Bumble Bee,Insecta,52779,Animalia,Arthropoda,Insecta,Hymenoptera,Apidae,Apinae,Bombini,Bombus,Bombus bimaculatus
379457435,75b53786-04df-4bb5-9242-f3d1c62b2f22,2026-07-08 13:25:36,2026-07-08,2026-07-08 18:25:36 UTC,Central Time (US & Canada),9643869,zack96679,Zack Stout,2026-07-08 18:51:52 UTC,2026-07-08 23:37:14 UTC,research,CC-BY-NC,https://www.inaturalist.org/observations/379457435,https://inaturalist-open-data.s3.amazonaws.com/photos/694105317/medium.jpg,,"",,1,0,false,843,"NE Marshall St, Minneapolis, MN, US",44.9922598045,-93.2630187131,49146,,,,49146,,,false,,,Eastern Calligrapher,Toxomerus geminatus,Eastern Calligrapher,Insecta,126532,Animalia,Arthropoda,Insecta,Diptera,Syrphidae,Syrphinae,Syrphini,Toxomerus,Toxomerus geminatus
379457627,49100578-89cc-4bd0-8cae-0372d73affe7,2026-07-08 13:24:03,2026-07-08,2026-07-08 18:24:03 UTC,Central Time (US & Canada),9643869,zack96679,Zack Stout,2026-07-08 18:52:28 UTC,2026-07-09 00:45:59 UTC,research,CC-BY-NC,https://www.inaturalist.org/observations/379457627,https://inaturalist-open-data.s3.amazonaws.com/photos/694105644/medium.jpg,,"",,3,0,false,843,"14th Ave NE, Minneapolis, MN, US",45.0024549742,-93.2483245821,28894,,,,28894,,,false,,,Rathke's Woodlouse,Trachelipus rathkii,Rathke's Woodlouse,Animalia,203479,Animalia,Arthropoda,Malacostraca,Isopoda,Trachelipodidae,,,Trachelipus,Trachelipus rathkii
379457652,899c1224-dfe7-4c91-b031-f02f2174cfeb,2026-07-08 12:53:09,2026-07-08,2026-07-08 17:53:09 UTC,Central Time (US & Canada),9643869,zack96679,Zack Stout,2026-07-08 18:52:35 UTC,2026-07-08 18:52:36 UTC,needs_id,CC-BY-NC,https://www.inaturalist.org/observations/379457652,https://inaturalist-open-data.s3.amazonaws.com/photos/694105700/medium.jpg,,"",,0,0,false,843,"Fifth Ave SE, Minneapolis, MN, US",44.989914285,-93.2443827337,38013,,,,38013,,,false,,,,Lygus lineolaris,North American Tarnished Plant Bug,Insecta,84507,Animalia,Arthropoda,Insecta,Hemiptera,Miridae,Mirinae,Mirini,Lygus,Lygus lineolaris
379457681,03b71156-4b00-4386-8761-b7783ab0b334,2026-07-08 12:54:43,2026-07-08,2026-07-08 17:54:43 UTC,Central Time (US & Canada),9643869,zack96679,Zack Stout,2026-07-08 18:52:42 UTC,2026-07-08 18:52:43 UTC,needs_id,CC-BY-NC,https://www.inaturalist.org/observations/379457681,https://inaturalist-open-data.s3.amazonaws.com/photos/694105763/medium.jpg,,"",,0,0,false,843,"NE Fillmore St, Minneapolis, MN, US",44.9960827679,-93.2425124907,32851,,,,32851,,,false,,,,Melissodes,,Insecta,52781,Animalia,Arthropoda,Insecta,Hymenoptera,Apidae,Apinae,Eucerini,Melissodes,
379457974,48077b73-7e2a-4a34-ac87-1ec8df36361c,2026-07-08 13:26:54,2026-07-08,2026-07-08 18:26:54 UTC,Central Time (US & Canada),9643869,zack96679,Zack Stout,2026-07-08 18:53:44 UTC,2026-07-13 13:50:07 UTC,research,CC-BY-NC,https://www.inaturalist.org/observations/379457974,https://inaturalist-open-data.s3.amazonaws.com/photos/694106968/medium.jpg,,"",,1,0,false,843,"19th Ave NE, Minneapolis, MN, US",45.008101396,-93.2309752825,52381,,,,52381,,,false,,,Schreckensteinia erythriella,Schreckensteinia erythriella,,Insecta,416964,Animalia,Arthropoda,Insecta,Lepidoptera,Schreckensteiniidae,,,Schreckensteinia,Schreckensteinia erythriella
379458243,6e1b9d99-5eb3-46c6-8fb7-a49a9ea1c86a,2026-07-08 13:22:24,2026-07-08,2026-07-08 18:22:24 UTC,Central Time (US & Canada),9643869,zack96679,Zack Stout,2026-07-08 18:54:38 UTC,2026-07-09 12:12:48 UTC,research,CC-BY-NC,https://www.inaturalist.org/observations/379458243,https://inaturalist-open-data.s3.amazonaws.com/photos/694106844/medium.jpg,,"",,1,0,false,843,"NE Garfield St, Minneapolis, MN, US",45.0166538568,-93.2327949415,75758,,,,75758,,,false,,,Eastern Long-legged Cobweaver,Theridion frondeum,Eastern Long-legged Cobweaver,Arachnida,153749,Animalia,Arthropoda,Arachnida,Araneae,Theridiidae,Theridiinae,,Theridion,Theridion frondeum
379511992,70f925b1-32ca-4539-a5e5-5da45f46b88b,2026-07-08 16:20:48,2026-07-08,2026-07-08 21:20:48 UTC,Central Time (US & Canada),9643869,zack96679,Zack Stout,2026-07-08 22:04:36 UTC,2026-07-08 22:04:37 UTC,needs_id,CC-BY-NC,https://www.inaturalist.org/observations/379511992,https://inaturalist-open-data.s3.amazonaws.com/photos/694210290/medium.jpg,,"",,0,0,false,843,"Central Ave NE, Minneapolis, MN, US",45.0070588535,-93.2478686805,68183,,,,68183,,,false,,,,Chrysoperla plorabunda,Weeping Green Lacewing,Insecta,128932,Animalia,Arthropoda,Insecta,Neuroptera,Chrysopidae,Chrysopinae,Chrysopini,Chrysoperla,Chrysoperla plorabunda
379512026,84f94fc7-5715-465e-a3a3-07981516978f,2026-07-08 16:36:33,2026-07-08,2026-07-08 21:36:33 UTC,Central Time (US & Canada),9643869,zack96679,Zack Stout,2026-07-08 22:04:43 UTC,2026-07-09 12:18:09 UTC,research,CC-BY-NC,https://www.inaturalist.org/observations/379512026,https://inaturalist-open-data.s3.amazonaws.com/photos/694210356/medium.jpg,,"",,1,0,false,843,"Sixth St NE, Minneapolis, MN, US",44.9991925851,-93.2594335347,85839,,,,85839,,,false,,,Striped Lynx Spider,Oxyopes salticus,Striped Lynx Spider,Arachnida,83844,Animalia,Arthropoda,Arachnida,Araneae,Oxyopidae,,,Oxyopes,Oxyopes salticus
379512054,ee8584a0-2d91-4051-b5a9-815789b8eb12,2026-07-08 16:38:47,2026-07-08,2026-07-08 21:38:47 UTC,Central Time (US & Canada),9643869,zack96679,Zack Stout,2026-07-08 22:04:48 UTC,2026-07-08 22:04:49 UTC,needs_id,CC-BY-NC,https://www.inaturalist.org/observations/379512054,https://inaturalist-open-data.s3.amazonaws.com/photos/694210400/medium.jpg,,"",,0,0,false,843,"Theodore Wirth Pkwy, Golden Valley, MN, US",44.9848729065,-93.3276509156,251208,,,,251208,,,false,,,,Chrysoperla,Common Green Lacewings,Insecta,59441,Animalia,Arthropoda,Insecta,Neuroptera,Chrysopidae,Chrysopinae,Chrysopini,Chrysoperla,
379512094,f48aeac8-734c-432f-a36e-eef4cb54b372,2026-07-08 16:40:29,2026-07-08,2026-07-08 21:40:29 UTC,Central Time (US & Canada),9643869,zack96679,Zack Stout,2026-07-08 22:04:55 UTC,2026-07-08 22:04:55 UTC,needs_id,CC-BY-NC,https://www.inaturalist.org/observations/379512094,https://inaturalist-open-data.s3.amazonaws.com/photos/694210454/medium.jpg,,"",,0,0,false,843,"Chilcombe Ave, Saint Paul, MN, US",44.9819080814,-93.1990584118,179732,,,,179732,,,false,,,,Frankliniella,,Insecta,243761,Animalia,Arthropoda,Insecta,Thysanoptera,Thripidae,Thripinae,,Frankliniella,
379512135,bf2ee6d3-502c-4258-93a9-4d3f109f73aa,2026-07-08 16:44:11,2026-07-08,2026-07-08 21:44:11 UTC,Central Time (US & Canada),9643869,zack96679,Zack Stout,2026-07-08 22:05:02 UTC,2026-07-08 22:05:03 UTC,needs_id,CC-BY-NC,https://www.inaturalist.org/observations/379512135,https://inaturalist-open-data.s3.amazonaws.com/photos/694210505/medium.jpg,,"",,0,0,false,843,"Highcrest Rd N, Roseville, MN, US",45.0169424989,-93.2033873783,181294,,,,181294,,,false,,,,Hemiptera,"True Bugs, Hoppers, Aphids, and allies",Insecta,47744,Animalia,Arthropoda,Insecta,Hemiptera,,,,,
379512171,7dee4b58-833e-4076-b3b7-fd8f49b38746,2026-07-08 16:42:27,2026-07-08,2026-07-08 21:42:27 UTC,Central Time (US & Canada),9643869,zack96679,Zack Stout,2026-07-08 22:05:07 UTC,2026-07-08 22:05:08 UTC,needs_id,CC-BY-NC,https://www.inaturalist.org/observations/379512171,https://inaturalist-open-data.s3.amazonaws.com/photos/694210550/medium.jpg,,"",,0,0,false,843,"Tyler St NE, Columbia Heights, MN, US",45.0396841603,-93.2393060906,153604,,,,153604,,,false,,,,Calaphidina,,Insecta,517606,Animalia,Arthropoda,Insecta,Hemiptera,Aphididae,Calaphidinae,Calaphidini,,
379540244,fd927dc6-e818-462a-99af-4cd527729824,2026-07-08 16:33:34,2026-07-08,2026-07-08 21:33:34 UTC,Central Time (US & Canada),9643869,zack96679,Zack Stout,2026-07-09 00:00:30 UTC,2026-07-09 00:00:31 UTC,needs_id,CC-BY-NC,https://www.inaturalist.org/observations/379540244,https://inaturalist-open-data.s3.amazonaws.com/photos/694265079/medium.jpg,,"",,0,0,false,843,"NE Ulysses St, Minneapolis, MN, US",45.0069196226,-93.236250344,59447,,,,59447,,,false,,,,Micrutalis calva,Honeylocust Treehopper,Insecta,491407,Animalia,Arthropoda,Insecta,Hemiptera,Membracidae,Smiliinae,Micrutalini,Micrutalis,Micrutalis calva
379540676,dc24c8a9-6a37-46cb-a4bd-89e3be38b336,2026-07-08 18:59:42,2026-07-08,2026-07-08 23:59:42 UTC,Central Time (US & Canada),9643869,zack96679,Zack Stout,2026-07-09 00:02:10 UTC,2026-07-09 00:02:11 UTC,needs_id,CC-BY-NC,https://www.inaturalist.org/observations/379540676,https://inaturalist-open-data.s3.amazonaws.com/photos/694265869/medium.jpg,,"",,0,0,false,843,"St Anthony Pkwy, Minneapolis, MN, US",45.0253591842,-93.257842184,144068,,,,144068,,,false,,,,Hemicrepidius memnonius,Prosternine Click Beetle,Insecta,1611931,Animalia,Arthropoda,Insecta,Coleoptera,Elateridae,Dendrometrinae,Dendrometrini,Hemicrepidius,Hemicrepidius memnonius
379540698,0346fdcc-692b-4881-b85c-d45354eebf1d,2026-07-08 18:56:51,2026-07-08,2026-07-08 23:56:51 UTC,Central Time (US & Canada),9643869,zack96679,Zack Stout,2026-07-09 00:02:16 UTC,2026-07-09 04:01:34 UTC,research,CC-BY-NC,https://www.inaturalist.org/observations/379540698,https://inaturalist-open-data.s3.amazonaws.com/photos/694265912/medium.jpg,,"",,1,0,false,843,"NE Polk St, Minneapolis, MN, US",45.0134103283,-93.2456001391,143473,,,,143473,,,false,,,Two-spotted Longhorn Bee,Melissodes bimaculatus,Two-spotted Longhorn Bee,Insecta,567666,Animalia,Arthropoda,Insecta,Hymenoptera,Apidae,Apinae,Eucerini,Melissodes,Melissodes bimaculatus
379540723,c93b02fb-dbc2-4e69-ab52-1ff015bffdcf,2026-07-08 18:06:53,2026-07-08,2026-07-08 23:06:53 UTC,Central Time (US & Canada),9643869,zack96679,Zack Stout,2026-07-09 00:02:22 UTC,2026-07-26 01:39:59 UTC,research,CC-BY-NC,https://www.inaturalist.org/observations/379540723,https://inaturalist-open-data.s3.amazonaws.com/photos/694265963/medium.jpg,,"",,1,0,false,843,"Van Buren St NE, Minneapolis, MN, US",44.9964927879,-93.2485911253,62202,,,,62202,,,false,,,Masked Hunter,Reduvius personatus,Masked Hunter,Insecta,56521,Animalia,Arthropoda,Insecta,Hemiptera,Reduviidae,Reduviinae,Reduviini,Reduvius,Reduvius personatus
379592075,0d654e95-57a8-462c-8d98-fbb5c32eef0f,2026-07-08 20:48:32,2026-07-08,2026-07-09 01:48:32 UTC,Central Time (US & Canada),9643869,zack96679,Zack Stout,2026-07-09 04:10:46 UTC,2026-07-09 04:10:47 UTC,needs_id,CC-BY-NC,https://www.inaturalist.org/observations/379592075,https://inaturalist-open-data.s3.amazonaws.com/photos/694367695/medium.jpg,,"",,0,0,false,843,"Buchanan St NE, Minneapolis, MN, US",44.9971133267,-93.2401816001,8,,,,8,,,false,,,,Apocynaceae,Dogbane Family,Plantae,47362,Plantae,Tracheophyta,Magnoliopsida,Gentianales,Apocynaceae,,,,
379592084,09e3f7ca-fc94-4e61-a2a9-9889b17390fa,2026-07-08 20:50:35,2026-07-08,2026-07-09 01:50:35 UTC,Central Time (US & Canada),9643869,zack96679,Zack Stout,2026-07-09 04:10:53 UTC,2026-07-09 10:27:36 UTC,research,CC-BY-NC,https://www.inaturalist.org/observations/379592084,https://inaturalist-open-data.s3.amazonaws.com/photos/694367719/medium.jpg,,"",,1,0,false,843,"Buchanan St NE, Minneapolis, MN, US",44.997134081,-93.2401222537,8,,,,8,,,false,,,Catnip,Nepeta cataria,Catnip,Plantae,48622,Plantae,Tracheophyta,Magnoliopsida,Lamiales,Lamiaceae,Nepetoideae,Mentheae,Nepeta,Nepeta cataria
379751660,347ed7f1-6ee1-48bb-92e5-58b8a27a2141,2026-07-09 12:47:53,2026-07-09,2026-07-09 17:47:53 UTC,Central Time (US & Canada),9643869,zack96679,Zack Stout,2026-07-09 17:48:07 UTC,2026-07-09 18:27:44 UTC,needs_id,CC-BY-NC,https://www.inaturalist.org/observations/379751660,https://inaturalist-open-data.s3.amazonaws.com/photos/694697108/medium.jpg,,"",,0,0,false,843,"Buchanan St NE, Minneapolis, MN, US",44.9971431366,-93.2401025254,7,,,,7,,,false,,,,Aniulini,Eastern Crystal Millipedes,Animalia,997630,Animalia,Arthropoda,Diplopoda,Julida,Parajulidae,Parajulinae,Aniulini,,
379779274,69687913-5f88-43c5-955d-7a4a18a635ec,2026-07-09 13:23:30,2026-07-09,2026-07-09 18:23:30 UTC,Central Time (US & Canada),9643869,zack96679,Zack Stout,2026-07-09 19:18:40 UTC,2026-07-09 19:18:41 UTC,needs_id,CC-BY-NC,https://www.inaturalist.org/observations/379779274,https://inaturalist-open-data.s3.amazonaws.com/photos/694725620/medium.jpg,,"",,0,0,false,843,"I-35W N, Minneapolis, MN, US",45.0012400637,-93.2291177324,176506,,,,176506,,,false,,,,Acanalonia bivittata,Two-striped Planthopper,Insecta,132225,Animalia,Arthropoda,Insecta,Hemiptera,Acanaloniidae,,,Acanalonia,Acanalonia bivittata
379779303,3a5b28f0-e5ad-4ace-a1e2-7615e715017b,2026-07-09 11:20:18,2026-07-09,2026-07-09 16:20:18 UTC,Central Time (US & Canada),9643869,zack96679,Zack Stout,2026-07-09 19:18:46 UTC,2026-08-23 08:23:35 UTC,research,CC-BY-NC,https://www.inaturalist.org/observations/379779303,https://inaturalist-open-data.s3.amazonaws.com/photos/694725687/medium.jpg,,"",,3,0,false,843,"Fourth St NE, Minneapolis, MN, US",45.0104894078,-93.2616665191,79279,,,,79279,,open,false,,,Monarch,Danaus plexippus,Monarch,Insecta,48662,Animalia,Arthropoda,Insecta,Lepidoptera,Nymphalidae,Danainae,Danaini,Danaus,Danaus plexippus
379779998,96f8107d-c80a-42ac-8442-2fdacd01e379,2026-07-09 11:15:04,2026-07-09,2026-07-09 16:15:04 UTC,Central Time (US & Canada),9643869,zack96679,Zack Stout,2026-07-09 19:21:11 UTC,2026-07-09 19:21:12 UTC,needs_id,CC-BY-NC,https://www.inaturalist.org/observations/379779998,https://inaturalist-open-data.s3.amazonaws.com/photos/694727018/medium.jpg,,"",,0,0,false,843,"Second St NE, Columbia Heights, MN, US",45.0395671136,-93.2666785975,135593,,,,135593,,,false,,,,Lasioglossum zephyrus,Zephyr Sweat Bee,Insecta,905961,Animalia,Arthropoda,Insecta,Hymenoptera,Halictidae,Halictinae,Halictini,Lasioglossum,Lasioglossum zephyrus
379780044,8f28e7aa-2c5d-4c68-ab8f-f361c5f256e4,2026-07-09 10:25:49,2026-07-09,2026-07-09 15:25:49 UTC,Central Time (US & Canada),9643869,zack96679,Zack Stout,2026-07-09 19:21:18 UTC,2026-07-09 19:21:19 UTC,needs_id,CC-BY-NC,https://www.inaturalist.org/observations/379780044,https://inaturalist-open-data.s3.amazonaws.com/photos/694727089/medium.jpg,,"",,0,0,false,843,"Pierce St NE, Minneapolis, MN, US",45.000447781,-93.240843768,20156,,,,20156,,,false,,,,Carduus nutans,musk thistle,Plantae,76007,Plantae,Tracheophyta,Magnoliopsida,Asterales,Asteraceae,Carduoideae,Cardueae,Carduus,Carduus nutans
379780099,d3d1cf8e-4e6e-4fe9-8164-d29841be512b,2026-07-09 11:17:07,2026-07-09,2026-07-09 16:17:07 UTC,Central Time (US & Canada),9643869,zack96679,Zack Stout,2026-07-09 19:21:31 UTC,2026-07-09 19:21:33 UTC,needs_id,CC-BY-NC,https://www.inaturalist.org/observations/379780099,https://inaturalist-open-data.s3.amazonaws.com/photos/694727244/medium.jpg,,"",,0,0,false,843,"Jefferson St NE, Minneapolis, MN, US",44.9970121714,-93.255105003,90540,,,,90540,,,false,,,,Ancistrocerus adiabatus,Bramble Mason Wasp,Insecta,203488,Animalia,Arthropoda,Insecta,Hymenoptera,Vespidae,Eumeninae,,Ancistrocerus,Ancistrocerus adiabatus
379857685,c5614dfa-7e63-4852-8b0d-d06c372c98b3,2026-07-09 18:42:43,2026-07-09,2026-07-09 23:42:43 UTC,Central Time (US & Canada),9643869,zack96679,Zack Stout,2026-07-10 00:40:52 UTC,2026-07-11 05:53:51 UTC,research,CC-BY-NC,https://www.inaturalist.org/observations/379857685,https://inaturalist-open-data.s3.amazonaws.com/photos/694880750/medium.jpg,,"",,2,0,false,843,"Shoreline Ln, Arden Hills, MN, US",45.0358940807,-93.1484699999,12685,,,,12685,,open,false,,,Two-spotted Bumble Bee,Bombus bimaculatus,Two-spotted Bumble Bee,Insecta,52779,Animalia,Arthropoda,Insecta,Hymenoptera,Apidae,Apinae,Bombini,Bombus,Bombus bimaculatus
380023678,d327f849-6bde-4161-a5f9-6085ef5a928c,2026-07-10 10:37:29,2026-07-10,2026-07-10 15:37:29 UTC,Central Time (US & Canada),9643869,zack96679,Zack Stout,2026-07-10 15:37:41 UTC,2026-07-10 15:50:17 UTC,research,CC-BY-NC,https://www.inaturalist.org/observations/380023678,https://inaturalist-open-data.s3.amazonaws.com/photos/695202964/medium.jpg,,"",,1,0,false,843,"Buchanan St NE, Minneapolis, MN, US",44.9968145231,-93.2397617633,2,,,,2,,,false,,,false sunflower,Heliopsis helianthoides,false sunflower,Plantae,130382,Plantae,Tracheophyta,Magnoliopsida,Asterales,Asteraceae,Asteroideae,Heliantheae,Heliopsis,Heliopsis helianthoides
380024174,47505bc8-238a-41f9-9fe3-4c16b8b376c3,2026-07-10 10:39:36,2026-07-10,2026-07-10 15:39:36 UTC,Central Time (US & Canada),9643869,zack96679,Zack Stout,2026-07-10 15:39:54 UTC,2026-07-10 15:39:55 UTC,casual,CC-BY-NC,https://www.inaturalist.org/observations/380024174,https://inaturalist-open-data.s3.amazonaws.com/photos/695204143/medium.jpg,,"",,0,0,true,843,"Buchanan St NE, Minneapolis, MN, US",44.9971816562,-93.2399972108,5,,,,5,,open,false,,,,Delphinium exaltatum,tall larkspur,Plantae,129616,Plantae,Tracheophyta,Magnoliopsida,Ranunculales,Ranunculaceae,Ranunculoideae,Delphinieae,Delphinium,Delphinium exaltatum
380028647,12cb74ee-6b8e-48c4-9114-ec6282b366b5,2026-07-10 10:54:59,2026-07-10,2026-07-10 15:54:59 UTC,Central Time (US & Canada),9643869,zack96679,Zack Stout,2026-07-10 15:55:13 UTC,2026-07-10 15:55:14 UTC,casual,CC-BY-NC,https://www.inaturalist.org/observations/380028647,https://inaturalist-open-data.s3.amazonaws.com/photos/695212183/medium.jpg,,"",,0,0,true,843,"Buchanan St NE, Minneapolis, MN, US",44.9975011032,-93.239568947,4,,,,4,,,false,,,,Allium,onions,Plantae,47357,Plantae,Tracheophyta,Liliopsida,Asparagales,Amaryllidaceae,Allioideae,Allieae,Allium,
380036317,ce6a2792-ab19-45e1-b3a9-071af3f2af1a,2026-07-10 11:14:29,2026-07-10,2026-07-10 16:14:29 UTC,Central Time (US & Canada),9643869,zack96679,Zack Stout,2026-07-10 16:22:57 UTC,2026-07-10 16:22:58 UTC,needs_id,CC-BY-NC,https://www.inaturalist.org/observations/380036317,https://inaturalist-open-data.s3.amazonaws.com/photos/695227101/medium.jpg,,"",,0,0,false,843,"St Anthony Pkwy, Minneapolis, MN, US",45.0224800744,-93.2344596007,142502,,,,142502,,,false,,,,Agapostemon,Striped Sweat Bees,Insecta,50086,Animalia,Arthropoda,Insecta,Hymenoptera,Halictidae,Halictinae,Halictini,Agapostemon,
380036344,d9046201-c21b-4e49-a71b-10192f47e6f1,2026-07-10 11:12:48,2026-07-10,2026-07-10 16:12:48 UTC,Central Time (US & Canada),9643869,zack96679,Zack Stout,2026-07-10 16:23:03 UTC,2026-07-11 15:32:22 UTC,needs_id,CC-BY-NC,https://www.inaturalist.org/observations/380036344,https://inaturalist-open-data.s3.amazonaws.com/photos/695227166/medium.jpg,,"",,1,0,false,843,"Irving Ave N, Minneapolis, MN, US",44.9977511251,-93.2992540253,92998,,,,92998,,,false,,,Tetragnatha,Tetragnatha,,Arachnida,47550,Animalia,Arthropoda,Arachnida,Araneae,Tetragnathidae,Tetragnathinae,,Tetragnatha,
380036364,c5707129-96bb-402f-8ee5-0ac55c7ffc92,2026-07-10 11:05:48,2026-07-10,2026-07-10 16:05:48 UTC,Central Time (US & Canada),9643869,zack96679,Zack Stout,2026-07-10 16:23:08 UTC,2026-07-10 17:36:16 UTC,research,CC-BY-NC,https://www.inaturalist.org/observations/380036364,https://inaturalist-open-data.s3.amazonaws.com/photos/695227223/medium.jpg,,"",,1,0,false,843,"NE Fillmore St, Minneapolis, MN, US",44.9997954572,-93.2419012401,42118,,,,42118,,,false,,,Pink-barred Pseudeustrotia Moth,Pseudeustrotia carneola,Pink-barred Pseudeustrotia Moth,Insecta,143118,Animalia,Arthropoda,Insecta,Lepidoptera,Noctuidae,Noctuinae,Pseudeustrotiini,Pseudeustrotia,Pseudeustrotia carneola
380036388,b6b03378-0727-4e40-ace6-f9d3baaea96c,2026-07-10 10:07:40,2026-07-10,2026-07-10 15:07:40 UTC,Central Time (US & Canada),9643869,zack96679,Zack Stout,2026-07-10 16:23:14 UTC,2026-07-14 00:15:06 UTC,research,CC-BY-NC,https://www.inaturalist.org/observations/380036388,https://inaturalist-open-data.s3.amazonaws.com/photos/695227266/medium.jpg,,"",,1,0,false,843,"Monroe St NE, Minneapolis, MN, US",44.9985463115,-93.2521960223,35536,,,,35536,,open,false,,,American Red Admiral,Vanessa atalanta rubria,American Red Admiral,Insecta,312361,Animalia,Arthropoda,Insecta,Lepidoptera,Nymphalidae,Nymphalinae,Nymphalini,Vanessa,Vanessa atalanta
380036405,0839e0af-d567-4c8f-aeca-dffa4c0c2a0f,2026-07-10 09:15:15,2026-07-10,2026-07-10 14:15:15 UTC,Central Time (US & Canada),9643869,zack96679,Zack Stout,2026-07-10 16:23:21 UTC,2026-07-14 00:14:14 UTC,needs_id,CC-BY-NC,https://www.inaturalist.org/observations/380036405,https://inaturalist-open-data.s3.amazonaws.com/photos/695227321/medium.jpg,,"",,1,0,false,843,"14th Ave NE, Minneapolis, MN, US",45.0018500273,-93.2498359676,37192,,,,37192,,,false,,,Phylinae,Phylinae,,Insecta,146871,Animalia,Arthropoda,Insecta,Hemiptera,Miridae,Phylinae,,,
380036437,4aabfc8e-ef5e-47f1-8b25-3d7bdc862005,2026-07-10 09:12:17,2026-07-10,2026-07-10 14:12:17 UTC,Central Time (US & Canada),9643869,zack96679,Zack Stout,2026-07-10 16:23:27 UTC,2026-07-14 01:35:25 UTC,research,CC-BY-NC,https://www.inaturalist.org/observations/380036437,https://inaturalist-open-data.s3.amazonaws.com/photos/695227367/medium.jpg,,"",,1,0,false,843,"I-35W N, Minneapolis, MN, US",44.9962119547,-93.2378994689,30331,,,,30331,,,false,,,European Paper Wasp,Polistes dominula,European Paper Wasp,Insecta,84640,Animalia,Arthropoda,Insecta,Hymenoptera,Vespidae,Polistinae,Polistini,Polistes,Polistes dominula
380036459,863e2b42-bb85-45ac-b286-8fa922959f0f,2026-07-10 09:11:51,2026-07-10,2026-07-10 14:11:51 UTC,Central Time (US & Canada),9643869,zack96679,Zack Stout,2026-07-10 16:23:33 UTC,2026-07-10 16:23:33 UTC,needs_id,CC-BY-NC,https://www.inaturalist.org/observations/380036459,https://inaturalist-open-data.s3.amazonaws.com/photos/695227422/medium.jpg,,"",,0,0,false,843,"Central Ave NE, Minneapolis, MN, US",45.0041738912,-93.2469293615,22167,,,,22167,,,false,,,,Acanalonia,,Insecta,84808,Animalia,Arthropoda,Insecta,Hemiptera,Acanaloniidae,,,Acanalonia,
380036487,bc5bb675-210d-485f-9098-db745b2a6d06,2026-07-10 09:10:38,2026-07-10,2026-07-10 14:10:38 UTC,Central Time (US & Canada),9643869,zack96679,Zack Stout,2026-07-10 16:23:38 UTC,2026-07-11 05:51:42 UTC,research,CC-BY-NC,https://www.inaturalist.org/observations/380036487,https://inaturalist-open-data.s3.amazonaws.com/photos/695227462/medium.jpg,,"",,1,0,false,843,"Johnson St NE, Minneapolis, MN, US",44.9968220054,-93.2362818302,28189,,,,28189,,open,false,,,Black-and-gold Bumble Bee,Bombus auricomus,Black-and-gold Bumble Bee,Insecta,198856,Animalia,Arthropoda,Insecta,Hymenoptera,Apidae,Apinae,Bombini,Bombus,Bombus auricomus
380036504,281b77d2-669a-4f95-a09a-eab78bcae23f,2026-07-10 09:00:43,2026-07-10,2026-07-10 14:00:43 UTC,Central Time (US & Canada),9643869,zack96679,Zack Stout,2026-07-10 16:23:44 UTC,2026-07-10 16:23:45 UTC,needs_id,CC-BY-NC,https://www.inaturalist.org/observations/380036504,https://inaturalist-open-data.s3.amazonaws.com/photos/695227517/medium.jpg,,"",,0,0,false,843,"NE 13th Ave, Minneapolis, MN, US",44.9991090049,-93.2536493003,56845,,,,56845,,,false,,,,Tephritidae,Fruit Flies,Insecta,47990,Animalia,Arthropoda,Insecta,Diptera,Tephritidae,,,,
380036529,041c3f92-e142-4de8-80f0-6685b7d80663,2026-07-10 08:52:08,2026-07-10,2026-07-10 13:52:08 UTC,Central Time (US & Canada),9643869,zack96679,Zack Stout,2026-07-10 16:23:51 UTC,2026-07-10 16:23:51 UTC,needs_id,CC-BY-NC,https://www.inaturalist.org/observations/380036529,https://inaturalist-open-data.s3.amazonaws.com/photos/695227556/medium.jpg,,"",,0,0,false,843,"Broadway St NE, Minneapolis, MN, US",45.0000563311,-93.2312537915,32664,,,,32664,,,false,,,,Calyptratae,Calyptrate Flies,Insecta,342767,Animalia,Arthropoda,Insecta,Diptera,,,,,
380036554,7d8f1876-e2a2-41ab-9035-5c02e440cd73,2026-07-10 08:48:46,2026-07-10,2026-07-10 13:48:46 UTC,Central Time (US & Canada),9643869,zack96679,Zack Stout,2026-07-10 16:23:56 UTC,2026-07-10 20:36:41 UTC,research,CC-BY-NC,https://www.inaturalist.org/observations/380036554,https://inaturalist-open-data.s3.amazonaws.com/photos/695227607/medium.jpg,,"",,1,0,false,843,"Central Ave NE, Minneapolis, MN, US",45.0187116275,-93.2513919405,47834,,,,47834,,,false,,,Eastern Calligrapher,Toxomerus geminatus,Eastern Calligrapher,Insecta,126532,Animalia,Arthropoda,Insecta,Diptera,Syrphidae,Syrphinae,Syrphini,Toxomerus,Toxomerus geminatus
380036594,19d75db5-d136-4878-9224-520a2334551e,2026-07-10 08:45:46,2026-07-10,2026-07-10 13:45:46 UTC,Central Time (US & Canada),9643869,zack96679,Zack Stout,2026-07-10 16:24:02 UTC,2026-07-11 05:51:33 UTC,research,CC-BY-NC,https://www.inaturalist.org/observations/380036594,https://inaturalist-open-data.s3.amazonaws.com/photos/695227654/medium.jpg,,"",,1,0,false,843,"Central Ave NE, Minneapolis, MN, US",45.0068025137,-93.2458804486,32711,,,,32711,,open,false,,,Two-spotted Bumble Bee,Bombus bimaculatus,Two-spotted Bumble Bee,Insecta,52779,Animalia,Arthropoda,Insecta,Hymenoptera,Apidae,Apinae,Bombini,Bombus,Bombus bimaculatus
380037637,5c57b0d3-e3c3-4e1c-9ad8-523689912ca4,2026-07-10 11:25:43,2026-07-10,2026-07-10 16:25:43 UTC,Central Time (US & Canada),9643869,zack96679,Zack Stout,2026-07-10 16:27:02 UTC,2026-07-15 15:52:24 UTC,research,CC-BY-NC,https://www.inaturalist.org/observations/380037637,https://inaturalist-open-data.s3.amazonaws.com/photos/695229198/medium.jpg,,"",,1,0,false,843,"14th Ave NE, Minneapolis, MN, US",45.0021090253,-93.2480038236,36693,,,,36693,,,false,,,Undulate Sigil Lady Beetle,Hyperaspis undulata,Undulate Sigil Lady Beetle,Insecta,221995,Animalia,Arthropoda,Insecta,Coleoptera,Coccinellidae,Scymninae,Hyperaspidini,Hyperaspis,Hyperaspis undulata
380063218,53003632-da61-4562-b155-2b6dbf0d5919,2026-07-10 12:56:14,2026-07-10,2026-07-10 17:56:14 UTC,Central Time (US & Canada),9643869,zack96679,Zack Stout,2026-07-10 17:57:22 UTC,2026-07-11 02:37:09 UTC,research,CC-BY-NC,https://www.inaturalist.org/observations/380063218,https://inaturalist-open-data.s3.amazonaws.com/photos/695279696/medium.jpg,,"",,2,0,false,843,"NE Main St, Minneapolis, MN, US",45.0036944227,-93.2673867428,50406,,,,50406,,open,false,,,Red-tailed Hawk,Buteo jamaicensis,Red-tailed Hawk,Aves,5212,Animalia,Chordata,Aves,Accipitriformes,Accipitridae,Buteoninae,,Buteo,Buteo jamaicensis
380087128,62d7c857-fc0c-42c4-b87d-0833d3c405ce,2026-07-10 14:16:36,2026-07-10,2026-07-10 19:16:36 UTC,Central Time (US & Canada),9643869,zack96679,Zack Stout,2026-07-10 19:23:22 UTC,2026-07-10 19:23:23 UTC,needs_id,CC-BY-NC,https://www.inaturalist.org/observations/380087128,https://inaturalist-open-data.s3.amazonaws.com/photos/695328197/medium.jpg,,"",,0,0,false,843,"Central Ave NE, Minneapolis, MN, US",45.0068956728,-93.247390056,52506,,,,52506,,,false,,,,Melissodes bimaculatus,Two-spotted Longhorn Bee,Insecta,567666,Animalia,Arthropoda,Insecta,Hymenoptera,Apidae,Apinae,Eucerini,Melissodes,Melissodes bimaculatus
380087168,203274c0-aa11-420a-a1d7-58ea6a9ea074,2026-07-10 14:13:46,2026-07-10,2026-07-10 19:13:46 UTC,Central Time (US & Canada),9643869,zack96679,Zack Stout,2026-07-10 19:23:33 UTC,2026-07-10 19:23:34 UTC,needs_id,CC-BY-NC,https://www.inaturalist.org/observations/380087168,https://inaturalist-open-data.s3.amazonaws.com/photos/695328261/medium.jpg,,"",,0,0,false,843,"Fifth Ave SE, Minneapolis, MN, US",44.9910946306,-93.2438960636,45688,,,,45688,,,false,,,,Entomophthora muscae,,Fungi,1098570,Fungi,Entomophthoromycota,Entomophthoromycetes,Entomophthorales,Entomophthoraceae,,,Entomophthora,Entomophthora muscae
380087197,b1174a72-608e-4a72-8b74-8724c4be8093,2026-07-10 14:01:29,2026-07-10,2026-07-10 19:01:29 UTC,Central Time (US & Canada),9643869,zack96679,Zack Stout,2026-07-10 19:23:40 UTC,2026-07-10 19:23:40 UTC,needs_id,CC-BY-NC,https://www.inaturalist.org/observations/380087197,https://inaturalist-open-data.s3.amazonaws.com/photos/695328397/medium.jpg,,"",,0,0,false,843,"Broadway St NE, Minneapolis, MN, US",44.999291917,-93.2427958842,34522,,,,34522,,,false,,,,Andrena wilkella,Wilke's Mining Bee,Insecta,127785,Animalia,Arthropoda,Insecta,Hymenoptera,Andrenidae,Andreninae,Andrenini,Andrena,Andrena wilkella
380087605,be39cfff-03c3-445b-a04e-ae4b3ccf1ad4,2026-07-07 15:31:26,2026-07-07,2026-07-07 20:31:26 UTC,Central Time (US & Canada),9643869,zack96679,Zack Stout,2026-07-10 19:25:26 UTC,2026-07-15 08:19:53 UTC,research,CC-BY-NC,https://www.inaturalist.org/observations/380087605,https://inaturalist-open-data.s3.amazonaws.com/photos/695329386/medium.jpg,,"",,3,1,false,843,"Summer St NE, Minneapolis, MN, US",44.9969276457,-93.2407076538,21332,,,,21332,,,false,,,Winsome Fly,Istocheta aldrichi,Winsome Fly,Insecta,197122,Animalia,Arthropoda,Insecta,Diptera,Tachinidae,Exoristinae,Blondeliini,Istocheta,Istocheta aldrichi
381483022,e58ace20-523c-404a-83d5-18e28ee7e9e9,2026-07-14 15:34:01,2026-07-14,2026-07-14 20:34:01 UTC,Central Time (US & Canada),9643869,zack96679,Zack Stout,2026-07-14 20:41:53 UTC,2026-07-14 20:41:55 UTC,needs_id,CC-BY-NC,https://www.inaturalist.org/observations/381483022,https://inaturalist-open-data.s3.amazonaws.com/photos/698026775/medium.jpg,,"",,0,0,false,843,"NE Jefferson St, Minneapolis, MN, US",45.0055651656,-93.255565947,44803,,,,44803,,,false,,,,Agapostemon,Striped Sweat Bees,Insecta,50086,Animalia,Arthropoda,Insecta,Hymenoptera,Halictidae,Halictinae,Halictini,Agapostemon,
381483039,84437b2c-dd66-4558-8768-b50f888980ed,2026-07-14 14:17:33,2026-07-14,2026-07-14 19:17:33 UTC,Central Time (US & Canada),9643869,zack96679,Zack Stout,2026-07-14 20:42:01 UTC,2026-07-14 20:42:02 UTC,needs_id,CC-BY-NC,https://www.inaturalist.org/observations/381483039,https://inaturalist-open-data.s3.amazonaws.com/photos/698026851/medium.jpg,,"",,0,0,false,843,"NE Jefferson St, Minneapolis, MN, US",44.9993243926,-93.2555407113,66778,,,,66778,,,false,,,,Agapostemon sericeus,Silky Striped Sweat Bee,Insecta,154682,Animalia,Arthropoda,Insecta,Hymenoptera,Halictidae,Halictinae,Halictini,Agapostemon,Agapostemon sericeus
381483070,c07b0ed8-8880-444c-a522-2b74e186d81f,2026-07-12 19:44:59,2026-07-12,2026-07-13 00:44:59 UTC,Central Time (US & Canada),9643869,zack96679,Zack Stout,2026-07-14 20:42:08 UTC,2026-07-14 20:42:09 UTC,needs_id,CC-BY-NC,https://www.inaturalist.org/observations/381483070,https://inaturalist-open-data.s3.amazonaws.com/photos/698026925/medium.jpg,,"",,0,0,false,843,"Winter St NE, Minneapolis, MN, US",44.993906009,-93.2322553891,65733,,,,65733,,,false,,,,Anthopotamus,,Insecta,123606,Animalia,Arthropoda,Insecta,Ephemeroptera,Potamanthidae,,,Anthopotamus,
381483108,a10250c3-818a-4a5b-bc73-91545ba7cde7,2026-07-11 09:57:28,2026-07-11,2026-07-11 14:57:28 UTC,Central Time (US & Canada),9643869,zack96679,Zack Stout,2026-07-14 20:42:15 UTC,2026-07-14 20:42:16 UTC,needs_id,CC-BY-NC,https://www.inaturalist.org/observations/381483108,https://inaturalist-open-data.s3.amazonaws.com/photos/698027002/medium.jpg,,"",,0,0,false,843,"NE Tyler St, Minneapolis, MN, US",45.0057146523,-93.2461678413,69574,,,,69574,,,false,,,,Lucilia sericata,Common European Greenbottle Fly,Insecta,128824,Animalia,Arthropoda,Insecta,Diptera,Calliphoridae,Luciliinae,Luciliini,Lucilia,Lucilia sericata
381483145,40994375-c592-4e00-8983-f13e1fb0a2d7,2026-07-11 09:55:59,2026-07-11,2026-07-11 14:55:59 UTC,Central Time (US & Canada),9643869,zack96679,Zack Stout,2026-07-14 20:42:21 UTC,2026-07-16 01:16:11 UTC,research,CC-BY-NC,https://www.inaturalist.org/observations/381483145,https://inaturalist-open-data.s3.amazonaws.com/photos/698027055/medium.jpg,,"",,1,0,false,843,"SE Eighth Ave, Minneapolis, MN, US",44.9871104326,-93.2416065875,66062,,,,66062,,,false,,,Four-lined Plant Bug,Poecilocapsus lineatus,Four-lined Plant Bug,Insecta,126211,Animalia,Arthropoda,Insecta,Hemiptera,Miridae,Mirinae,Mirini,Poecilocapsus,Poecilocapsus lineatus
381483170,de385aab-575f-4af8-a2ce-b09a659386cb,2026-07-11 09:55:30,2026-07-11,2026-07-11 14:55:30 UTC,Central Time (US & Canada),9643869,zack96679,Zack Stout,2026-07-14 20:42:28 UTC,2026-07-14 21:07:24 UTC,research,CC-BY-NC,https://www.inaturalist.org/observations/381483170,https://inaturalist-open-data.s3.amazonaws.com/photos/698027123/medium.jpg,,"",,1,0,false,843,"24th Ave NE, Minneapolis, MN, US",45.0118947623,-93.262624273,76700,,,,76700,,,false,,,Polished Lady Beetle,Cycloneda munda,Polished Lady Beetle,Insecta,55489,Animalia,Arthropoda,Insecta,Coleoptera,Coccinellidae,Coccinellinae,Coccinellini,Cycloneda,Cycloneda munda
381701357,0491abc7-a6e5-4320-b195-a7f34f3309e6,2026-07-15 10:32:48,2026-07-15,2026-07-15 15:32:48 UTC,Central Time (US & Canada),9643869,zack96679,Zack Stout,2026-07-15 15:34:36 UTC,2026-07-16 17:14:00 UTC,research,CC-BY-NC,https://www.inaturalist.org/observations/381701357,https://inaturalist-open-data.s3.amazonaws.com/photos/698462913/medium.jpg,,"",,3,0,false,843,"Taylor St NE, Minneapolis, MN, US",44.9946861826,-93.2429717978,25520,,,,25520,,open,false,,,Downy Woodpecker,Dryobates pubescens,Downy Woodpecker,Aves,792988,Animalia,Chordata,Aves,Piciformes,Picidae,Picinae,Melanerpini,Dryobates,Dryobates pubescens
381787108,ec0c7a20-739c-43b9-8cca-a6f767eee2b6,2026-07-15 15:35:41,2026-07-15,2026-07-15 20:35:41 UTC,Central Time (US & Canada),9643869,zack96679,Zack Stout,2026-07-15 20:40:54 UTC,2026-07-15 20:40:55 UTC,needs_id,CC-BY-NC,https://www.inaturalist.org/observations/381787108,https://inaturalist-open-data.s3.amazonaws.com/photos/698619401/medium.jpg,,"",,0,0,false,843,"University Ave NE, Minneapolis, MN, US",44.9959660867,-93.2619484837,44427,,,,44427,,,false,,,,Lasioglossum pectorale,Rugose-chested Sweat Bee,Insecta,199089,Animalia,Arthropoda,Insecta,Hymenoptera,Halictidae,Halictinae,Halictini,Lasioglossum,Lasioglossum pectorale
381787123,5902c336-8530-4772-99e0-2fb8edbaa691,2026-07-15 15:31:34,2026-07-15,2026-07-15 20:31:34 UTC,Central Time (US & Canada),9643869,zack96679,Zack Stout,2026-07-15 20:41:00 UTC,2026-07-16 00:58:13 UTC,research,CC-BY-NC,https://www.inaturalist.org/observations/381787123,https://inaturalist-open-data.s3.amazonaws.com/photos/698619450/medium.jpg,,"",,2,0,false,843,"Taylor St NE, Minneapolis, MN, US",44.9940876615,-93.2430217432,58919,,,,58919,,open,false,,,Common Eastern Bumble Bee,Bombus impatiens,Common Eastern Bumble Bee,Insecta,118970,Animalia,Arthropoda,Insecta,Hymenoptera,Apidae,Apinae,Bombini,Bombus,Bombus impatiens
381787140,fb534fe7-e07b-42fc-b31e-0f07c571a80a,2026-07-15 15:30:45,2026-07-15,2026-07-15 20:30:45 UTC,Central Time (US & Canada),9643869,zack96679,Zack Stout,2026-07-15 20:41:07 UTC,2026-07-16 00:32:58 UTC,research,CC-BY-NC,https://www.inaturalist.org/observations/381787140,https://inaturalist-open-data.s3.amazonaws.com/photos/698619486/medium.jpg,,"",,1,0,false,843,"Tyler St NE, Minneapolis, MN, US",44.9999865542,-93.2447974719,22524,,,,22524,,,false,,,Eurasian Drone Fly,Eristalis arbustorum,Eurasian Drone Fly,Insecta,320786,Animalia,Arthropoda,Insecta,Diptera,Syrphidae,Eristalinae,Eristalini,Eristalis,Eristalis arbustorum
381787154,6ec7f265-f48e-4ecd-adf0-75bfc7d8bc6d,2026-07-15 14:47:24,2026-07-15,2026-07-15 19:47:24 UTC,Central Time (US & Canada),9643869,zack96679,Zack Stout,2026-07-15 20:41:14 UTC,2026-07-16 11:24:27 UTC,needs_id,CC-BY-NC,https://www.inaturalist.org/observations/381787154,https://inaturalist-open-data.s3.amazonaws.com/photos/698619521/medium.jpg,,"",,0,0,false,843,"Minneapolis, MN, US",44.9952829443,-93.2738829435,94551,,,,94551,,,false,,,,Silphium,Rosinweeds,Plantae,54006,Plantae,Tracheophyta,Magnoliopsida,Asterales,Asteraceae,Asteroideae,Heliantheae,Silphium,
381787178,b1d53632-0c43-4a0c-8752-68e95f470150,2026-07-15 14:45:06,2026-07-15,2026-07-15 19:45:06 UTC,Central Time (US & Canada),9643869,zack96679,Zack Stout,2026-07-15 20:41:21 UTC,2026-07-15 20:42:18 UTC,needs_id,CC-BY-NC,https://www.inaturalist.org/observations/381787178,https://inaturalist-open-data.s3.amazonaws.com/photos/698619583/medium.jpg,,"",,0,0,false,843,"Central Ave NE, Minneapolis, MN, US",45.0069827364,-93.2472679324,50410,,,,50410,,,false,,,,Entomophthora muscae,,Fungi,1098570,Fungi,Entomophthoromycota,Entomophthoromycetes,Entomophthorales,Entomophthoraceae,,,Entomophthora,Entomophthora muscae
381787211,401b7762-3e87-42c7-84b3-f57f9a1c097e,2026-07-15 14:44:37,2026-07-15,2026-07-15 19:44:37 UTC,Central Time (US & Canada),9643869,zack96679,Zack Stout,2026-07-15 20:41:27 UTC,2026-07-15 20:42:19 UTC,needs_id,CC-BY-NC,https://www.inaturalist.org/observations/381787211,https://inaturalist-open-data.s3.amazonaws.com/photos/698619630/medium.jpg,,"",,0,0,false,843,"Central Ave NE, Minneapolis, MN, US",45.0053709076,-93.247128608,33604,,,,33604,,,false,,,,Entomophthora muscae,,Fungi,1098570,Fungi,Entomophthoromycota,Entomophthoromycetes,Entomophthorales,Entomophthoraceae,,,Entomophthora,Entomophthora muscae
381787488,076d5707-c4ba-48c1-908a-9635c0f7b7dc,2026-07-15 14:21:41,2026-07-15,2026-07-15 19:21:41 UTC,Central Time (US & Canada),9643869,zack96679,Zack Stout,2026-07-15 20:42:15 UTC,2026-07-15 21:42:44 UTC,research,CC-BY-NC,https://www.inaturalist.org/observations/381787488,https://inaturalist-open-data.s3.amazonaws.com/photos/698619989/medium.jpg,,"",,1,0,false,843,"Buchanan St NE, Minneapolis, MN, US",44.9971816222,-93.2400001382,5,,,,5,,,false,,,Goutweed,Aegopodium podagraria,Goutweed,Plantae,51741,Plantae,Tracheophyta,Magnoliopsida,Apiales,Apiaceae,Apioideae,Careae,Aegopodium,Aegopodium podagraria
382010901,6edd479d-a805-4d37-aa25-af5802efc1d3,2026-07-16 10:56:59,2026-07-16,2026-07-16 15:56:59 UTC,Central Time (US & Canada),9643869,zack96679,Zack Stout,2026-07-16 16:02:47 UTC,2026-07-16 17:15:52 UTC,needs_id,CC-BY-NC,https://www.inaturalist.org/observations/382010901,https://inaturalist-open-data.s3.amazonaws.com/photos/699088734/medium.jpg,,"",,0,0,false,843,"Tenth Ave SE, Minneapolis, MN, US",44.9874574664,-93.2368195736,46257,,,,46257,,,false,,,,Lasioglossum zephyrus,Zephyr Sweat Bee,Insecta,905961,Animalia,Arthropoda,Insecta,Hymenoptera,Halictidae,Halictinae,Halictini,Lasioglossum,Lasioglossum zephyrus
382011249,3399362b-b5ed-4a97-ba6c-563e1f492886,2026-07-16 10:56:38,2026-07-16,2026-07-16 15:56:38 UTC,Central Time (US & Canada),9643869,zack96679,Zack Stout,2026-07-16 16:03:59 UTC,2026-07-16 16:04:00 UTC,needs_id,CC-BY-NC,https://www.inaturalist.org/observations/382011249,https://inaturalist-open-data.s3.amazonaws.com/photos/699051783/medium.jpg,,"",,0,0,false,843,"Fifth St NE, Minneapolis, MN, US",44.9937808711,-93.2557228555,56503,,,,56503,,,false,,,,Agapostemon,Striped Sweat Bees,Insecta,50086,Animalia,Arthropoda,Insecta,Hymenoptera,Halictidae,Halictinae,Halictini,Agapostemon,
382011274,86e5be1a-8fca-4140-b26c-2a50469a4f55,2026-07-16 08:51:29,2026-07-16,2026-07-16 13:51:29 UTC,Central Time (US & Canada),9643869,zack96679,Zack Stout,2026-07-16 16:04:06 UTC,2026-07-16 16:33:09 UTC,research,CC-BY-NC,https://www.inaturalist.org/observations/382011274,https://inaturalist-open-data.s3.amazonaws.com/photos/699051827/medium.jpg,,"",,1,0,false,843,"Eighth Ave NE, Minneapolis, MN, US",44.9969624659,-93.2609491618,52976,,,,52976,,,false,,,Fourteen-spotted Lady Beetle,Propylea quatuordecimpunctata,Fourteen-spotted Lady Beetle,Insecta,61532,Animalia,Arthropoda,Insecta,Coleoptera,Coccinellidae,Coccinellinae,Coccinellini,Propylea,Propylea quatuordecimpunctata
382011295,ac6df1f0-39c6-4992-a9ab-af497b323e73,2026-07-16 08:51:15,2026-07-16,2026-07-16 13:51:15 UTC,Central Time (US & Canada),9643869,zack96679,Zack Stout,2026-07-16 16:04:12 UTC,2026-07-18 16:51:34 UTC,needs_id,CC-BY-NC,https://www.inaturalist.org/observations/382011295,https://inaturalist-open-data.s3.amazonaws.com/photos/699051892/medium.jpg,,"",,1,0,false,843,"Pierce St NE, Minneapolis, MN, US",44.9982888266,-93.2409614041,24460,,,,24460,,,false,,,Neurocolpus tiliae,Neurocolpus tiliae,,Insecta,1693694,Animalia,Arthropoda,Insecta,Hemiptera,Miridae,Mirinae,Mirini,Neurocolpus,Neurocolpus tiliae
382011332,97a5f214-16c6-444c-9078-eaba78f0b2ee,2026-07-16 08:49:59,2026-07-16,2026-07-16 13:49:59 UTC,Central Time (US & Canada),9643869,zack96679,Zack Stout,2026-07-16 16:04:21 UTC,2026-07-16 16:56:21 UTC,research,CC-BY-NC,https://www.inaturalist.org/observations/382011332,https://inaturalist-open-data.s3.amazonaws.com/photos/699051958/medium.jpg,,"",,1,0,false,843,"Monroe St NE, Minneapolis, MN, US",45.0046599901,-93.2521065078,32226,,,,32226,,open,false,,,Red Admiral,Vanessa atalanta,Red Admiral,Insecta,49133,Animalia,Arthropoda,Insecta,Lepidoptera,Nymphalidae,Nymphalinae,Nymphalini,Vanessa,Vanessa atalanta
382011374,d9778034-cbbc-41fd-871a-b8f41a8f9dfc,2026-07-15 17:54:36,2026-07-15,2026-07-15 22:54:36 UTC,Central Time (US & Canada),9643869,zack96679,Zack Stout,2026-07-16 16:04:28 UTC,2026-07-16 17:12:47 UTC,needs_id,CC-BY-NC,https://www.inaturalist.org/observations/382011374,https://inaturalist-open-data.s3.amazonaws.com/photos/699088967/medium.jpg,,"",,0,0,false,843,"S 19th Ave, Minneapolis, MN, US",44.9247059742,-93.245000666,53567,,,,53567,,,false,,,,Megachile latimanus,broad-handed leafcutter bee,Insecta,199133,Animalia,Arthropoda,Insecta,Hymenoptera,Megachilidae,Megachilinae,Megachilini,Megachile,Megachile latimanus
382031139,42fba868-a84a-4cca-8ae1-6dfb7b34b88d,2026-07-16 12:10:06,2026-07-16,2026-07-16 17:10:06 UTC,Central Time (US & Canada),9643869,zack96679,Zack Stout,2026-07-16 17:13:04 UTC,2026-07-16 17:13:06 UTC,needs_id,CC-BY-NC,https://www.inaturalist.org/observations/382031139,https://inaturalist-open-data.s3.amazonaws.com/photos/699089129/medium.jpg,,"",,0,0,false,843,"Jonquil Ln N, Maple Grove, MN, US",45.1130542208,-93.4336936168,37292,,,,37292,,,false,,,,Chalybion californicum,Common Blue Mud-dauber Wasp,Insecta,133790,Animalia,Arthropoda,Insecta,Hymenoptera,Sphecidae,Sceliphrinae,Sceliphrini,Chalybion,Chalybion californicum
382031227,ab1e2950-26c8-4bdd-bf44-f298bece14fc,2026-07-15 20:21:17,2026-07-15,2026-07-16 01:21:17 UTC,Central Time (US & Canada),9643869,zack96679,Zack Stout,2026-07-16 17:13:23 UTC,2026-07-16 17:13:24 UTC,needs_id,CC-BY-NC,https://www.inaturalist.org/observations/382031227,https://inaturalist-open-data.s3.amazonaws.com/photos/699089313/medium.jpg,,"",,0,0,false,843,"E 66th St, Richfield, MN, US",44.8821741365,-93.2456914358,67817,,,,67817,,,false,,,,Agapostemon virescens,Bicolored Striped Sweat Bee,Insecta,82530,Animalia,Arthropoda,Insecta,Hymenoptera,Halictidae,Halictinae,Halictini,Agapostemon,Agapostemon virescens
382425215,a91c9c6b-6519-438c-97ef-0180636609b8,2026-07-17 18:31:04,2026-07-17,2026-07-17 23:31:04 UTC,Central Time (US & Canada),9643869,zack96679,Zack Stout,2026-07-17 23:32:11 UTC,2026-07-17 23:32:12 UTC,needs_id,CC-BY-NC,https://www.inaturalist.org/observations/382425215,https://inaturalist-open-data.s3.amazonaws.com/photos/699846109/medium.jpg,,"",,0,0,false,843,"Summer St NE, Minneapolis, MN, US",44.9983074347,-93.2428529561,19961,,,,19961,,,false,,,,Parazumia symmorpha,Tapered Mason Wasp,Insecta,266099,Animalia,Arthropoda,Insecta,Hymenoptera,Vespidae,Eumeninae,,Parazumia,Parazumia symmorpha
382426129,c35a5e58-6561-4fe2-9bd2-77628e7490b6,2026-07-17 18:34:41,2026-07-17,2026-07-17 23:34:41 UTC,Central Time (US & Canada),9643869,zack96679,Zack Stout,2026-07-17 23:36:03 UTC,2026-07-22 16:11:19 UTC,research,CC-BY-NC,https://www.inaturalist.org/observations/382426129,https://inaturalist-open-data.s3.amazonaws.com/photos/699847699/medium.jpg,,"",,1,0,false,843,"Lincoln Dr, Roseville, MN, US",45.0263388153,-93.1703954733,9481,,,,9481,,,false,,,Squash Vine Borer,Eichlinia cucurbitae,Squash Vine Borer,Insecta,1410301,Animalia,Arthropoda,Insecta,Lepidoptera,Sesiidae,Sesiinae,Melittiini,Eichlinia,Eichlinia cucurbitae
382426169,a390f23b-6f7e-465e-a0c9-d320933afd96,2026-07-17 18:34:11,2026-07-17,2026-07-17 23:34:11 UTC,Central Time (US & Canada),9643869,zack96679,Zack Stout,2026-07-17 23:36:09 UTC,2026-07-18 14:14:56 UTC,research,CC-BY-NC,https://www.inaturalist.org/observations/382426169,https://inaturalist-open-data.s3.amazonaws.com/photos/700158666/medium.jpg,,"",,1,0,false,843,"Buchanan St NE, Minneapolis, MN, US",44.9982483221,-93.2402879729,35849,,,,35849,,,false,,,European Paper Wasp,Polistes dominula,European Paper Wasp,Insecta,84640,Animalia,Arthropoda,Insecta,Hymenoptera,Vespidae,Polistinae,Polistini,Polistes,Polistes dominula
382588029,0f56a80f-f832-40cf-98e1-88aeb64c0f18,2026-07-17 18:33:30,2026-07-17,2026-07-17 23:33:30 UTC,Central Time (US & Canada),9643869,zack96679,Zack Stout,2026-07-18 14:16:09 UTC,2026-07-18 14:16:10 UTC,needs_id,CC-BY-NC,https://www.inaturalist.org/observations/382588029,https://inaturalist-open-data.s3.amazonaws.com/photos/700159282/medium.jpg,,"",,0,0,false,843,"Tyler St NE, Minneapolis, MN, US",45.0019521459,-93.2452225021,39040,,,,39040,,,false,,,,Megachile latimanus,broad-handed leafcutter bee,Insecta,199133,Animalia,Arthropoda,Insecta,Hymenoptera,Megachilidae,Megachilinae,Megachilini,Megachile,Megachile latimanus
382589116,be4cb469-779f-4438-b92a-e43f7bf2c1ca,2026-07-18 08:47:30,2026-07-18,2026-07-18 13:47:30 UTC,Central Time (US & Canada),9643869,zack96679,Zack Stout,2026-07-18 14:19:14 UTC,2026-07-18 14:19:15 UTC,needs_id,CC-BY-NC,https://www.inaturalist.org/observations/382589116,https://inaturalist-open-data.s3.amazonaws.com/photos/700160835/medium.jpg,,"",,0,0,false,843,"NE 18th 1/2 Ave, Minneapolis, MN, US",45.0069174868,-93.249381907,55307,,,,55307,,,false,,,,Melissodes bimaculatus,Two-spotted Longhorn Bee,Insecta,567666,Animalia,Arthropoda,Insecta,Hymenoptera,Apidae,Apinae,Eucerini,Melissodes,Melissodes bimaculatus
382589118,14bfeb43-56e0-4080-80f0-5ad5b816edaf,2026-07-18 08:48:51,2026-07-18,2026-07-18 13:48:51 UTC,Central Time (US & Canada),9643869,zack96679,Zack Stout,2026-07-18 14:19:14 UTC,2026-07-18 14:19:15 UTC,needs_id,CC-BY-NC,https://www.inaturalist.org/observations/382589118,https://inaturalist-open-data.s3.amazonaws.com/photos/700160838/medium.jpg,,"",,0,0,false,843,"Buchanan St NE, Minneapolis, MN, US",45.0010195614,-93.2397669482,33973,,,,33973,,,false,,,,Lasioglossum pectorale,Rugose-chested Sweat Bee,Insecta,199089,Animalia,Arthropoda,Insecta,Hymenoptera,Halictidae,Halictinae,Halictini,Lasioglossum,Lasioglossum pectorale
382589154,09097fd5-1639-4c20-b302-834abf93a410,2026-07-18 08:55:54,2026-07-18,2026-07-18 13:55:54 UTC,Central Time (US & Canada),9643869,zack96679,Zack Stout,2026-07-18 14:19:23 UTC,2026-07-18 14:19:24 UTC,needs_id,CC-BY-NC,https://www.inaturalist.org/observations/382589154,https://inaturalist-open-data.s3.amazonaws.com/photos/700160937/medium.jpg,,"",,0,0,false,843,"Polk St NE, Minneapolis, MN, US",44.9972530555,-93.2453367376,20166,,,,20166,,,false,,,,Melissodes,,Insecta,52781,Animalia,Arthropoda,Insecta,Hymenoptera,Apidae,Apinae,Eucerini,Melissodes,
382589170,e6932e85-a6ac-4a74-adf4-4ba3f851feb8,2026-07-18 08:55:24,2026-07-18,2026-07-18 13:55:24 UTC,Central Time (US & Canada),9643869,zack96679,Zack Stout,2026-07-18 14:19:29 UTC,2026-07-18 14:19:30 UTC,needs_id,CC-BY-NC,https://www.inaturalist.org/observations/382589170,https://inaturalist-open-data.s3.amazonaws.com/photos/700160986/medium.jpg,,"",,0,0,false,843,"Adams St NE, Minneapolis, MN, US",44.9982497772,-93.2561470353,33812,,,,33812,,,false,,,,Tachinidae,Tachinid Flies,Insecta,51953,Animalia,Arthropoda,Insecta,Diptera,Tachinidae,,,,
382589192,348325b3-f8a4-4ec4-931b-9b51467964bd,2026-07-18 08:56:42,2026-07-18,2026-07-18 13:56:42 UTC,Central Time (US & Canada),9643869,zack96679,Zack Stout,2026-07-18 14:19:35 UTC,2026-07-18 14:33:55 UTC,research,CC-BY-NC,https://www.inaturalist.org/observations/382589192,https://inaturalist-open-data.s3.amazonaws.com/photos/700161035/medium.jpg,,"",,1,0,false,843,"Central Ave NE, Minneapolis, MN, US",45.0000572511,-93.2479695761,24264,,,,24264,,open,false,,,Black-and-gold Bumble Bee,Bombus auricomus,Black-and-gold Bumble Bee,Insecta,198856,Animalia,Arthropoda,Insecta,Hymenoptera,Apidae,Apinae,Bombini,Bombus,Bombus auricomus
382589217,45466982-28ca-4d2d-9569-9613205cbfbd,2026-07-18 08:53:11,2026-07-18,2026-07-18 13:53:11 UTC,Central Time (US & Canada),9643869,zack96679,Zack Stout,2026-07-18 14:19:42 UTC,2026-07-18 14:19:43 UTC,needs_id,CC-BY-NC,https://www.inaturalist.org/observations/382589217,https://inaturalist-open-data.s3.amazonaws.com/photos/700161085/medium.jpg,,"",,0,0,false,843,"Taylor St NE, Minneapolis, MN, US",44.9966571833,-93.2431196214,26086,,,,26086,,,false,,,,Augochlorella aurata,Golden Sweat Bee,Insecta,133766,Animalia,Arthropoda,Insecta,Hymenoptera,Halictidae,Halictinae,Augochlorini,Augochlorella,Augochlorella aurata
382652486,1159b77c-0fe2-4b4a-96ad-11a8b0656d84,2026-07-18 12:22:54,2026-07-18,2026-07-18 17:22:54 UTC,Central Time (US & Canada),9643869,zack96679,Zack Stout,2026-07-18 17:28:19 UTC,2026-07-18 17:28:20 UTC,needs_id,CC-BY-NC,https://www.inaturalist.org/observations/382652486,https://inaturalist-open-data.s3.amazonaws.com/photos/700280420/medium.jpg,,"",,0,0,false,843,"Lowry Ave NE, Minneapolis, MN, US",45.0131058846,-93.2560672314,54416,,,,54416,,,false,,,,Exoprosopa decora,,Insecta,454907,Animalia,Arthropoda,Insecta,Diptera,Bombyliidae,Anthracinae,Exoprosopini,Exoprosopa,Exoprosopa decora
382652507,b4045700-e780-44b0-8b2a-b0fe4c43248e,2026-07-18 12:24:47,2026-07-18,2026-07-18 17:24:47 UTC,Central Time (US & Canada),9643869,zack96679,Zack Stout,2026-07-18 17:28:25 UTC,2026-07-19 18:54:44 UTC,needs_id,CC-BY-NC,https://www.inaturalist.org/observations/382652507,https://inaturalist-open-data.s3.amazonaws.com/photos/700280486/medium.jpg,,"",,1,0,false,843,"15th Ave SE, Minneapolis, MN, US",44.9887150293,-93.2307576593,91715,,,,91715,,,false,,,Tetragnatha,Tetragnatha,,Arachnida,47550,Animalia,Arthropoda,Arachnida,Araneae,Tetragnathidae,Tetragnathinae,,Tetragnatha,
382652542,3a56535e-3fce-4d46-ae07-b67615e278c2,2026-07-18 12:25:43,2026-07-18,2026-07-18 17:25:43 UTC,Central Time (US & Canada),9643869,zack96679,Zack Stout,2026-07-18 17:28:30 UTC,2026-07-19 04:14:29 UTC,research,CC-BY-NC,https://www.inaturalist.org/observations/382652542,https://inaturalist-open-data.s3.amazonaws.com/photos/700280560/medium.jpg,,"",,1,0,false,843,"Central Ave NE, Minneapolis, MN, US",45.0085334361,-93.2471979919,64837,,,,64837,,,false,,,Two-spotted Longhorn Bee,Melissodes bimaculatus,Two-spotted Longhorn Bee,Insecta,567666,Animalia,Arthropoda,Insecta,Hymenoptera,Apidae,Apinae,Eucerini,Melissodes,Melissodes bimaculatus
382652565,435ed9af-5f5f-498f-ae94-a700794a503b,2026-07-18 12:26:09,2026-07-18,2026-07-18 17:26:09 UTC,Central Time (US & Canada),9643869,zack96679,Zack Stout,2026-07-18 17:28:36 UTC,2026-07-18 17:34:42 UTC,research,CC-BY-NC,https://www.inaturalist.org/observations/382652565,https://inaturalist-open-data.s3.amazonaws.com/photos/700280636/medium.jpg,,"",,1,0,false,843,"Central Ave NE, Minneapolis, MN, US",45.0031081339,-93.2449293534,58604,,,,58604,,,false,,,Eastern Calligrapher,Toxomerus geminatus,Eastern Calligrapher,Insecta,126532,Animalia,Arthropoda,Insecta,Diptera,Syrphidae,Syrphinae,Syrphini,Toxomerus,Toxomerus geminatus
382712445,f032064b-1759-494a-98f4-be709ecc30ac,2026-07-18 15:33:39,2026-07-18,2026-07-18 20:33:39 UTC,Central Time (US & Canada),9643869,zack96679,Zack Stout,2026-07-18 20:41:03 UTC,2026-07-18 22:07:25 UTC,research,CC-BY-NC,https://www.inaturalist.org/observations/382712445,https://inaturalist-open-data.s3.amazonaws.com/photos/700395071/medium.jpg,,"",,1,0,false,843,"Central Ave NE, Minneapolis, MN, US",44.9986107209,-93.2472276935,37616,,,,37616,,open,false,,,Lemon Cuckoo Bumble Bee,Bombus citrinus,Lemon Cuckoo Bumble Bee,Insecta,198859,Animalia,Arthropoda,Insecta,Hymenoptera,Apidae,Apinae,Bombini,Bombus,Bombus citrinus
382712494,072e3d69-7afd-48b5-b391-7a4773bc71b9,2026-07-18 15:33:19,2026-07-18,2026-07-18 20:33:19 UTC,Central Time (US & Canada),9643869,zack96679,Zack Stout,2026-07-18 20:41:08 UTC,2026-07-18 22:07:19 UTC,research,CC-BY-NC,https://www.inaturalist.org/observations/382712494,https://inaturalist-open-data.s3.amazonaws.com/photos/700395120/medium.jpg,,"",,1,0,false,843,"CR-88, Minneapolis, MN, US",45.0111686558,-93.2195272364,67804,,,,67804,,open,false,,,Lemon Cuckoo Bumble Bee,Bombus citrinus,Lemon Cuckoo Bumble Bee,Insecta,198859,Animalia,Arthropoda,Insecta,Hymenoptera,Apidae,Apinae,Bombini,Bombus,Bombus citrinus
382712530,04064dbd-56d3-4c77-8d64-2c5c093d726d,2026-07-18 15:30:50,2026-07-18,2026-07-18 20:30:50 UTC,Central Time (US & Canada),9643869,zack96679,Zack Stout,2026-07-18 20:41:13 UTC,2026-07-18 20:41:14 UTC,needs_id,CC-BY-NC,https://www.inaturalist.org/observations/382712530,https://inaturalist-open-data.s3.amazonaws.com/photos/700395163/medium.jpg,,"",,0,0,false,843,"Second St NE, Minneapolis, MN, US",44.9948188452,-93.2634382824,65227,,,,65227,,,false,,,,Melissodes bimaculatus,Two-spotted Longhorn Bee,Insecta,567666,Animalia,Arthropoda,Insecta,Hymenoptera,Apidae,Apinae,Eucerini,Melissodes,Melissodes bimaculatus
382712563,68690c7c-5b7c-4b43-abc5-194e061263f5,2026-07-18 15:30:05,2026-07-18,2026-07-18 20:30:05 UTC,Central Time (US & Canada),9643869,zack96679,Zack Stout,2026-07-18 20:41:19 UTC,2026-07-18 20:41:19 UTC,needs_id,CC-BY-NC,https://www.inaturalist.org/observations/382712563,https://inaturalist-open-data.s3.amazonaws.com/photos/700395210/medium.jpg,,"",,0,0,false,843,"Washington St NE, Minneapolis, MN, US",44.9972333332,-93.2570977776,32151,,,,32151,,,false,,,,Melissodes bimaculatus,Two-spotted Longhorn Bee,Insecta,567666,Animalia,Arthropoda,Insecta,Hymenoptera,Apidae,Apinae,Eucerini,Melissodes,Melissodes bimaculatus
382712597,1abc9554-88b3-434f-b68f-4267e002125e,2026-07-18 15:32:27,2026-07-18,2026-07-18 20:32:27 UTC,Central Time (US & Canada),9643869,zack96679,Zack Stout,2026-07-18 20:41:25 UTC,2026-07-19 15:49:17 UTC,research,CC-BY-NC,https://www.inaturalist.org/observations/382712597,https://inaturalist-open-data.s3.amazonaws.com/photos/700395257/medium.jpg,,"",,1,0,false,843,"NE Garfield St, Minneapolis, MN, US",45.0091750238,-93.2336315193,67181,,,,67181,,open,false,,,Lemon Cuckoo Bumble Bee,Bombus citrinus,Lemon Cuckoo Bumble Bee,Insecta,198859,Animalia,Arthropoda,Insecta,Hymenoptera,Apidae,Apinae,Bombini,Bombus,Bombus citrinus
382712618,354952f5-39dd-43c6-bc36-5583ee27ff2c,2026-07-18 15:27:41,2026-07-18,2026-07-18 20:27:41 UTC,Central Time (US & Canada),9643869,zack96679,Zack Stout,2026-07-18 20:41:30 UTC,2026-07-18 20:41:31 UTC,needs_id,CC-BY-NC,https://www.inaturalist.org/observations/382712618,https://inaturalist-open-data.s3.amazonaws.com/photos/700395331/medium.jpg,,"",,0,0,false,843,"Pierce St NE, Minneapolis, MN, US",44.9960083602,-93.2413698741,38703,,,,38703,,,false,,,,Andrena hirticincta,Hairy-banded Mining Bee,Insecta,198987,Animalia,Arthropoda,Insecta,Hymenoptera,Andrenidae,Andreninae,Andrenini,Andrena,Andrena hirticincta
382712639,4247c65b-b6b0-48ce-b9f2-f2a696a60cec,2026-07-18 15:29:06,2026-07-18,2026-07-18 20:29:06 UTC,Central Time (US & Canada),9643869,zack96679,Zack Stout,2026-07-18 20:41:36 UTC,2026-07-18 20:41:37 UTC,needs_id,CC-BY-NC,https://www.inaturalist.org/observations/382712639,https://inaturalist-open-data.s3.amazonaws.com/photos/700395378/medium.jpg,,"",,0,0,false,843,"I-35W N, Minneapolis, MN, US",44.9995628115,-93.2371100841,30294,,,,30294,,open,false,,,,Bombus bimaculatus,Two-spotted Bumble Bee,Insecta,52779,Animalia,Arthropoda,Insecta,Hymenoptera,Apidae,Apinae,Bombini,Bombus,Bombus bimaculatus
382725063,9f44d5d7-20c3-4ef8-9c4e-2461a9bcadcf,2026-07-18 16:24:01,2026-07-18,2026-07-18 21:24:01 UTC,Central Time (US & Canada),9643869,zack96679,Zack Stout,2026-07-18 21:24:15 UTC,2026-07-18 21:24:16 UTC,needs_id,CC-BY-NC,https://www.inaturalist.org/observations/382725063,https://inaturalist-open-data.s3.amazonaws.com/photos/700419711/medium.jpg,,"",,0,0,false,843,"Buchanan St NE, Minneapolis, MN, US",44.9971351074,-93.2402356435,14,,,,14,,,false,,,,Campsis radicans,American trumpet vine,Plantae,75995,Plantae,Tracheophyta,Magnoliopsida,Lamiales,Bignoniaceae,,Tecomeae,Campsis,Campsis radicans
382734977,9144a49c-9f4d-4a08-95a6-3997335c3694,2026-07-18 16:59:05,2026-07-18,2026-07-18 21:59:05 UTC,Central Time (US & Canada),9643869,zack96679,Zack Stout,2026-07-18 21:59:15 UTC,2026-07-18 21:59:16 UTC,needs_id,CC-BY-NC,https://www.inaturalist.org/observations/382734977,https://inaturalist-open-data.s3.amazonaws.com/photos/700438700/medium.jpg,,"",,0,0,false,843,"Buchanan St NE, Minneapolis, MN, US",44.9971821179,-93.2400029533,5,,,,5,,,false,,,,Rosa,roses,Plantae,53438,Plantae,Tracheophyta,Magnoliopsida,Rosales,Rosaceae,Rosoideae,Roseae,Rosa,
382755348,840426c2-165e-44d8-bcd9-f757ed7fc48d,2026-07-18 18:14:28,2026-07-18,2026-07-18 23:14:28 UTC,Central Time (US & Canada),9643869,zack96679,Zack Stout,2026-07-18 23:15:04 UTC,2026-07-18 23:15:05 UTC,needs_id,CC-BY-NC,https://www.inaturalist.org/observations/382755348,https://inaturalist-open-data.s3.amazonaws.com/photos/700478074/medium.jpg,,"",,0,0,false,843,"22nd Ave NE, Minneapolis, MN, US",45.0103223657,-93.2573731586,41966,,,,41966,,,false,,,,Cerceris fumipennis,Smoky-winged Beetle Bandit Wasp,Insecta,326370,Animalia,Arthropoda,Insecta,Hymenoptera,Crabronidae,Philanthinae,Cercerini,Cerceris,Cerceris fumipennis
382973156,6fd5d85a-cf94-4d1f-ac8c-350090e77bd4,2026-07-18 17:56:01,2026-07-18,2026-07-18 22:56:01 UTC,Central Time (US & Canada),9643869,zack96679,Zack Stout,2026-07-19 15:49:03 UTC,2026-07-23 23:52:13 UTC,research,CC-BY-NC,https://www.inaturalist.org/observations/382973156,https://inaturalist-open-data.s3.amazonaws.com/photos/700897674/medium.jpg,,"",,1,0,false,843,"Buchanan St NE, Minneapolis, MN, US",44.9971821179,-93.2400029533,5,,,,5,,,false,,,velvetleaf,Abutilon theophrasti,velvetleaf,Plantae,60214,Plantae,Tracheophyta,Magnoliopsida,Malvales,Malvaceae,Malvoideae,Malveae,Abutilon,Abutilon theophrasti
383366627,9d76db60-cbb6-4781-8b19-884d08bc6b2e,2026-07-20 12:58:36,2026-07-20,2026-07-20 17:58:36 UTC,Central Time (US & Canada),9643869,zack96679,Zack Stout,2026-07-20 18:06:29 UTC,2026-07-20 18:06:30 UTC,needs_id,CC-BY-NC,https://www.inaturalist.org/observations/383366627,https://inaturalist-open-data.s3.amazonaws.com/photos/701657713/medium.jpg,,"",,0,0,false,843,"14th Ave NE, Minneapolis, MN, US",45.0023139675,-93.2461166344,38655,,,,38655,,,false,,,,Anthophila,Bees,Insecta,630955,Animalia,Arthropoda,Insecta,Hymenoptera,,,,,
383366661,a5451fb9-4413-4ec9-b17a-3eb59de96c64,2026-07-20 12:56:10,2026-07-20,2026-07-20 17:56:10 UTC,Central Time (US & Canada),9643869,zack96679,Zack Stout,2026-07-20 18:06:36 UTC,2026-07-20 18:06:37 UTC,needs_id,CC-BY-NC,https://www.inaturalist.org/observations/383366661,https://inaturalist-open-data.s3.amazonaws.com/photos/701657773/medium.jpg,,"",,0,0,false,843,"Buchanan St NE, Minneapolis, MN, US",44.9974178864,-93.239148489,17126,,,,17126,,,false,,,,Megachile latimanus,broad-handed leafcutter bee,Insecta,199133,Animalia,Arthropoda,Insecta,Hymenoptera,Megachilidae,Megachilinae,Megachilini,Megachile,Megachile latimanus
383366685,daa6e745-38f6-4dc1-bfec-95643dd0b2af,2026-07-20 12:56:36,2026-07-20,2026-07-20 17:56:36 UTC,Central Time (US & Canada),9643869,zack96679,Zack Stout,2026-07-20 18:06:42 UTC,2026-07-26 20:36:50 UTC,research,CC-BY-NC,https://www.inaturalist.org/observations/383366685,https://inaturalist-open-data.s3.amazonaws.com/photos/701657845/medium.jpg,,"",,2,0,false,843,"Stewart, MN, US",44.7129571555,-94.4989744715,204317,,,,204317,,open,false,,,Common Eastern Bumble Bee,Bombus impatiens,Common Eastern Bumble Bee,Insecta,118970,Animalia,Arthropoda,Insecta,Hymenoptera,Apidae,Apinae,Bombini,Bombus,Bombus impatiens
383366734,264cf071-9fc0-4a25-83d8-b8db29d8e256,2026-07-20 12:53:44,2026-07-20,2026-07-20 17:53:44 UTC,Central Time (US & Canada),9643869,zack96679,Zack Stout,2026-07-20 18:06:55 UTC,2026-07-20 18:06:56 UTC,needs_id,CC-BY-NC,https://www.inaturalist.org/observations/383366734,https://inaturalist-open-data.s3.amazonaws.com/photos/701657953/medium.jpg,,"",,0,0,false,843,"Tyler St NE, Minneapolis, MN, US",44.9985105862,-93.2471437947,53533,,,,53533,,,false,,,,Lasioglossum,,Insecta,57678,Animalia,Arthropoda,Insecta,Hymenoptera,Halictidae,Halictinae,Halictini,Lasioglossum,
383366762,c9c252c7-e87d-4f12-8b37-d10cdb985e05,2026-07-20 12:55:01,2026-07-20,2026-07-20 17:55:01 UTC,Central Time (US & Canada),9643869,zack96679,Zack Stout,2026-07-20 18:07:01 UTC,2026-08-17 22:10:07 UTC,research,CC-BY-NC,https://www.inaturalist.org/observations/383366762,https://inaturalist-open-data.s3.amazonaws.com/photos/701701915/medium.jpg,,"",,1,0,false,843,"Adams St NE, Minneapolis, MN, US",45.0001555246,-93.2562909803,45377,,,,45377,,,false,,,Orange-legged Furrow Bee,Halictus rubicundus,Orange-legged Furrow Bee,Insecta,127747,Animalia,Arthropoda,Insecta,Hymenoptera,Halictidae,Halictinae,Halictini,Halictus,Halictus rubicundus
383388786,f3cefb0f-2594-4e81-b7e9-2c62fc7cba01,2026-07-20 12:52:17,2026-07-20,2026-07-20 17:52:17 UTC,Central Time (US & Canada),9643869,zack96679,Zack Stout,2026-07-20 19:23:51 UTC,2026-07-20 19:23:52 UTC,needs_id,CC-BY-NC,https://www.inaturalist.org/observations/383388786,https://inaturalist-open-data.s3.amazonaws.com/photos/701701975/medium.jpg,,"",,0,0,false,843,"Summer St NE, Minneapolis, MN, US",44.9974944814,-93.2431968102,17822,,,,17822,,,false,,,,Melanoplus differentialis,Differential Grasshopper,Insecta,63518,Animalia,Arthropoda,Insecta,Orthoptera,Acrididae,Melanoplinae,Melanoplini,Melanoplus,Melanoplus differentialis
383388812,f07763d3-0bf9-4bdd-8628-e87f080c4f54,2026-07-20 12:51:46,2026-07-20,2026-07-20 17:51:46 UTC,Central Time (US & Canada),9643869,zack96679,Zack Stout,2026-07-20 19:23:57 UTC,2026-07-20 19:23:58 UTC,needs_id,CC-BY-NC,https://www.inaturalist.org/observations/383388812,https://inaturalist-open-data.s3.amazonaws.com/photos/701702037/medium.jpg,,"",,0,0,false,843,"Dakota Ave, Savage, MN, US",44.7385024516,-93.35950957,60945,,,,60945,,,false,,,,Lasioglossum pectorale,Rugose-chested Sweat Bee,Insecta,199089,Animalia,Arthropoda,Insecta,Hymenoptera,Halictidae,Halictinae,Halictini,Lasioglossum,Lasioglossum pectorale
383388836,8af9f74c-a178-40c4-afc4-c73dbb07d072,2026-07-20 12:50:33,2026-07-20,2026-07-20 17:50:33 UTC,Central Time (US & Canada),9643869,zack96679,Zack Stout,2026-07-20 19:24:03 UTC,2026-08-09 20:16:17 UTC,research,CC-BY-NC,https://www.inaturalist.org/observations/383388836,https://inaturalist-open-data.s3.amazonaws.com/photos/701702094/medium.jpg,,"",,2,0,false,843,"Lincoln St NE, Minneapolis, MN, US",45.0010283663,-93.2389190921,38592,,,,38592,,,false,,,Bold Jumping Spider,Phidippus audax,Bold Jumping Spider,Arachnida,53809,Animalia,Arthropoda,Arachnida,Araneae,Salticidae,Salticinae,Dendryphantini,Phidippus,Phidippus audax
383388856,a4fd74b7-06f2-435f-a7b5-63ba90c1beb0,2026-07-20 12:48:52,2026-07-20,2026-07-20 17:48:52 UTC,Central Time (US & Canada),9643869,zack96679,Zack Stout,2026-07-20 19:24:08 UTC,2026-07-20 19:35:39 UTC,research,CC-BY-NC,https://www.inaturalist.org/observations/383388856,https://inaturalist-open-data.s3.amazonaws.com/photos/701702167/medium.jpg,,"",,1,0,false,843,"W 94th St, Bloomington, MN, US",44.830744884,-93.3606210377,93840,,,,93840,,open,false,,,Red Admiral,Vanessa atalanta,Red Admiral,Insecta,49133,Animalia,Arthropoda,Insecta,Lepidoptera,Nymphalidae,Nymphalinae,Nymphalini,Vanessa,Vanessa atalanta
383388901,d6f3b160-e3b7-4aed-af69-f29b455a6265,2026-07-20 12:48:10,2026-07-20,2026-07-20 17:48:10 UTC,Central Time (US & Canada),9643869,zack96679,Zack Stout,2026-07-20 19:24:15 UTC,2026-07-20 20:07:53 UTC,research,CC-BY-NC,https://www.inaturalist.org/observations/383388901,https://inaturalist-open-data.s3.amazonaws.com/photos/701702232/medium.jpg,,"",,1,0,false,843,"Johnson St NE, Minneapolis, MN, US",45.0057786451,-93.2377724921,52430,,,,52430,,,false,,,Ligated Furrow Bee,Halictus ligatus,Ligated Furrow Bee,Insecta,154298,Animalia,Arthropoda,Insecta,Hymenoptera,Halictidae,Halictinae,Halictini,Halictus,Halictus ligatus
383388948,c16f9e11-9eed-468d-b9b5-927b47624d3c,2026-07-20 10:12:08,2026-07-20,2026-07-20 15:12:08 UTC,Central Time (US & Canada),9643869,zack96679,Zack Stout,2026-07-20 19:24:21 UTC,2026-07-21 04:40:38 UTC,research,CC-BY-NC,https://www.inaturalist.org/observations/383388948,https://inaturalist-open-data.s3.amazonaws.com/photos/701702292/medium.jpg,,"",,1,0,false,843,"Broadway St NE, Minneapolis, MN, US",44.9991491854,-93.2434280544,42437,,,,42437,,open,false,,,Peck's Skipper,Polites peckius,Peck's Skipper,Insecta,133631,Animalia,Arthropoda,Insecta,Lepidoptera,Hesperiidae,Hesperiinae,Hesperiini,Polites,Polites peckius
383425936,736fc67e-354d-47d1-ba22-14bc75e9d2bb,2026-07-19 11:14:54,2026-07-19,2026-07-19 16:14:54 UTC,Central Time (US & Canada),9643869,zack96679,Zack Stout,2026-07-20 21:29:49 UTC,2026-07-23 00:43:20 UTC,research,CC-BY-NC,https://www.inaturalist.org/observations/383425936,https://inaturalist-open-data.s3.amazonaws.com/photos/701774540/medium.jpg,,"",,1,0,false,843,"Pierce St NE, Minneapolis, MN, US",44.9978778989,-93.2413390623,11730,,,,11730,,,false,,,Differential Grasshopper,Melanoplus differentialis,Differential Grasshopper,Insecta,63518,Animalia,Arthropoda,Insecta,Orthoptera,Acrididae,Melanoplinae,Melanoplini,Melanoplus,Melanoplus differentialis
383462006,1a4fa270-c16f-4d3f-9ccb-3083f95ccdc4,2026-07-20 18:48:45,2026-07-20,2026-07-20 23:48:45 UTC,Central Time (US & Canada),9643869,zack96679,Zack Stout,2026-07-20 23:52:56 UTC,2026-07-20 23:52:57 UTC,needs_id,CC-BY-NC,https://www.inaturalist.org/observations/383462006,https://inaturalist-open-data.s3.amazonaws.com/photos/701843583/medium.jpg,,"",,0,0,false,843,"NE Fillmore St, Minneapolis, MN, US",44.9988377831,-93.2423817688,27380,,,,27380,,,false,,,,Sphex pensylvanicus,Great Black Digger Wasp,Insecta,48738,Animalia,Arthropoda,Insecta,Hymenoptera,Sphecidae,Sphecinae,Sphecini,Sphex,Sphex pensylvanicus
383477205,b8bb91ec-704d-4562-a97e-1b0b0188b5e3,2026-07-20 19:56:35,2026-07-20,2026-07-21 00:56:35 UTC,Central Time (US & Canada),9643869,zack96679,Zack Stout,2026-07-21 00:56:45 UTC,2026-07-21 00:56:46 UTC,needs_id,CC-BY-NC,https://www.inaturalist.org/observations/383477205,https://inaturalist-open-data.s3.amazonaws.com/photos/701873344/medium.jpg,,"",,0,0,false,843,"Buchanan St NE, Minneapolis, MN, US",44.9971236293,-93.2399561519,11,,,,11,,,false,,,,Phlox,phloxes,Plantae,52152,Plantae,Tracheophyta,Magnoliopsida,Ericales,Polemoniaceae,,,Phlox,
383778778,51f0381e-f212-46e1-b15d-ef3906003594,2026-07-21 17:59:23,2026-07-21,2026-07-21 22:59:23 UTC,Central Time (US & Canada),9643869,zack96679,Zack Stout,2026-07-21 23:24:56 UTC,2026-07-29 15:26:09 UTC,research,CC-BY-NC,https://www.inaturalist.org/observations/383778778,https://inaturalist-open-data.s3.amazonaws.com/photos/702448421/medium.jpg,,"",,1,0,false,843,"Pierce St NE, Minneapolis, MN, US",44.9996613192,-93.2411092537,26756,,,,26756,,open,false,,,Lemon Cuckoo Bumble Bee,Bombus citrinus,Lemon Cuckoo Bumble Bee,Insecta,198859,Animalia,Arthropoda,Insecta,Hymenoptera,Apidae,Apinae,Bombini,Bombus,Bombus citrinus
383778814,0001d536-0a8b-40c1-a03d-689b93010fa5,2026-07-21 17:38:02,2026-07-21,2026-07-21 22:38:02 UTC,Central Time (US & Canada),9643869,zack96679,Zack Stout,2026-07-21 23:25:01 UTC,2026-07-22 01:25:22 UTC,research,CC-BY-NC,https://www.inaturalist.org/observations/383778814,https://inaturalist-open-data.s3.amazonaws.com/photos/702448476/medium.jpg,,"",,1,0,false,843,"NE Fillmore St, Minneapolis, MN, US",45.0000134365,-93.2431125876,16045,,,,16045,,,false,,,Great Black Digger Wasp,Sphex pensylvanicus,Great Black Digger Wasp,Insecta,48738,Animalia,Arthropoda,Insecta,Hymenoptera,Sphecidae,Sphecinae,Sphecini,Sphex,Sphex pensylvanicus
384027371,587a8f6a-0543-4af7-92aa-4a7803ccc3a7,2026-07-22 14:30:22,2026-07-22,2026-07-22 19:30:22 UTC,Central Time (US & Canada),9643869,zack96679,Zack Stout,2026-07-22 19:35:12 UTC,2026-07-22 19:35:13 UTC,needs_id,CC-BY-NC,https://www.inaturalist.org/observations/384027371,https://inaturalist-open-data.s3.amazonaws.com/photos/702928027/medium.jpg,,"",,0,0,false,843,"NE Fillmore St, Minneapolis, MN, US",45.00315112,-93.2420302777,42007,,,,42007,,,false,,,,Eumenes fraternus,Fraternal Potter Wasp,Insecta,133765,Animalia,Arthropoda,Insecta,Hymenoptera,Vespidae,Eumeninae,,Eumenes,Eumenes fraternus
384080716,cf464476-91f5-4b1d-848f-eba012747c18,2026-07-22 17:56:26,2026-07-22,2026-07-22 22:56:26 UTC,Central Time (US & Canada),9643869,zack96679,Zack Stout,2026-07-22 22:56:38 UTC,2026-07-23 01:05:54 UTC,research,CC-BY-NC,https://www.inaturalist.org/observations/384080716,https://inaturalist-open-data.s3.amazonaws.com/photos/703030545/medium.jpg,,"",,1,0,false,843,"Buchanan St NE, Minneapolis, MN, US",44.997181791,-93.2400060101,5,,,,5,,open,false,,,common milkweed,Asclepias syriaca,common milkweed,Plantae,47911,Plantae,Tracheophyta,Magnoliopsida,Gentianales,Apocynaceae,Asclepiadoideae,Asclepiadeae,Asclepias,Asclepias syriaca
384103705,f6955e03-c1b8-4871-b6d6-6206ea2076d7,2026-07-22 19:33:02,2026-07-22,2026-07-23 00:33:02 UTC,Central Time (US & Canada),9643869,zack96679,Zack Stout,2026-07-23 00:33:14 UTC,2026-07-23 17:01:24 UTC,research,CC-BY-NC,https://www.inaturalist.org/observations/384103705,https://inaturalist-open-data.s3.amazonaws.com/photos/703078263/medium.jpg,,"",,1,0,false,843,"Buchanan St NE, Minneapolis, MN, US",44.997181791,-93.2400060101,5,,,,5,,open,false,,,white mulberry,Morus alba,white mulberry,Plantae,56090,Plantae,Tracheophyta,Magnoliopsida,Rosales,Moraceae,,Moreae,Morus,Morus alba
384117213,b08001fc-cbc5-4352-9691-be5e0a442b22,2026-07-22 20:30:39,2026-07-22,2026-07-23 01:30:39 UTC,Central Time (US & Canada),9643869,zack96679,Zack Stout,2026-07-23 01:30:49 UTC,2026-07-24 16:14:14 UTC,research,CC-BY-NC,https://www.inaturalist.org/observations/384117213,https://inaturalist-open-data.s3.amazonaws.com/photos/703104116/medium.jpg,,"",,1,0,false,843,"Buchanan St NE, Minneapolis, MN, US",44.997181791,-93.2400060101,5,,,,5,,,false,,,cutleaf coneflower,Rudbeckia laciniata,cutleaf coneflower,Plantae,116735,Plantae,Tracheophyta,Magnoliopsida,Asterales,Asteraceae,Asteroideae,Heliantheae,Rudbeckia,Rudbeckia laciniata
384309226,a507ba3c-86a7-46e7-8bce-17125fd8e311,2026-07-23 11:43:34,2026-07-23,2026-07-23 16:43:34 UTC,Central Time (US & Canada),9643869,zack96679,Zack Stout,2026-07-23 17:52:44 UTC,2026-07-23 17:56:07 UTC,research,CC-BY-NC,https://www.inaturalist.org/observations/384309226,https://inaturalist-open-data.s3.amazonaws.com/photos/703471220/medium.jpg,,"",,1,0,false,843,"NE Fillmore St, Minneapolis, MN, US",44.9998083505,-93.2423740238,37941,,,,37941,,open,false,,,Black-and-gold Bumble Bee,Bombus auricomus,Black-and-gold Bumble Bee,Insecta,198856,Animalia,Arthropoda,Insecta,Hymenoptera,Apidae,Apinae,Bombini,Bombus,Bombus auricomus
384309257,b39cc8ca-9961-4c47-84cb-80a622331219,2026-07-23 11:11:09,2026-07-23,2026-07-23 16:11:09 UTC,Central Time (US & Canada),9643869,zack96679,Zack Stout,2026-07-23 17:52:50 UTC,2026-07-23 17:54:54 UTC,needs_id,CC-BY-NC,https://www.inaturalist.org/observations/384309257,https://inaturalist-open-data.s3.amazonaws.com/photos/703472657/medium.jpg,,"",,0,0,false,843,"Central Ave NE, Minneapolis, MN, US",45.0030108258,-93.2459287511,41396,,,,41396,,,false,,,,Euodynerus foraminatus,Pitted Mason Wasp,Insecta,203486,Animalia,Arthropoda,Insecta,Hymenoptera,Vespidae,Eumeninae,,Euodynerus,Euodynerus foraminatus
384309560,35b6e6dc-3309-4a07-83cd-20c9e7378233,2026-07-23 11:08:06,2026-07-23,2026-07-23 16:08:06 UTC,Central Time (US & Canada),9643869,zack96679,Zack Stout,2026-07-23 17:54:03 UTC,2026-07-23 17:54:03 UTC,needs_id,CC-BY-NC,https://www.inaturalist.org/observations/384309560,https://inaturalist-open-data.s3.amazonaws.com/photos/703472152/medium.jpg,,"",,0,0,false,843,"NE Fillmore St, Minneapolis, MN, US",44.9957221266,-93.2417679955,28431,,,,28431,,,false,,,,Geron calvus,,Insecta,454909,Animalia,Arthropoda,Insecta,Diptera,Bombyliidae,Toxophorinae,Gerontini,Geron,Geron calvus
384309605,c7c62c74-0084-415b-9422-651f115062af,2026-07-23 11:06:49,2026-07-23,2026-07-23 16:06:49 UTC,Central Time (US & Canada),9643869,zack96679,Zack Stout,2026-07-23 17:54:10 UTC,2026-07-23 17:54:11 UTC,needs_id,CC-BY-NC,https://www.inaturalist.org/observations/384309605,https://inaturalist-open-data.s3.amazonaws.com/photos/703472218/medium.jpg,,"",,0,0,false,843,"21st Ave SE, Minneapolis, MN, US",44.9907085348,-93.222535572,33484,,,,33484,,,false,,,,Melissodes bimaculatus,Two-spotted Longhorn Bee,Insecta,567666,Animalia,Arthropoda,Insecta,Hymenoptera,Apidae,Apinae,Eucerini,Melissodes,Melissodes bimaculatus
384309651,89e2fd4f-cda4-4b7e-9ff6-63dbc4c2ae79,2026-07-23 10:55:46,2026-07-23,2026-07-23 15:55:46 UTC,Central Time (US & Canada),9643869,zack96679,Zack Stout,2026-07-23 17:54:16 UTC,2026-07-23 17:55:43 UTC,research,CC-BY-NC,https://www.inaturalist.org/observations/384309651,https://inaturalist-open-data.s3.amazonaws.com/photos/703472284/medium.jpg,,"",,1,0,false,843,"Tyler St NE, Minneapolis, MN, US",45.0015259851,-93.2460608452,53450,,,,53450,,open,false,,,Common Eastern Bumble Bee,Bombus impatiens,Common Eastern Bumble Bee,Insecta,118970,Animalia,Arthropoda,Insecta,Hymenoptera,Apidae,Apinae,Bombini,Bombus,Bombus impatiens
384309701,e1e3b7e1-4a3f-4358-afe0-c3ca9a690d35,2026-07-23 10:54:50,2026-07-23,2026-07-23 15:54:50 UTC,Central Time (US & Canada),9643869,zack96679,Zack Stout,2026-07-23 17:54:21 UTC,2026-07-23 17:54:22 UTC,needs_id,CC-BY-NC,https://www.inaturalist.org/observations/384309701,https://inaturalist-open-data.s3.amazonaws.com/photos/703472350/medium.jpg,,"",,0,0,false,843,"Central Ave NE, Minneapolis, MN, US",45.0040410761,-93.246242351,33940,,,,33940,,,false,,,,Disonycha xanthomelas,Spinach Flea Beetle,Insecta,84081,Animalia,Arthropoda,Insecta,Coleoptera,Chrysomelidae,Galerucinae,Alticini,Disonycha,Disonycha xanthomelas
384309726,4d4c627d-a355-4b27-8e3e-6cb1a009c8b3,2026-07-23 10:46:46,2026-07-23,2026-07-23 15:46:46 UTC,Central Time (US & Canada),9643869,zack96679,Zack Stout,2026-07-23 17:54:27 UTC,2026-07-23 17:54:28 UTC,needs_id,CC-BY-NC,https://www.inaturalist.org/observations/384309726,https://inaturalist-open-data.s3.amazonaws.com/photos/703472398/medium.jpg,,"",,0,0,false,843,"NE 13th Ave, Minneapolis, MN, US",45.0005107073,-93.2533504647,45657,,,,45657,,,false,,,,Agapostemon,Striped Sweat Bees,Insecta,50086,Animalia,Arthropoda,Insecta,Hymenoptera,Halictidae,Halictinae,Halictini,Agapostemon,
384309746,26bb33a0-521e-4560-8a6e-aae168d66a04,2026-07-23 09:49:30,2026-07-23,2026-07-23 14:49:30 UTC,Central Time (US & Canada),9643869,zack96679,Zack Stout,2026-07-23 17:54:33 UTC,2026-07-25 14:16:51 UTC,research,CC-BY-NC,https://www.inaturalist.org/observations/384309746,https://inaturalist-open-data.s3.amazonaws.com/photos/703472454/medium.jpg,,"",,1,0,false,843,"Quincy St NE, Minneapolis, MN, US",44.99969087,-93.2514864914,33516,,,,33516,,open,false,,,Autumn Meadowhawk,Sympetrum vicinum,Autumn Meadowhawk,Insecta,68139,Animalia,Arthropoda,Insecta,Odonata,Libellulidae,,,Sympetrum,Sympetrum vicinum
384309788,b1e5e30f-5691-4f4c-bcee-e8fd98305445,2026-07-21 19:48:16,2026-07-21,2026-07-22 00:48:16 UTC,Central Time (US & Canada),9643869,zack96679,Zack Stout,2026-07-23 17:54:42 UTC,2026-08-07 21:49:58 UTC,research,CC-BY-NC,https://www.inaturalist.org/observations/384309788,https://inaturalist-open-data.s3.amazonaws.com/photos/703472540/medium.jpg,,"",,1,0,false,843,"Buchanan St NE, Minneapolis, MN, US",44.997181791,-93.2400060101,5,,,,5,,,false,,,Goutweed,Aegopodium podagraria,Goutweed,Plantae,51741,Plantae,Tracheophyta,Magnoliopsida,Apiales,Apiaceae,Apioideae,Careae,Aegopodium,Aegopodium podagraria
384309820,965fd26a-ad01-4c85-b54d-6d841b65562f,2026-07-22 19:33:18,2026-07-22,2026-07-23 00:33:18 UTC,Central Time (US & Canada),9643869,zack96679,Zack Stout,2026-07-23 17:54:48 UTC,2026-07-23 17:54:48 UTC,needs_id,CC-BY-NC,https://www.inaturalist.org/observations/384309820,https://inaturalist-open-data.s3.amazonaws.com/photos/703472606/medium.jpg,,"",,0,0,false,843,"Buchanan St NE, Minneapolis, MN, US",44.997181791,-93.2400060101,5,,,,5,,,false,,,,Parthenocissus,Virginia Creepers,Plantae,50280,Plantae,Tracheophyta,Magnoliopsida,Vitales,Vitaceae,,,Parthenocissus,
384993088,2b3662e7-e241-44fd-a29f-e9f857f37d1e,2026-07-25 14:00:48,2026-07-25,2026-07-25 19:00:48 UTC,Central Time (US & Canada),9643869,zack96679,Zack Stout,2026-07-25 19:22:13 UTC,2026-07-26 03:21:46 UTC,research,CC-BY-NC,https://www.inaturalist.org/observations/384993088,https://inaturalist-open-data.s3.amazonaws.com/photos/704791223/medium.jpg,,"",,1,0,false,843,"Central Ave NE, Minneapolis, MN, US",45.00455989,-93.2487872449,40763,,,,40763,,,false,,,Common candy-striped spider,Enoplognatha ovata,Common candy-striped spider,Arachnida,219195,Animalia,Arthropoda,Arachnida,Araneae,Theridiidae,Pholcommatinae,,Enoplognatha,Enoplognatha ovata
384995579,aee076e7-5d2d-415b-a04c-bd4b552522d3,2026-07-25 14:07:36,2026-07-25,2026-07-25 19:07:36 UTC,Central Time (US & Canada),9643869,zack96679,Zack Stout,2026-07-25 19:29:57 UTC,2026-07-25 19:36:57 UTC,research,CC-BY-NC,https://www.inaturalist.org/observations/384995579,https://inaturalist-open-data.s3.amazonaws.com/photos/704790528/medium.jpg,,"",,1,0,false,843,"22nd Ave NE, Minneapolis, MN, US",45.0098708037,-93.2467217006,77380,,,,77380,,open,false,,,Ruby-throated Hummingbird,Archilochus colubris,Ruby-throated Hummingbird,Aves,6432,Animalia,Chordata,Aves,Apodiformes,Trochilidae,Trochilinae,Mellisugini,Archilochus,Archilochus colubris
384995734,42beab2c-9454-4fba-98b5-71f28efea6b4,2026-07-23 18:20:15,2026-07-23,2026-07-23 23:20:15 UTC,Central Time (US & Canada),9643869,zack96679,Zack Stout,2026-07-25 19:30:31 UTC,2026-07-26 07:41:21 UTC,research,CC-BY-NC,https://www.inaturalist.org/observations/384995734,https://inaturalist-open-data.s3.amazonaws.com/photos/704790889/medium.jpg,,"",,1,0,false,843,"I-35W N, Minneapolis, MN, US",45.0018772914,-93.2352114745,37104,,,,37104,,,false,,,Alfalfa Plant Bug,Adelphocoris lineolatus,Alfalfa Plant Bug,Insecta,84508,Animalia,Arthropoda,Insecta,Hemiptera,Miridae,Mirinae,Mirini,Adelphocoris,Adelphocoris lineolatus
386002674,9546299e-d19f-4682-b9f2-5575769576f3,2026-07-28 10:56:26,2026-07-28,2026-07-28 15:56:26 UTC,Central Time (US & Canada),9643869,zack96679,Zack Stout,2026-07-28 16:50:16 UTC,2026-07-28 16:50:17 UTC,needs_id,CC-BY-NC,https://www.inaturalist.org/observations/386002674,https://inaturalist-open-data.s3.amazonaws.com/photos/706714068/medium.jpg,,"",,0,0,false,843,"NE 18th Ave, Minneapolis, MN, US",45.0060272736,-93.2277181569,54865,,,,54865,,,false,,,,Sphex pensylvanicus,Great Black Digger Wasp,Insecta,48738,Animalia,Arthropoda,Insecta,Hymenoptera,Sphecidae,Sphecinae,Sphecini,Sphex,Sphex pensylvanicus
386002698,9c1b0e52-eba3-4385-8dd7-36c8fe19e7d2,2026-07-28 10:54:31,2026-07-28,2026-07-28 15:54:31 UTC,Central Time (US & Canada),9643869,zack96679,Zack Stout,2026-07-28 16:50:21 UTC,2026-07-28 16:50:23 UTC,needs_id,CC-BY-NC,https://www.inaturalist.org/observations/386002698,https://inaturalist-open-data.s3.amazonaws.com/photos/706714120/medium.jpg,,"",,0,0,false,843,"NE Main St, Minneapolis, MN, US",44.9980246446,-93.2667611009,61919,,,,61919,,,false,,,,Agapostemon virescens,Bicolored Striped Sweat Bee,Insecta,82530,Animalia,Arthropoda,Insecta,Hymenoptera,Halictidae,Halictinae,Halictini,Agapostemon,Agapostemon virescens
386002736,96960331-28f5-430d-b34c-be34112e0aef,2026-07-28 09:34:15,2026-07-28,2026-07-28 14:34:15 UTC,Central Time (US & Canada),9643869,zack96679,Zack Stout,2026-07-28 16:50:29 UTC,2026-07-28 17:00:26 UTC,needs_id,CC-BY-NC,https://www.inaturalist.org/observations/386002736,https://inaturalist-open-data.s3.amazonaws.com/photos/706714203/medium.jpg,,"",,0,0,false,843,"Adams St NE, Minneapolis, MN, US",44.9965909226,-93.2568556544,64351,,,,64351,,,false,,,,Tachinidae,Tachinid Flies,Insecta,51953,Animalia,Arthropoda,Insecta,Diptera,Tachinidae,,,,
386002770,036e28bd-ddf3-402e-b519-2960170c0c73,2026-07-28 09:32:32,2026-07-28,2026-07-28 14:32:32 UTC,Central Time (US & Canada),9643869,zack96679,Zack Stout,2026-07-28 16:50:36 UTC,2026-07-28 16:50:37 UTC,needs_id,CC-BY-NC,https://www.inaturalist.org/observations/386002770,https://inaturalist-open-data.s3.amazonaws.com/photos/706714274/medium.jpg,,"",,0,0,false,843,"Spring St NE, Minneapolis, MN, US",44.9954942186,-93.2500413425,74601,,,,74601,,open,false,,,,Bombus citrinus,Lemon Cuckoo Bumble Bee,Insecta,198859,Animalia,Arthropoda,Insecta,Hymenoptera,Apidae,Apinae,Bombini,Bombus,Bombus citrinus
386002800,bde25461-82a5-42e9-addf-3de29cfc2aa7,2026-07-28 09:29:06,2026-07-28,2026-07-28 14:29:06 UTC,Central Time (US & Canada),9643869,zack96679,Zack Stout,2026-07-28 16:50:43 UTC,2026-07-29 02:33:11 UTC,research,CC-BY-NC,https://www.inaturalist.org/observations/386002800,https://inaturalist-open-data.s3.amazonaws.com/photos/706714339/medium.jpg,,"",,1,0,false,843,"Third Ave NE, Minneapolis, MN, US",44.9921698029,-93.252839712,76502,,,,76502,,open,false,,,Common Eastern Bumble Bee,Bombus impatiens,Common Eastern Bumble Bee,Insecta,118970,Animalia,Arthropoda,Insecta,Hymenoptera,Apidae,Apinae,Bombini,Bombus,Bombus impatiens
386002829,6c53f5ac-831d-4f1c-bcd3-0c31d70ba85f,2026-07-28 09:26:04,2026-07-28,2026-07-28 14:26:04 UTC,Central Time (US & Canada),9643869,zack96679,Zack Stout,2026-07-28 16:50:49 UTC,2026-07-28 16:58:47 UTC,needs_id,CC-BY-NC,https://www.inaturalist.org/observations/386002829,https://inaturalist-open-data.s3.amazonaws.com/photos/706714409/medium.jpg,,"",,0,0,false,843,"Jackson St NE, Minneapolis, MN, US",45.0041455408,-93.249241002,64592,,,,64592,,,false,,,,Brachycera,Brachyceran Flies,Insecta,48091,Animalia,Arthropoda,Insecta,Diptera,,,,,
386002856,182d4c8a-0c73-4cf9-8dd5-deb1b4412d05,2026-07-28 09:28:44,2026-07-28,2026-07-28 14:28:44 UTC,Central Time (US & Canada),9643869,zack96679,Zack Stout,2026-07-28 16:50:55 UTC,2026-07-28 16:50:56 UTC,needs_id,CC-BY-NC,https://www.inaturalist.org/observations/386002856,https://inaturalist-open-data.s3.amazonaws.com/photos/706714460/medium.jpg,,"",,0,0,false,843,"NE 14th Ave, Minneapolis, MN, US",45.0025886795,-93.2411129336,46301,,,,46301,,,false,,,,Melissodes bimaculatus,Two-spotted Longhorn Bee,Insecta,567666,Animalia,Arthropoda,Insecta,Hymenoptera,Apidae,Apinae,Eucerini,Melissodes,Melissodes bimaculatus
386002899,59975008-7a75-4f39-b2a5-8d245c199839,2026-07-28 09:23:22,2026-07-28,2026-07-28 14:23:22 UTC,Central Time (US & Canada),9643869,zack96679,Zack Stout,2026-07-28 16:51:01 UTC,2026-07-28 16:51:02 UTC,needs_id,CC-BY-NC,https://www.inaturalist.org/observations/386002899,https://inaturalist-open-data.s3.amazonaws.com/photos/706714518/medium.jpg,,"",,0,0,false,843,"Johnson St NE, Minneapolis, MN, US",44.9966664514,-93.2377182192,64435,,,,64435,,,false,,,,Belonuchus rufipennis,,Insecta,214974,Animalia,Arthropoda,Insecta,Coleoptera,Staphylinidae,Staphylininae,Staphylinini,Belonuchus,Belonuchus rufipennis
386002995,8c7663c4-ec67-40c5-af75-04a7ad338a83,2026-07-28 09:22:28,2026-07-28,2026-07-28 14:22:28 UTC,Central Time (US & Canada),9643869,zack96679,Zack Stout,2026-07-28 16:51:08 UTC,2026-07-29 02:33:07 UTC,research,CC-BY-NC,https://www.inaturalist.org/observations/386002995,https://inaturalist-open-data.s3.amazonaws.com/photos/706714574/medium.jpg,,"",,1,0,false,843,"Washington St NE, Minneapolis, MN, US",45.0066801341,-93.2569366694,73420,,,,73420,,open,false,,,Common Eastern Bumble Bee,Bombus impatiens,Common Eastern Bumble Bee,Insecta,118970,Animalia,Arthropoda,Insecta,Hymenoptera,Apidae,Apinae,Bombini,Bombus,Bombus impatiens
386003051,423c1a7d-ee5d-49eb-8231-6b970f3e8957,2026-07-27 19:39:51,2026-07-27,2026-07-28 00:39:51 UTC,Central Time (US & Canada),9643869,zack96679,Zack Stout,2026-07-28 16:51:14 UTC,2026-07-28 16:51:16 UTC,needs_id,CC-BY-NC,https://www.inaturalist.org/observations/386003051,https://inaturalist-open-data.s3.amazonaws.com/photos/706714652/medium.jpg,,"",,0,0,false,843,"Quarry Center Dr, Minneapolis, MN, US",45.0045945841,-93.2355200249,62110,,,,62110,,,false,,,,Solidago,goldenrods,Plantae,48678,Plantae,Tracheophyta,Magnoliopsida,Asterales,Asteraceae,Asteroideae,Astereae,Solidago,
386086320,e48916ad-31f4-40d2-bc34-50dda0ca0b14,2026-07-28 15:55:31,2026-07-28,2026-07-28 20:55:31 UTC,Central Time (US & Canada),9643869,zack96679,Zack Stout,2026-07-28 21:39:31 UTC,2026-07-29 01:18:04 UTC,research,CC-BY-NC,https://www.inaturalist.org/observations/386086320,https://inaturalist-open-data.s3.amazonaws.com/photos/706873758/medium.jpg,,"",,1,0,false,843,"Central Ave NE, Minneapolis, MN, US",44.999056943,-93.2473955262,41259,,,,41259,,open,false,,,Black-and-gold Bumble Bee,Bombus auricomus,Black-and-gold Bumble Bee,Insecta,198856,Animalia,Arthropoda,Insecta,Hymenoptera,Apidae,Apinae,Bombini,Bombus,Bombus auricomus
386086348,6d0634df-91fb-4c02-a115-0812088c92bc,2026-07-28 15:43:30,2026-07-28,2026-07-28 20:43:30 UTC,Central Time (US & Canada),9643869,zack96679,Zack Stout,2026-07-28 21:39:37 UTC,2026-08-01 00:26:58 UTC,research,CC-BY-NC,https://www.inaturalist.org/observations/386086348,https://inaturalist-open-data.s3.amazonaws.com/photos/706873812/medium.jpg,,"",,1,0,false,843,"I-35W N, Minneapolis, MN, US",44.9968385253,-93.2378312724,30065,,,,30065,,,false,,,Confusing Furrow Bee,Halictus confusus,Confusing Furrow Bee,Insecta,199115,Animalia,Arthropoda,Insecta,Hymenoptera,Halictidae,Halictinae,Halictini,Halictus,Halictus confusus
386086375,a13c9511-53d4-475a-a90a-388677a9a8d0,2026-07-28 15:43:10,2026-07-28,2026-07-28 20:43:10 UTC,Central Time (US & Canada),9643869,zack96679,Zack Stout,2026-07-28 21:39:43 UTC,2026-07-28 21:39:44 UTC,needs_id,CC-BY-NC,https://www.inaturalist.org/observations/386086375,https://inaturalist-open-data.s3.amazonaws.com/photos/706873868/medium.jpg,,"",,0,0,false,843,"Sixth St NE, Minneapolis, MN, US",45.0035456522,-93.2601980857,61833,,,,61833,,,false,,,,Cerceris nigrescens,,Insecta,203306,Animalia,Arthropoda,Insecta,Hymenoptera,Crabronidae,Philanthinae,Cercerini,Cerceris,Cerceris nigrescens
386086405,63474178-1454-4c4a-b719-81faaf9afbfe,2026-07-28 15:41:48,2026-07-28,2026-07-28 20:41:48 UTC,Central Time (US & Canada),9643869,zack96679,Zack Stout,2026-07-28 21:39:50 UTC,2026-07-28 21:39:51 UTC,needs_id,CC-BY-NC,https://www.inaturalist.org/observations/386086405,https://inaturalist-open-data.s3.amazonaws.com/photos/706873933/medium.jpg,,"",,0,0,false,843,"Pierce St NE, Minneapolis, MN, US",45.0053471229,-93.2413413544,40039,,,,40039,,,false,,,,Lasioglossum zephyrus,Zephyr Sweat Bee,Insecta,905961,Animalia,Arthropoda,Insecta,Hymenoptera,Halictidae,Halictinae,Halictini,Lasioglossum,Lasioglossum zephyrus
386086912,7b43ad27-6f09-49ac-9cb0-0489c0836a3c,2026-07-28 15:41:26,2026-07-28,2026-07-28 20:41:26 UTC,Central Time (US & Canada),9643869,zack96679,Zack Stout,2026-07-28 21:41:18 UTC,2026-07-29 16:00:28 UTC,needs_id,CC-BY-NC,https://www.inaturalist.org/observations/386086912,https://inaturalist-open-data.s3.amazonaws.com/photos/707272745/medium.jpg,,"",,0,0,false,843,"Buchanan St NE, Minneapolis, MN, US",45.0013396779,-93.2399267629,30079,,,,30079,,,false,,,,Halictina,,Insecta,1597678,Animalia,Arthropoda,Insecta,Hymenoptera,Halictidae,Halictinae,Halictini,,
386280934,bdd22494-3f95-4bb2-a0c4-687aafba087d,2026-07-29 10:13:37,2026-07-29,2026-07-29 15:13:37 UTC,Central Time (US & Canada),9643869,zack96679,Zack Stout,2026-07-29 15:14:43 UTC,2026-07-29 22:58:23 UTC,research,CC-BY-NC,https://www.inaturalist.org/observations/386280934,https://inaturalist-open-data.s3.amazonaws.com/photos/707249061/medium.jpg,,"",,1,0,false,843,"Harrison St NE, Minneapolis, MN, US",44.9941610508,-93.2459686002,30973,,,,30973,,,false,,,Tapered Mason Wasp,Parazumia symmorpha,Tapered Mason Wasp,Insecta,266099,Animalia,Arthropoda,Insecta,Hymenoptera,Vespidae,Eumeninae,,Parazumia,Parazumia symmorpha
386398694,18c1aa89-5283-4535-97f2-e06bed6318cf,2026-07-29 17:13:27,2026-07-29,2026-07-29 22:13:27 UTC,Central Time (US & Canada),9643869,zack96679,Zack Stout,2026-07-29 22:16:44 UTC,2026-07-29 22:16:45 UTC,needs_id,CC-BY-NC,https://www.inaturalist.org/observations/386398694,https://inaturalist-open-data.s3.amazonaws.com/photos/707470648/medium.jpg,,"",,0,0,false,843,"Lincoln St NE, Minneapolis, MN, US",45.0008300282,-93.2390409236,21433,,,,21433,,,false,,,,Hylaeus modestus,Modest Masked Bee,Insecta,199048,Animalia,Arthropoda,Insecta,Hymenoptera,Colletidae,Hylaeinae,,Hylaeus,Hylaeus modestus
386424751,26a3b3d0-86a4-4f56-828a-760d0d657874,2026-07-29 19:08:12,2026-07-29,2026-07-30 00:08:12 UTC,Central Time (US & Canada),9643869,zack96679,Zack Stout,2026-07-30 00:10:40 UTC,2026-07-30 00:10:40 UTC,needs_id,CC-BY-NC,https://www.inaturalist.org/observations/386424751,https://inaturalist-open-data.s3.amazonaws.com/photos/707522166/medium.jpg,,"",,0,0,false,843,"Johnson St NE, Minneapolis, MN, US",44.9955673239,-93.2345648834,34420,,,,34420,,,false,,,,Agapostemon sericeus,Silky Striped Sweat Bee,Insecta,154682,Animalia,Arthropoda,Insecta,Hymenoptera,Halictidae,Halictinae,Halictini,Agapostemon,Agapostemon sericeus
386424772,9c8a8dba-43d3-4613-9164-8fb0919de807,2026-07-29 17:11:55,2026-07-29,2026-07-29 22:11:55 UTC,Central Time (US & Canada),9643869,zack96679,Zack Stout,2026-07-30 00:10:46 UTC,2026-07-30 00:10:47 UTC,needs_id,CC-BY-NC,https://www.inaturalist.org/observations/386424772,https://inaturalist-open-data.s3.amazonaws.com/photos/707522209/medium.jpg,,"",,0,0,false,843,"Summer St NE, Minneapolis, MN, US",44.9983213638,-93.2434594173,29269,,,,29269,,,false,,,,Hylaeus leptocephalus,Slender-faced Masked Bee,Insecta,199050,Animalia,Arthropoda,Insecta,Hymenoptera,Colletidae,Hylaeinae,,Hylaeus,Hylaeus leptocephalus
386998073,748a7db7-7a07-41b7-bff7-15374c320a85,2026-07-29 19:19:28,2026-07-29,2026-07-30 00:19:28 UTC,Central Time (US & Canada),9643869,zack96679,Zack Stout,2026-07-31 21:29:36 UTC,2026-08-08 01:52:57 UTC,research,CC-BY-NC,https://www.inaturalist.org/observations/386998073,https://inaturalist-open-data.s3.amazonaws.com/photos/712902560/medium.jpg,,"",,1,0,false,843,"Buchanan St NE, Minneapolis, MN, US",44.9971656917,-93.2402027109,10,,,,10,,,false,,,common ragweed,Ambrosia artemisiifolia,common ragweed,Plantae,53587,Plantae,Tracheophyta,Magnoliopsida,Asterales,Asteraceae,Asteroideae,Heliantheae,Ambrosia,Ambrosia artemisiifolia
388779367,d2cd89ca-6a87-489c-a599-86fe8bd20671,2026-08-06 08:57:31,2026-08-06,2026-08-06 15:57:31 UTC,Pacific Time (US & Canada),9643869,zack96679,Zack Stout,2026-08-06 16:02:35 UTC,2026-08-09 20:00:36 UTC,research,CC-BY-NC,https://www.inaturalist.org/observations/388779367,https://inaturalist-open-data.s3.amazonaws.com/photos/713996107/medium.jpg,,"",,2,0,false,843,"SE Powell Blvd, Portland, OR, US",45.4976063953,-122.6221158708,7123,,,,7123,,,false,,,Western Honey Bee,Apis mellifera,Western Honey Bee,Insecta,47219,Animalia,Arthropoda,Insecta,Hymenoptera,Apidae,Apinae,Apini,Apis,Apis mellifera
388908880,0565c91b-ae97-451c-9138-a766451b0cab,2026-08-06 16:42:54,2026-08-06,2026-08-06 23:42:54 UTC,Pacific Time (US & Canada),9643869,zack96679,Zack Stout,2026-08-07 01:00:29 UTC,2026-08-12 20:03:26 UTC,research,CC-BY-NC,https://www.inaturalist.org/observations/388908880,https://inaturalist-open-data.s3.amazonaws.com/photos/715724292/medium.jpg,,"",,1,0,false,843,"SE Kelly St, Portland, OR, US",45.4998348531,-122.6147622054,20707,,,,20707,,,false,,,Cross Orbweaver,Araneus diadematus,Cross Orbweaver,Arachnida,52628,Animalia,Arthropoda,Arachnida,Araneae,Araneidae,Araneinae,,Araneus,Araneus diadematus
388909059,91047667-2def-4620-8bee-94f823cc86ae,2026-08-06 15:29:58,2026-08-06,2026-08-06 22:29:58 UTC,Pacific Time (US & Canada),9643869,zack96679,Zack Stout,2026-08-07 01:01:11 UTC,2026-08-07 20:32:00 UTC,research,CC-BY-NC,https://www.inaturalist.org/observations/388909059,https://inaturalist-open-data.s3.amazonaws.com/photos/712342617/medium.jpg,,"",,1,0,false,843,"SE 56th Ave, Portland, OR, US",45.4926537399,-122.6057932047,22848,,,,22848,,,false,,,California Pyrausta Moth,Pyrausta californicalis,California Pyrausta Moth,Insecta,243984,Animalia,Arthropoda,Insecta,Lepidoptera,Crambidae,Pyraustinae,Pyraustini,Pyrausta,Pyrausta californicalis
389203464,dd7bf3a9-e730-4641-84b3-f066cc84f70f,2026-08-07 18:16:38,2026-08-07,2026-08-08 01:16:38 UTC,Pacific Time (US & Canada),9643869,zack96679,Zack Stout,2026-08-08 01:21:16 UTC,2026-08-12 20:03:13 UTC,research,CC-BY-NC,https://www.inaturalist.org/observations/389203464,https://inaturalist-open-data.s3.amazonaws.com/photos/715724181/medium.jpg,,"",,1,0,false,843,"CR-115B, Winchester, OR, US",43.2836006229,-123.3466300278,10651,,,,10651,,,false,,,European Woolcarder Bee,Anthidium manicatum,European Woolcarder Bee,Insecta,62453,Animalia,Arthropoda,Insecta,Hymenoptera,Megachilidae,Megachilinae,Anthidiini,Anthidium,Anthidium manicatum
389209155,6112e6a9-3662-47f7-9a3c-8fe0eb6ef769,2026-08-07 13:44:22,2026-08-07,2026-08-07 20:44:22 UTC,Pacific Time (US & Canada),9643869,zack96679,Zack Stout,2026-08-08 01:52:41 UTC,2026-08-12 20:15:47 UTC,needs_id,CC-BY-NC,https://www.inaturalist.org/observations/389209155,https://inaturalist-open-data.s3.amazonaws.com/photos/712902482/medium.jpg,,"",,1,0,false,843,"SE Division St, Portland, OR, US",45.5055841836,-122.5879139806,32256,,,,32256,,,false,,,Furrow Bees,Halictus,Furrow Bees,Insecta,57677,Animalia,Arthropoda,Insecta,Hymenoptera,Halictidae,Halictinae,Halictini,Halictus,
389209212,092ae876-e5b3-4bc5-9821-404c986a8027,2026-08-06 09:00:11,2026-08-06,2026-08-06 16:00:11 UTC,Pacific Time (US & Canada),9643869,zack96679,Zack Stout,2026-08-08 01:53:03 UTC,2026-08-12 20:15:05 UTC,research,CC-BY-NC,https://www.inaturalist.org/observations/389209212,https://inaturalist-open-data.s3.amazonaws.com/photos/713996088/medium.jpg,,"",,2,0,false,843,"SW 5th Ave, Portland, OR, US",45.5129662122,-122.6797026301,37839,,,,37839,,,false,,,Western Honey Bee,Apis mellifera,Western Honey Bee,Insecta,47219,Animalia,Arthropoda,Insecta,Hymenoptera,Apidae,Apinae,Apini,Apis,Apis mellifera
389227833,8f5e298b-0f6f-4767-b2ef-5ec17c8b24a9,2026-08-07 20:43:20,2026-08-07,2026-08-08 03:43:20 UTC,Pacific Time (US & Canada),9643869,zack96679,Zack Stout,2026-08-08 03:43:32 UTC,2026-08-09 14:46:42 UTC,research,CC-BY-NC,https://www.inaturalist.org/observations/389227833,https://inaturalist-open-data.s3.amazonaws.com/photos/712940473/medium.jpg,,"",,1,0,false,843,"Stewart Park Dr, Roseburg, OR, US",43.2163074664,-123.3724124998,4,,,,4,,open,false,,,purple loosestrife,Lythrum salicaria,purple loosestrife,Plantae,61321,Plantae,Tracheophyta,Magnoliopsida,Myrtales,Lythraceae,,,Lythrum,Lythrum salicaria
389516455,926a3da0-c958-49a2-9f91-c79b3fdf1130,2026-08-08 18:11:58,2026-08-08,2026-08-09 01:11:58 UTC,Pacific Time (US & Canada),9643869,zack96679,Zack Stout,2026-08-09 01:12:11 UTC,2026-08-09 01:12:12 UTC,needs_id,CC-BY-NC,https://www.inaturalist.org/observations/389516455,https://inaturalist-open-data.s3.amazonaws.com/photos/713496944/medium.jpg,,"",,0,0,false,843,"S Main St, Canyonville, OR, US",42.9251061527,-123.2775282342,43,,,,43,,,false,,,,Aesculus,buckeyes and horse-chestnuts,Plantae,53350,Plantae,Tracheophyta,Magnoliopsida,Sapindales,Sapindaceae,,,Aesculus,
389769772,c65224a3-d5a7-4927-9d9e-fe522332267b,2026-08-09 12:45:54,2026-08-09,2026-08-09 19:45:54 UTC,Pacific Time (US & Canada),9643869,zack96679,Zack Stout,2026-08-09 19:47:26 UTC,2026-08-09 20:53:22 UTC,research,CC-BY-NC,https://www.inaturalist.org/observations/389769772,https://inaturalist-open-data.s3.amazonaws.com/photos/713987291/medium.jpg,,"",,1,0,false,843,"Woodland Park Rd, Grants Pass, OR, US",42.3933432773,-123.4306792616,25158,,,,25158,,open,false,,,Hairy Woodpecker,Leuconotopicus villosus,Hairy Woodpecker,Aves,1651487,Animalia,Chordata,Aves,Piciformes,Picidae,Picinae,Melanerpini,Leuconotopicus,Leuconotopicus villosus
389769961,db11b443-a774-4e73-9a4a-9b55607a525b,2026-08-09 11:43:44,2026-08-09,2026-08-09 18:43:44 UTC,Pacific Time (US & Canada),9643869,zack96679,Zack Stout,2026-08-09 19:47:55 UTC,2026-08-21 01:32:01 UTC,needs_id,CC-BY-NC,https://www.inaturalist.org/observations/389769961,https://inaturalist-open-data.s3.amazonaws.com/photos/713987616/medium.jpg,,"",,2,0,false,843,"Jerome Prairie Rd, Grants Pass, OR, US",42.3895439143,-123.4349583022,41476,,,,41476,,,false,,,Dianthidium,Dianthidium,,Insecta,699096,Animalia,Arthropoda,Insecta,Hymenoptera,Megachilidae,Megachilinae,Anthidiini,Dianthidium,
389770121,4fc34cd7-cf86-4bb9-9607-acdff79e00c4,2026-08-09 09:46:40,2026-08-09,2026-08-09 16:46:40 UTC,Pacific Time (US & Canada),9643869,zack96679,Zack Stout,2026-08-09 19:48:21 UTC,2026-08-09 21:30:15 UTC,research,CC-BY-NC,https://www.inaturalist.org/observations/389770121,https://inaturalist-open-data.s3.amazonaws.com/photos/713987920/medium.jpg,,"",,1,0,false,843,"Jerome Prairie Rd, Grants Pass, OR, US",42.3879087176,-123.4267869968,39799,,,,39799,,open,false,,,Hairy Woodpecker,Leuconotopicus villosus,Hairy Woodpecker,Aves,1651487,Animalia,Chordata,Aves,Piciformes,Picidae,Picinae,Melanerpini,Leuconotopicus,Leuconotopicus villosus
389773882,b9917f83-19a1-4b03-a9c2-8ac4e3f4b9cb,2026-08-09 11:44:08,2026-08-09,2026-08-09 18:44:08 UTC,Pacific Time (US & Canada),9643869,zack96679,Zack Stout,2026-08-09 19:59:57 UTC,2026-08-09 19:59:58 UTC,needs_id,CC-BY-NC,https://www.inaturalist.org/observations/389773882,https://inaturalist-open-data.s3.amazonaws.com/photos/713995702/medium.jpg,,"",,0,0,false,843,"Sleepy Hollow Loop, Grants Pass, OR, US",42.3833399832,-123.4379047169,43592,,,,43592,,,false,,,,Neomochtherus willistoni,Williston Bladetail,Insecta,555896,Animalia,Arthropoda,Insecta,Diptera,Asilidae,Asilinae,Neomochtherini,Neomochtherus,Neomochtherus willistoni
389773914,ec78a0ed-9bb6-44c9-9d05-31fce0a77b47,2026-08-08 13:18:14,2026-08-08,2026-08-08 20:18:14 UTC,Pacific Time (US & Canada),9643869,zack96679,Zack Stout,2026-08-09 20:00:03 UTC,2026-08-09 20:00:04 UTC,needs_id,CC-BY-NC,https://www.inaturalist.org/observations/389773914,https://inaturalist-open-data.s3.amazonaws.com/photos/713995786/medium.jpg,,"",,0,0,false,843,"Idleyld Park, OR, US",43.1338928559,-122.1007588311,65767,,,,65767,,,false,,,,Aulacus,,Insecta,476075,Animalia,Arthropoda,Insecta,Hymenoptera,Aulacidae,,,Aulacus,
389773926,d1935640-8d7d-4415-9533-06302a7dfbe9,2026-08-06 11:26:58,2026-08-06,2026-08-06 18:26:58 UTC,Pacific Time (US & Canada),9643869,zack96679,Zack Stout,2026-08-09 20:00:06 UTC,2026-08-09 20:00:07 UTC,needs_id,CC-BY-NC,https://www.inaturalist.org/observations/389773926,https://inaturalist-open-data.s3.amazonaws.com/photos/713995816/medium.jpg,,"",,0,0,false,843,"SE Windsor Ct, Portland, OR, US",45.5044313224,-122.599238598,26434,,,,26434,,,false,,,,Albizia julibrissin,Persian silk tree,Plantae,47443,Plantae,Tracheophyta,Magnoliopsida,Fabales,Fabaceae,Mimosoideae,Ingeae,Albizia,Albizia julibrissin
389773938,faaa4891-a2c3-43fe-841d-35c8cf5fc94a,2026-08-06 12:31:41,2026-08-06,2026-08-06 19:31:41 UTC,Pacific Time (US & Canada),9643869,zack96679,Zack Stout,2026-08-09 20:00:09 UTC,2026-08-09 20:00:10 UTC,needs_id,CC-BY-NC,https://www.inaturalist.org/observations/389773938,https://inaturalist-open-data.s3.amazonaws.com/photos/713995847/medium.jpg,,"",,0,0,false,843,"SE Francis St, Portland, OR, US",45.4949750535,-122.6040425646,28052,,,,28052,,,false,,,,Eristalis arbustorum,Eurasian Drone Fly,Insecta,320786,Animalia,Arthropoda,Insecta,Diptera,Syrphidae,Eristalinae,Eristalini,Eristalis,Eristalis arbustorum
389773954,d2fbe930-3f75-4492-b879-17dbd1813fc5,2026-08-06 12:32:49,2026-08-06,2026-08-06 19:32:49 UTC,Pacific Time (US & Canada),9643869,zack96679,Zack Stout,2026-08-09 20:00:12 UTC,2026-08-09 20:58:43 UTC,research,CC-BY-NC,https://www.inaturalist.org/observations/389773954,https://inaturalist-open-data.s3.amazonaws.com/photos/713995877/medium.jpg,,"",,1,0,false,843,"SE Rhone St, Portland, OR, US",45.4962590695,-122.6063627643,19995,,,,19995,,,false,,,Western Honey Bee,Apis mellifera,Western Honey Bee,Insecta,47219,Animalia,Arthropoda,Insecta,Hymenoptera,Apidae,Apinae,Apini,Apis,Apis mellifera
389773968,ee906f62-2f18-421e-b92f-e556033ec22c,2026-08-06 12:36:13,2026-08-06,2026-08-06 19:36:13 UTC,Pacific Time (US & Canada),9643869,zack96679,Zack Stout,2026-08-09 20:00:14 UTC,2026-08-09 20:00:15 UTC,needs_id,CC-BY-NC,https://www.inaturalist.org/observations/389773968,https://inaturalist-open-data.s3.amazonaws.com/photos/713995897/medium.jpg,,"",,0,0,false,843,"SE Woodward St, Portland, OR, US",45.5014847966,-122.6032320636,20920,,,,20920,,open,false,,,,Bombus vosnesenskii,Yellow-faced Bumble Bee,Insecta,57689,Animalia,Arthropoda,Insecta,Hymenoptera,Apidae,Apinae,Bombini,Bombus,Bombus vosnesenskii
389773995,7ad1b781-f8af-49d9-a992-457180a0d916,2026-08-06 13:24:18,2026-08-06,2026-08-06 20:24:18 UTC,Pacific Time (US & Canada),9643869,zack96679,Zack Stout,2026-08-09 20:00:19 UTC,2026-08-09 20:00:20 UTC,needs_id,CC-BY-NC,https://www.inaturalist.org/observations/389773995,https://inaturalist-open-data.s3.amazonaws.com/photos/713995946/medium.jpg,,"",,0,0,false,843,"SE Powell Blvd, Portland, OR, US",45.4974992671,-122.5943251976,25439,,,,25439,,,false,,,,Araneus diadematus,Cross Orbweaver,Arachnida,52628,Animalia,Arthropoda,Arachnida,Araneae,Araneidae,Araneinae,,Araneus,Araneus diadematus
389774001,61d63a06-3eb4-4990-a378-df076ff19d8e,2026-08-06 13:25:07,2026-08-06,2026-08-06 20:25:07 UTC,Pacific Time (US & Canada),9643869,zack96679,Zack Stout,2026-08-09 20:00:21 UTC,2026-08-12 20:14:40 UTC,research,CC-BY-NC,https://www.inaturalist.org/observations/389774001,https://inaturalist-open-data.s3.amazonaws.com/photos/713995959/medium.jpg,,"",,1,0,false,843,"SE Foster Rd, Portland, OR, US",45.495426105,-122.6086218564,22860,,,,22860,,,false,,,Four-spurred Assassin Bug,Zelus tetracanthus,Four-spurred Assassin Bug,Insecta,334038,Animalia,Arthropoda,Insecta,Hemiptera,Reduviidae,Harpactorinae,Harpactorini,Zelus,Zelus tetracanthus
389774017,7844f47b-809c-46a2-b998-96888a1c6b0c,2026-08-06 15:30:54,2026-08-06,2026-08-06 22:30:54 UTC,Pacific Time (US & Canada),9643869,zack96679,Zack Stout,2026-08-09 20:00:26 UTC,2026-08-09 20:55:17 UTC,research,CC-BY-NC,https://www.inaturalist.org/observations/389774017,https://inaturalist-open-data.s3.amazonaws.com/photos/713996008/medium.jpg,,"",,1,0,false,843,"SE 51st Ave, Portland, OR, US",45.4995744822,-122.6097305811,37260,,,,37260,,,false,,,Western Honey Bee,Apis mellifera,Western Honey Bee,Insecta,47219,Animalia,Arthropoda,Insecta,Hymenoptera,Apidae,Apinae,Apini,Apis,Apis mellifera
389774018,f37562a8-15e5-4d58-a305-8f01989fbb5b,2026-08-06 14:19:10,2026-08-06,2026-08-06 21:19:10 UTC,Pacific Time (US & Canada),9643869,zack96679,Zack Stout,2026-08-09 20:00:26 UTC,2026-08-10 23:37:49 UTC,research,CC-BY-NC,https://www.inaturalist.org/observations/389774018,https://inaturalist-open-data.s3.amazonaws.com/photos/713996014/medium.jpg,,"",,1,0,false,843,"SE Bush St, Portland, OR, US",45.4957047868,-122.6062432069,10952,,,,10952,,,false,,,Rhododendron Leafhopper,Graphocephala fennahi,Rhododendron Leafhopper,Insecta,56918,Animalia,Arthropoda,Insecta,Hemiptera,Cicadellidae,Cicadellinae,Cicadellini,Graphocephala,Graphocephala fennahi
390467309,37cd54a9-aa85-4a12-bc29-011758c043c6,2026-08-11 20:08:19,2026-08-11,2026-08-12 03:08:19 UTC,Pacific Time (US & Canada),9643869,zack96679,Zack Stout,2026-08-12 03:08:30 UTC,2026-08-12 20:15:59 UTC,research,CC-BY-NC,https://www.inaturalist.org/observations/390467309,https://inaturalist-open-data.s3.amazonaws.com/photos/715364671/medium.jpg,,"",,1,0,false,843,"NW 54th St, Newport, OR, US",44.6769821483,-124.0622233824,8,,,,8,,,false,,,Giant Zigzag Montbretia,Crocosmia masoniorum × Crocosmia paniculata,Giant Zigzag Montbretia,Plantae,977901,Plantae,Tracheophyta,Liliopsida,Asparagales,Iridaceae,Crocoideae,Ixieae,Crocosmia,
390467475,4df565cf-d4a4-44da-abec-2b64840d576b,2026-08-11 20:09:17,2026-08-11,2026-08-12 03:09:17 UTC,Pacific Time (US & Canada),9643869,zack96679,Zack Stout,2026-08-12 03:09:28 UTC,2026-08-12 03:09:29 UTC,casual,CC-BY-NC,https://www.inaturalist.org/observations/390467475,https://inaturalist-open-data.s3.amazonaws.com/photos/715365136/medium.jpg,,"",,0,0,true,843,"NW 54th St, Newport, OR, US",44.6769525943,-124.062260634,3,,,,3,,,false,,,,Veronica speciosa,New Zealand hebe,Plantae,738802,Plantae,Tracheophyta,Magnoliopsida,Lamiales,Plantaginaceae,,Veroniceae,Veronica,Veronica speciosa
390617356,97abdf12-edd2-4a1b-9943-e37dbb9945fd,2026-08-12 10:21:08,2026-08-12,2026-08-12 17:21:08 UTC,Pacific Time (US & Canada),9643869,zack96679,Zack Stout,2026-08-12 17:30:34 UTC,2026-08-12 20:03:53 UTC,research,CC-BY-NC,https://www.inaturalist.org/observations/390617356,https://inaturalist-open-data.s3.amazonaws.com/photos/715724514/medium.jpg,,"",,1,0,false,843,"Otter Crest Loop, Otter Rock, OR, US",44.7480317239,-124.0542628356,9496,,,,9496,,,false,,,Horned Nudibranch,Hermissenda crassicornis,Horned Nudibranch,Mollusca,495552,Animalia,Mollusca,Gastropoda,Nudibranchia,Myrrhinidae,,,Hermissenda,Hermissenda crassicornis
390655194,bb47e998-0750-4dbb-bd70-1df7f6d5e866,2026-08-12 10:23:58,2026-08-12,2026-08-12 17:23:58 UTC,Pacific Time (US & Canada),9643869,zack96679,Zack Stout,2026-08-12 20:01:43 UTC,2026-08-16 19:07:40 UTC,research,CC-BY-NC,https://www.inaturalist.org/observations/390655194,https://inaturalist-open-data.s3.amazonaws.com/photos/715723490/medium.jpg,,"",,2,0,false,843,"NW 59th St, Newport, OR, US",44.6799876398,-124.0652914814,18410,,,,18410,,,false,,,Greater Punctate Sedgesitter,Platycheirus stegnus,Greater Punctate Sedgesitter,Insecta,498410,Animalia,Arthropoda,Insecta,Diptera,Syrphidae,Syrphinae,Bacchini,Platycheirus,Platycheirus stegnus
390655242,968acdd9-c0a9-4f5e-8adc-460f0d4775ee,2026-08-12 10:19:32,2026-08-12,2026-08-12 17:19:32 UTC,Pacific Time (US & Canada),9643869,zack96679,Zack Stout,2026-08-12 20:01:50 UTC,2026-08-12 20:57:04 UTC,research,CC-BY-NC,https://www.inaturalist.org/observations/390655242,https://inaturalist-open-data.s3.amazonaws.com/photos/715723531/medium.jpg,,"",,1,0,false,843,"Third St, Otter Rock, OR, US",44.7486510232,-124.0622871876,9654,,,,9654,,,false,,,White-and-orange-tipped Nudibranch,Antiopella fusca,White-and-orange-tipped Nudibranch,Mollusca,886884,Animalia,Mollusca,Gastropoda,Nudibranchia,Janolidae,,,Antiopella,Antiopella fusca
390655533,9720f9b5-cd9a-43ea-b499-70fff5c0b22e,2026-08-12 09:03:44,2026-08-12,2026-08-12 16:03:44 UTC,Pacific Time (US & Canada),9643869,zack96679,Zack Stout,2026-08-12 20:02:48 UTC,2026-08-22 16:34:51 UTC,research,CC-BY-NC,https://www.inaturalist.org/observations/390655533,https://inaturalist-open-data.s3.amazonaws.com/photos/715723968/medium.jpg,,"",,4,0,false,843,"Sea Crest Dr, Otter Rock, OR, US",44.7538525442,-124.0601918565,10151,,,,10151,,open,false,,,Salmon Shark,Lamna ditropis,Salmon Shark,Animalia,62739,Animalia,Chordata,Chondrichthyes,Lamniformes,Lamnidae,,,Lamna,Lamna ditropis
390655560,b0bf02bd-33a9-4725-964f-b816dfe662fe,2026-08-12 08:48:29,2026-08-12,2026-08-12 15:48:29 UTC,Pacific Time (US & Canada),9643869,zack96679,Zack Stout,2026-08-12 20:02:55 UTC,2026-08-12 20:57:06 UTC,research,CC-BY-NC,https://www.inaturalist.org/observations/390655560,https://inaturalist-open-data.s3.amazonaws.com/photos/715724023/medium.jpg,,"",,1,0,false,843,"B Ave, Otter Rock, OR, US",44.7483509305,-124.0615835408,4326,,,,4326,,,false,,,Nanaimo Dorid,Acanthodoris nanaimoensis,Nanaimo Dorid,Mollusca,47476,Animalia,Mollusca,Gastropoda,Nudibranchia,Acanthodorididae,,,Acanthodoris,Acanthodoris nanaimoensis
390655598,9e850443-9b06-491d-afd9-f20a7a95975b,2026-08-12 08:43:08,2026-08-12,2026-08-12 15:43:08 UTC,Pacific Time (US & Canada),9643869,zack96679,Zack Stout,2026-08-12 20:03:01 UTC,2026-08-12 20:57:08 UTC,research,CC-BY-NC,https://www.inaturalist.org/observations/390655598,https://inaturalist-open-data.s3.amazonaws.com/photos/715724077/medium.jpg,,"",,1,0,false,843,"First St, Otter Rock, OR, US",44.7469210551,-124.0582213852,6674,,,,6674,,,false,,,White-lined Dirona,Dirona albolineata,White-lined Dirona,Mollusca,47477,Animalia,Mollusca,Gastropoda,Nudibranchia,Dironidae,,,Dirona,Dirona albolineata
390655683,d57ab7a6-f5e4-47f5-9ee5-aae7499e0296,2026-08-07 18:07:53,2026-08-07,2026-08-08 01:07:53 UTC,Pacific Time (US & Canada),9643869,zack96679,Zack Stout,2026-08-12 20:03:18 UTC,2026-08-13 03:05:25 UTC,needs_id,CC-BY-NC,https://www.inaturalist.org/observations/390655683,https://inaturalist-open-data.s3.amazonaws.com/photos/715724218/medium.jpg,,"",,1,0,false,843,"Del Rio Rd, Roseburg, OR, US",43.2906053171,-123.355352769,32872,,,,32872,,,false,,,Cabbage White,Pieris rapae,Cabbage White,Insecta,55626,Animalia,Arthropoda,Insecta,Lepidoptera,Pieridae,Pierinae,Pierini,Pieris,Pieris rapae
390655715,b26b3aad-fd77-4f52-a89f-f4301d79a100,2026-08-06 12:36:44,2026-08-06,2026-08-06 19:36:44 UTC,Pacific Time (US & Canada),9643869,zack96679,Zack Stout,2026-08-12 20:03:30 UTC,2026-08-12 23:14:01 UTC,research,CC-BY-NC,https://www.inaturalist.org/observations/390655715,https://inaturalist-open-data.s3.amazonaws.com/photos/715724347/medium.jpg,,"",,1,0,false,843,"Portland, OR, US",45.4931094497,-122.5946854005,32281,,,,32281,,,false,,,Yellow-haired Sun Fly,Myathropa florea,Yellow-haired Sun Fly,Insecta,70211,Animalia,Arthropoda,Insecta,Diptera,Syrphidae,Eristalinae,Eristalini,Myathropa,Myathropa florea
390655749,63379893-83b9-42d9-92b5-47c8ba777b75,2026-08-06 14:12:07,2026-08-06,2026-08-06 21:12:07 UTC,Pacific Time (US & Canada),9643869,zack96679,Zack Stout,2026-08-12 20:03:41 UTC,2026-08-12 20:03:42 UTC,casual,CC-BY-NC,https://www.inaturalist.org/observations/390655749,https://inaturalist-open-data.s3.amazonaws.com/photos/715724413/medium.jpg,,"",,0,0,true,843,"NE Skidmore St, Portland, OR, US",45.5534321303,-122.5739723818,5,,,,5,,,false,,,,Sequoiadendron giganteum,giant sequoia,Plantae,59567,Plantae,Tracheophyta,Pinopsida,Pinales,Cupressaceae,Sequoioideae,,Sequoiadendron,Sequoiadendron giganteum
390655769,35a2fa53-81b1-4746-a5b3-8d1bec7261df,2026-08-12 10:15:42,2026-08-12,2026-08-12 17:15:42 UTC,Pacific Time (US & Canada),9643869,zack96679,Zack Stout,2026-08-12 20:03:47 UTC,2026-08-12 20:57:11 UTC,research,CC-BY-NC,https://www.inaturalist.org/observations/390655769,https://inaturalist-open-data.s3.amazonaws.com/photos/715724473/medium.jpg,,"",,1,0,false,843,"Third St, Otter Rock, OR, US",44.7481984051,-124.057841468,5224,,,,5224,,,false,,,White-and-orange-tipped Nudibranch,Antiopella fusca,White-and-orange-tipped Nudibranch,Mollusca,886884,Animalia,Mollusca,Gastropoda,Nudibranchia,Janolidae,,,Antiopella,Antiopella fusca
390656012,0adca36d-107f-44b8-b7d5-f17d5624dddb,2026-08-07 18:07:05,2026-08-07,2026-08-08 01:07:05 UTC,Pacific Time (US & Canada),9643869,zack96679,Zack Stout,2026-08-12 20:04:23 UTC,2026-08-13 02:54:36 UTC,research,CC-BY-NC,https://www.inaturalist.org/observations/390656012,https://inaturalist-open-data.s3.amazonaws.com/photos/715724734/medium.jpg,,"",,1,0,false,843,"Page Rd, Winchester, OR, US",43.2846096946,-123.3442744609,3328,,,,3328,,,false,,,Woodland Skipper,Ochlodes sylvanoides,Woodland Skipper,Insecta,59194,Animalia,Arthropoda,Insecta,Lepidoptera,Hesperiidae,Hesperiinae,Hesperiini,Ochlodes,Ochlodes sylvanoides
390656042,cddc4a59-e573-498e-844a-4058bc6e26f5,2026-08-08 15:05:49,2026-08-08,2026-08-08 22:05:49 UTC,Pacific Time (US & Canada),9643869,zack96679,Zack Stout,2026-08-12 20:04:30 UTC,2026-08-12 20:04:31 UTC,needs_id,CC-BY-NC,https://www.inaturalist.org/observations/390656042,https://inaturalist-open-data.s3.amazonaws.com/photos/715724784/medium.jpg,,"",,0,0,false,843,"Idleyld Park, OR, US",43.2570647116,-122.3380625065,51166,,,,51166,,,false,,,,Pterygota,Winged and Once-winged Insects,Insecta,184884,Animalia,Arthropoda,Insecta,,,,,,
390656068,5e66abaa-92ee-4719-8041-27de5a3e1c7c,2026-08-08 14:07:42,2026-08-08,2026-08-08 21:07:42 UTC,Pacific Time (US & Canada),9643869,zack96679,Zack Stout,2026-08-12 20:04:37 UTC,2026-08-12 20:04:38 UTC,needs_id,CC-BY-NC,https://www.inaturalist.org/observations/390656068,https://inaturalist-open-data.s3.amazonaws.com/photos/715724859/medium.jpg,,"",,0,0,false,843,"Idleyld Park, OR, US",43.1479835836,-122.3157832758,65940,,,,65940,,open,false,,,,Equisetum telmateia,great horsetail,Plantae,57030,Plantae,Tracheophyta,Polypodiopsida,Equisetales,Equisetaceae,,,Equisetum,Equisetum telmateia
390656108,ce9efb13-fa7e-42c8-bb7a-4836b8a7e322,2026-08-11 20:08:37,2026-08-11,2026-08-12 03:08:37 UTC,Pacific Time (US & Canada),9643869,zack96679,Zack Stout,2026-08-12 20:04:44 UTC,2026-08-12 20:04:45 UTC,needs_id,CC-BY-NC,https://www.inaturalist.org/observations/390656108,https://inaturalist-open-data.s3.amazonaws.com/photos/715724923/medium.jpg,,"",,0,0,false,843,"NW 54th St, Newport, OR, US",44.676961735,-124.0622509612,5,,,,5,,,false,,,,Veronica,speedwells,Plantae,51611,Plantae,Tracheophyta,Magnoliopsida,Lamiales,Plantaginaceae,,Veroniceae,Veronica,
390662103,a86f024e-cfe1-4d34-aed7-33f5786f49d1,2026-08-12 13:17:04,2026-08-12,2026-08-12 20:17:04 UTC,Pacific Time (US & Canada),9643869,zack96679,Zack Stout,2026-08-12 20:27:46 UTC,2026-08-12 23:22:04 UTC,research,CC-BY-NC,https://www.inaturalist.org/observations/390662103,https://inaturalist-open-data.s3.amazonaws.com/photos/715736641/medium.jpg,,"",,1,0,false,843,"OR, US",44.6692281017,-124.0689793383,26982,,,,26982,,,false,,,Variable Duskyface Fly,Melanostoma mellinum,Variable Duskyface Fly,Insecta,324344,Animalia,Arthropoda,Insecta,Diptera,Syrphidae,Syrphinae,Melanostomini,Melanostoma,Melanostoma mellinum
390662132,9660f818-7d1f-404a-b4c1-75f0e6116d49,2026-08-12 11:13:59,2026-08-12,2026-08-12 18:13:59 UTC,Pacific Time (US & Canada),9643869,zack96679,Zack Stout,2026-08-12 20:27:53 UTC,2026-08-16 19:08:20 UTC,needs_id,CC-BY-NC,https://www.inaturalist.org/observations/390662132,https://inaturalist-open-data.s3.amazonaws.com/photos/715736690/medium.jpg,,"",,1,0,false,843,"OR, US",44.6632782421,-124.0739875651,123617,,,,123617,,,false,,,"knotweeds, smartweeds, and waterpeppers",Persicaria,"knotweeds, smartweeds, and waterpeppers",Plantae,61787,Plantae,Tracheophyta,Magnoliopsida,Caryophyllales,Polygonaceae,Polygonoideae,Persicarieae,Persicaria,
390662153,7b58b2ea-d535-46b8-add4-ddae8d870331,2026-08-12 08:35:29,2026-08-12,2026-08-12 15:35:29 UTC,Pacific Time (US & Canada),9643869,zack96679,Zack Stout,2026-08-12 20:28:00 UTC,2026-08-13 21:20:27 UTC,research,CC-BY-NC,https://www.inaturalist.org/observations/390662153,https://inaturalist-open-data.s3.amazonaws.com/photos/715736728/medium.jpg,,"",,1,0,false,843,"Fourth St, Otter Rock, OR, US",44.7501192877,-124.056234963,18071,,,,18071,,,false,,,Giant Green Anemone,Anthopleura xanthogrammica,Giant Green Anemone,Animalia,51659,Animalia,Cnidaria,Anthozoa,Actiniaria,Actiniidae,,,Anthopleura,Anthopleura xanthogrammica
390662177,d7842ecc-4ca8-4197-b301-26e53aa61a76,2026-08-12 08:28:54,2026-08-12,2026-08-12 15:28:54 UTC,Pacific Time (US & Canada),9643869,zack96679,Zack Stout,2026-08-12 20:28:07 UTC,2026-08-13 21:20:26 UTC,research,CC-BY-NC,https://www.inaturalist.org/observations/390662177,https://inaturalist-open-data.s3.amazonaws.com/photos/715736769/medium.jpg,,"",,1,0,false,843,"Newport, OR, US",44.7337319961,-124.0476957035,16071,,,,16071,,,false,,,Aggregating Anemone,Anthopleura elegantissima,Aggregating Anemone,Animalia,52564,Animalia,Cnidaria,Anthozoa,Actiniaria,Actiniidae,,,Anthopleura,Anthopleura elegantissima
390683476,5e1ce7ae-1e98-45cd-a4bb-7a838f87eaaf,2026-08-12 08:59:10,2026-08-12,2026-08-12 15:59:10 UTC,Pacific Time (US & Canada),9643869,zack96679,Zack Stout,2026-08-12 21:57:51 UTC,2026-08-15 17:35:29 UTC,research,CC-BY-NC,https://www.inaturalist.org/observations/390683476,https://inaturalist-open-data.s3.amazonaws.com/photos/716870630/medium.jpg,,"",,1,0,false,843,"Sea Crest Dr, Otter Rock, OR, US",44.7573347264,-124.0641422503,11388,,,,11388,,,false,,,Aggregating Anemone,Anthopleura elegantissima,Aggregating Anemone,Animalia,52564,Animalia,Cnidaria,Anthozoa,Actiniaria,Actiniidae,,,Anthopleura,Anthopleura elegantissima
390696962,1000bceb-398b-4695-82d1-90e1446a07fc,2026-08-12 15:56:47,2026-08-12,2026-08-12 22:56:47 UTC,Pacific Time (US & Canada),9643869,zack96679,Zack Stout,2026-08-12 22:59:15 UTC,2026-08-12 23:13:13 UTC,needs_id,CC-BY-NC,https://www.inaturalist.org/observations/390696962,https://inaturalist-open-data.s3.amazonaws.com/photos/715804595/medium.jpg,,"",,0,0,false,843,"N Coast Hwy, Newport, OR, US",44.6753757343,-124.0605062632,4378,,,,4378,,open,false,,,Bumble Bees,Bombus vosnesenskii,Yellow-faced Bumble Bee,Insecta,57689,Animalia,Arthropoda,Insecta,Hymenoptera,Apidae,Apinae,Bombini,Bombus,Bombus vosnesenskii
390696977,16bdb695-14c5-4cf6-87fc-59ecf2758c94,2026-08-12 14:40:39,2026-08-12,2026-08-12 21:40:39 UTC,Pacific Time (US & Canada),9643869,zack96679,Zack Stout,2026-08-12 22:59:22 UTC,2026-08-14 22:19:13 UTC,needs_id,CC-BY-NC,https://www.inaturalist.org/observations/390696977,https://inaturalist-open-data.s3.amazonaws.com/photos/716871823/medium.jpg,,"",,0,0,false,843,"NW Cherokee Ln, Newport, OR, US",44.6711297525,-124.0592535351,8562,,,,8562,,,false,,,,Eristalis tenax,Common Drone Fly,Insecta,55719,Animalia,Arthropoda,Insecta,Diptera,Syrphidae,Eristalinae,Eristalini,Eristalis,Eristalis tenax
390987154,73401ca7-70ff-42f8-91e6-1b34e26075a1,2026-08-13 16:42:31,2026-08-13,2026-08-13 23:42:31 UTC,Pacific Time (US & Canada),9643869,zack96679,Zack Stout,2026-08-13 23:43:25 UTC,2026-08-13 23:44:01 UTC,research,CC-BY-NC,https://www.inaturalist.org/observations/390987154,https://inaturalist-open-data.s3.amazonaws.com/photos/716370327/medium.jpg,,"",,1,0,false,843,"NW Lighthouse Dr, Newport, OR, US",44.6762075349,-124.078182323,1688,,,,1688,,open,false,,,Pigeon Guillemot,Cepphus columba,Pigeon Guillemot,Aves,4415,Animalia,Chordata,Aves,Charadriiformes,Alcidae,,,Cepphus,Cepphus columba
391189978,14107a15-9542-4fcc-985c-efbb42092a76,2026-08-12 08:25:48,2026-08-12,2026-08-12 15:25:48 UTC,Pacific Time (US & Canada),9643869,zack96679,Zack Stout,2026-08-14 18:40:22 UTC,2026-08-14 21:48:21 UTC,research,CC-BY-NC,https://www.inaturalist.org/observations/391189978,https://inaturalist-open-data.s3.amazonaws.com/photos/716766440/medium.jpg,,"",,1,0,false,843,"Third St, Otter Rock, OR, US",44.7488801539,-124.0549288504,7243,,,,7243,,,false,,,Pacific Hairy Hermit Crab,Pagurus hirsutiusculus,Pacific Hairy Hermit Crab,Animalia,63219,Animalia,Arthropoda,Malacostraca,Decapoda,Paguridae,,,Pagurus,Pagurus hirsutiusculus
391189998,1a8cf127-f4fb-4643-8d19-dbd3d5e8e51d,2026-08-12 08:19:01,2026-08-12,2026-08-12 15:19:01 UTC,Pacific Time (US & Canada),9643869,zack96679,Zack Stout,2026-08-14 18:40:30 UTC,2026-08-14 19:57:02 UTC,research,CC-BY-NC,https://www.inaturalist.org/observations/391189998,https://inaturalist-open-data.s3.amazonaws.com/photos/716766496/medium.jpg,,"",,1,0,false,843,"OR, US",44.7434869852,-124.0605837829,2740,,,,2740,,,false,,,Ochre Sea Star,Pisaster ochraceus,Ochre Sea Star,Animalia,49699,Animalia,Echinodermata,Asteroidea,Forcipulatida,Asteriidae,,,Pisaster,Pisaster ochraceus
391240673,65f2641b-9423-4388-b4f7-6afa77fd2aae,2026-08-14 09:02:48,2026-08-14,2026-08-14 16:02:48 UTC,Pacific Time (US & Canada),9643869,zack96679,Zack Stout,2026-08-14 22:04:24 UTC,2026-08-16 18:17:21 UTC,research,CC-BY-NC,https://www.inaturalist.org/observations/391240673,https://inaturalist-open-data.s3.amazonaws.com/photos/716864811/medium.jpg,,"",,1,0,false,843,"OR, US",44.6663265017,-124.0631292856,22479,,,,22479,,,false,,,Gooseneck Barnacle,Pollicipes polymerus,Gooseneck Barnacle,Animalia,48786,Animalia,Arthropoda,Hexanauplia,Pollicipedomorpha,Pollicipedidae,,,Pollicipes,Pollicipes polymerus
391240716,88558dfc-b4a9-4fde-bc95-696a8c4470bb,2026-08-14 09:00:17,2026-08-14,2026-08-14 16:00:17 UTC,Pacific Time (US & Canada),9643869,zack96679,Zack Stout,2026-08-14 22:04:32 UTC,2026-08-16 19:10:02 UTC,research,CC-BY-NC,https://www.inaturalist.org/observations/391240716,https://inaturalist-open-data.s3.amazonaws.com/photos/716864882/medium.jpg,,"",,1,0,false,843,"Newport, OR, US",44.6538001583,-124.0595269264,18544,,,,18544,,,false,,,Pacific Hairy Hermit Crab,Pagurus hirsutiusculus,Pacific Hairy Hermit Crab,Animalia,63219,Animalia,Arthropoda,Malacostraca,Decapoda,Paguridae,,,Pagurus,Pagurus hirsutiusculus
391243442,eda8e77e-682f-4ee6-af8e-0ecd97084528,2026-08-12 08:59:30,2026-08-12,2026-08-12 15:59:30 UTC,Pacific Time (US & Canada),9643869,zack96679,Zack Stout,2026-08-14 22:16:47 UTC,2026-08-14 22:16:49 UTC,needs_id,CC-BY-NC,https://www.inaturalist.org/observations/391243442,https://inaturalist-open-data.s3.amazonaws.com/photos/716870698/medium.jpg,,"",,0,0,false,843,"Mahala Way, Otter Rock, OR, US",44.7443858646,-124.0552028785,11686,,,,11686,,,false,,,,Oligocottus maculosus,Tidepool Sculpin,Actinopterygii,67629,Animalia,Chordata,Actinopterygii,Perciformes,Psychrolutidae,,,Oligocottus,Oligocottus maculosus
391243632,b281f349-a66c-45b4-b69e-eba526baae9f,2026-08-12 08:07:03,2026-08-12,2026-08-12 15:07:03 UTC,Pacific Time (US & Canada),9643869,zack96679,Zack Stout,2026-08-14 22:17:50 UTC,2026-08-16 19:09:42 UTC,research,CC-BY-NC,https://www.inaturalist.org/observations/391243632,https://inaturalist-open-data.s3.amazonaws.com/photos/716871226/medium.jpg,,"",,1,0,false,843,"S Highway 101, Otter Rock, OR, US",44.7536249748,-124.0544009278,16596,,,,16596,,,false,,,Garden Montbretia,Crocosmia × crocosmiiflora,Garden Montbretia,Plantae,181465,Plantae,Tracheophyta,Liliopsida,Asparagales,Iridaceae,Crocoideae,Ixieae,Crocosmia,
391243679,2bfecf6d-1a4e-4c12-a516-ca23a88bf930,2026-08-13 20:06:22,2026-08-13,2026-08-14 03:06:22 UTC,Pacific Time (US & Canada),9643869,zack96679,Zack Stout,2026-08-14 22:18:06 UTC,2026-08-15 01:43:06 UTC,research,CC-BY-NC,https://www.inaturalist.org/observations/391243679,https://inaturalist-open-data.s3.amazonaws.com/photos/716871360/medium.jpg,,"",,1,0,false,843,"OR, US",44.6693677539,-124.0669734907,38853,,,,38853,,open,false,,,Turkey Vulture,Cathartes aura,Turkey Vulture,Aves,4756,Animalia,Chordata,Aves,Cathartiformes,Cathartidae,,,Cathartes,Cathartes aura
391243709,1f5209a9-e3c9-40fc-9925-fbab2cfdd9ff,2026-08-12 08:06:43,2026-08-12,2026-08-12 15:06:43 UTC,Pacific Time (US & Canada),9643869,zack96679,Zack Stout,2026-08-14 22:18:19 UTC,2026-08-14 22:18:20 UTC,needs_id,CC-BY-NC,https://www.inaturalist.org/observations/391243709,https://inaturalist-open-data.s3.amazonaws.com/photos/716871442/medium.jpg,,"",,0,0,false,843,"Gladys St, Otter Rock, OR, US",44.7450534501,-124.0607568609,7588,,,,7588,,,false,,,,Fuchsia magellanica,Hardy Fuchsia,Plantae,163112,Plantae,Tracheophyta,Magnoliopsida,Myrtales,Onagraceae,,,Fuchsia,Fuchsia magellanica
391243734,d8eabcfe-f09b-4e86-900e-71bb5275ae02,2026-08-12 07:10:21,2026-08-12,2026-08-12 14:10:21 UTC,Pacific Time (US & Canada),9643869,zack96679,Zack Stout,2026-08-14 22:18:27 UTC,2026-08-15 10:41:54 UTC,research,CC-BY-NC,https://www.inaturalist.org/observations/391243734,https://inaturalist-open-data.s3.amazonaws.com/photos/716871495/medium.jpg,,"",,1,0,false,843,"NE 59th St, Newport, OR, US",44.6808813629,-124.0539382244,28187,,,,28187,,open,false,,,Black Slug,Arion ater,Black Slug,Mollusca,82003,Animalia,Mollusca,Gastropoda,Stylommatophora,Arionidae,,,Arion,Arion ater
391243759,966e3971-fc30-4c04-b190-a24f745475b8,2026-08-12 07:01:09,2026-08-12,2026-08-12 14:01:09 UTC,Pacific Time (US & Canada),9643869,zack96679,Zack Stout,2026-08-14 22:18:36 UTC,2026-08-16 19:09:15 UTC,research,CC-BY-NC,https://www.inaturalist.org/observations/391243759,https://inaturalist-open-data.s3.amazonaws.com/photos/716871558/medium.jpg,,"",,2,0,false,843,"OR, US",44.6610850641,-124.0638728773,27478,,,,27478,,open,false,,,Braun's Giant Horsetail,Equisetum telmateia braunii,Braun's Giant Horsetail,Plantae,57032,Plantae,Tracheophyta,Polypodiopsida,Equisetales,Equisetaceae,,,Equisetum,Equisetum telmateia
391243796,5aba6c7a-5a01-4f8e-9766-755a2fb8cd0a,2026-08-12 07:01:17,2026-08-12,2026-08-12 14:01:17 UTC,Pacific Time (US & Canada),9643869,zack96679,Zack Stout,2026-08-14 22:18:43 UTC,2026-08-14 22:18:44 UTC,needs_id,CC-BY-NC,https://www.inaturalist.org/observations/391243796,https://inaturalist-open-data.s3.amazonaws.com/photos/716871616/medium.jpg,,"",,0,0,false,843,"NW Lighthouse Dr, Newport, OR, US",44.6761045965,-124.0725620088,5188,,,,5188,,open,false,,,,Pinus contorta,lodgepole pine,Plantae,48934,Plantae,Tracheophyta,Pinopsida,Pinales,Pinaceae,Pinoideae,,Pinus,Pinus contorta
391243825,d386fb92-63c1-4d91-9243-9ea17b6cd7e6,2026-08-12 06:35:53,2026-08-12,2026-08-12 13:35:53 UTC,Pacific Time (US & Canada),9643869,zack96679,Zack Stout,2026-08-14 22:18:50 UTC,2026-08-15 09:04:13 UTC,research,CC-BY-NC,https://www.inaturalist.org/observations/391243825,https://inaturalist-open-data.s3.amazonaws.com/photos/716871663/medium.jpg,,"",,3,0,false,843,"NW Lighthouse Dr, Newport, OR, US",44.6759320742,-124.0744714122,1915,,,,1915,,open,false,,,Coyote,Canis latrans,Coyote,Mammalia,42051,Animalia,Chordata,Mammalia,Carnivora,Canidae,,,Canis,Canis latrans
391243867,5413810b-99f7-4bb9-a13d-f32590eeaa85,2026-08-12 06:12:25,2026-08-12,2026-08-12 13:12:25 UTC,Pacific Time (US & Canada),9643869,zack96679,Zack Stout,2026-08-14 22:18:58 UTC,2026-08-15 03:21:49 UTC,research,CC-BY-NC,https://www.inaturalist.org/observations/391243867,https://inaturalist-open-data.s3.amazonaws.com/photos/716871709/medium.jpg,,"",,1,0,false,843,"NW Lighthouse Dr, Newport, OR, US",44.6761360448,-124.0715834031,3559,,,,3559,,open,false,,,fireweed,Chamaenerion angustifolium,fireweed,Plantae,564969,Plantae,Tracheophyta,Magnoliopsida,Myrtales,Onagraceae,,,Chamaenerion,Chamaenerion angustifolium
391243897,62c52f3b-83f3-4dd3-91f7-15ffb446a535,2026-08-12 07:13:20,2026-08-12,2026-08-12 14:13:20 UTC,Pacific Time (US & Canada),9643869,zack96679,Zack Stout,2026-08-14 22:19:05 UTC,2026-08-15 04:39:51 UTC,research,CC-BY-NC,https://www.inaturalist.org/observations/391243897,https://inaturalist-open-data.s3.amazonaws.com/photos/716871773/medium.jpg,,"",,1,0,false,843,"Newport, OR, US",44.6759734434,-124.0660484776,7683,,,,7683,,,false,,,ragwort,Jacobaea vulgaris,ragwort,Plantae,62498,Plantae,Tracheophyta,Magnoliopsida,Asterales,Asteraceae,Asteroideae,Senecioneae,Jacobaea,Jacobaea vulgaris
391243929,9137b069-f642-415a-a3e5-04ef4e547ebd,2026-08-13 17:48:19,2026-08-13,2026-08-14 00:48:19 UTC,Pacific Time (US & Canada),9643869,zack96679,Zack Stout,2026-08-14 22:19:18 UTC,2026-08-14 22:19:19 UTC,needs_id,CC-BY-NC,https://www.inaturalist.org/observations/391243929,https://inaturalist-open-data.s3.amazonaws.com/photos/716871868/medium.jpg,,"",,0,0,false,843,"OR, US",44.6813180897,-124.0751168475,26337,,,,26337,,,false,,,,Asteroideae,,Plantae,632790,Plantae,Tracheophyta,Magnoliopsida,Asterales,Asteraceae,Asteroideae,,,
391243949,215a66f9-7189-4553-aaa0-25158d7744e8,2026-08-13 16:49:56,2026-08-13,2026-08-13 23:49:56 UTC,Pacific Time (US & Canada),9643869,zack96679,Zack Stout,2026-08-14 22:19:25 UTC,2026-08-14 22:19:26 UTC,needs_id,CC-BY-NC,https://www.inaturalist.org/observations/391243949,https://inaturalist-open-data.s3.amazonaws.com/photos/716871916/medium.jpg,,"",,0,0,false,843,"NE Harney St, Newport, OR, US",44.6613939612,-124.0474332599,45458,,,,45458,,open,false,,,,Urile pelagicus,Pelagic Cormorant,Aves,1289605,Animalia,Chordata,Aves,Suliformes,Phalacrocoracidae,,,Urile,Urile pelagicus
391243990,4ffd978a-79a4-486f-815b-2c5674fb7084,2026-08-13 16:05:52,2026-08-13,2026-08-13 23:05:52 UTC,Pacific Time (US & Canada),9643869,zack96679,Zack Stout,2026-08-14 22:19:31 UTC,2026-08-20 08:01:45 UTC,research,CC-BY-NC,https://www.inaturalist.org/observations/391243990,https://inaturalist-open-data.s3.amazonaws.com/photos/716871955/medium.jpg,,"",,2,0,false,843,"NW 33rd Pl, Newport, OR, US",44.6618030406,-124.0551627924,31576,,,,31576,,,false,,,Black Oystercatcher,Haematopus bachmani,Black Oystercatcher,Aves,4838,Animalia,Chordata,Aves,Charadriiformes,Haematopodidae,,,Haematopus,Haematopus bachmani
391864675,f701e693-ade2-42dc-adb9-181a753d7de3,2026-08-13 15:06:34,2026-08-13,2026-08-13 22:06:34 UTC,Pacific Time (US & Canada),9643869,zack96679,Zack Stout,2026-08-16 20:07:30 UTC,2026-08-16 20:07:31 UTC,needs_id,CC-BY-NC,https://www.inaturalist.org/observations/391864675,https://inaturalist-open-data.s3.amazonaws.com/photos/718073525/medium.jpg,,"",,0,0,false,843,"Newport, OR, US",44.66431412,-124.0592894712,39745,,,,39745,,open,false,,,,Lathyrus latifolius,broad-leaved sweet pea,Plantae,61009,Plantae,Tracheophyta,Magnoliopsida,Fabales,Fabaceae,Faboideae,Fabeae,Lathyrus,Lathyrus latifolius
391866440,ff531d48-3052-4fd6-b0a1-dc0d28b26945,2026-08-13 15:07:01,2026-08-13,2026-08-13 22:07:01 UTC,Pacific Time (US & Canada),9643869,zack96679,Zack Stout,2026-08-16 20:12:03 UTC,2026-08-16 20:12:04 UTC,needs_id,CC-BY-NC,https://www.inaturalist.org/observations/391866440,https://inaturalist-open-data.s3.amazonaws.com/photos/718076516/medium.jpg,,"",,0,0,false,843,"NE Big Creek Rd, Newport, OR, US",44.6559946024,-124.046977405,19657,,,,19657,,,false,,,,Rosa luciae,Memorial Rose,Plantae,1045161,Plantae,Tracheophyta,Magnoliopsida,Rosales,Rosaceae,Rosoideae,Roseae,Rosa,Rosa luciae
391866467,92a439e2-f3eb-492a-b3f4-c9403005a17b,2026-08-13 15:05:35,2026-08-13,2026-08-13 22:05:35 UTC,Pacific Time (US & Canada),9643869,zack96679,Zack Stout,2026-08-16 20:12:08 UTC,2026-08-16 20:12:09 UTC,needs_id,CC-BY-NC,https://www.inaturalist.org/observations/391866467,https://inaturalist-open-data.s3.amazonaws.com/photos/718076580/medium.jpg,,"",,0,0,false,843,"NW 54th St, Newport, OR, US",44.6765289446,-124.064856921,9338,,,,9338,,,false,,,,Oenothera glazioviana,Large-flowered Evening-primrose,Plantae,62208,Plantae,Tracheophyta,Magnoliopsida,Myrtales,Onagraceae,,,Oenothera,Oenothera glazioviana
391914036,10d05ab9-31b3-4b1b-95dd-8d22f1b80516,2026-08-16 17:24:46,2026-08-16,2026-08-16 22:24:46 UTC,Central Time (US & Canada),9643869,zack96679,Zack Stout,2026-08-16 22:40:54 UTC,2026-08-16 22:40:55 UTC,needs_id,CC-BY-NC,https://www.inaturalist.org/observations/391914036,https://inaturalist-open-data.s3.amazonaws.com/photos/718166671/medium.jpg,,"",,0,0,false,843,"NE Fillmore St, Minneapolis, MN, US",45.0032627342,-93.2425076829,27676,,,,27676,,,false,,,,Syrphus rectus,Yellow-legged Flower Fly,Insecta,886220,Animalia,Arthropoda,Insecta,Diptera,Syrphidae,Syrphinae,Syrphini,Syrphus,Syrphus rectus
391914052,30ea0531-01eb-4e38-8025-b383470d2edc,2026-08-16 17:23:36,2026-08-16,2026-08-16 22:23:36 UTC,Central Time (US & Canada),9643869,zack96679,Zack Stout,2026-08-16 22:40:59 UTC,2026-08-16 22:41:00 UTC,needs_id,CC-BY-NC,https://www.inaturalist.org/observations/391914052,https://inaturalist-open-data.s3.amazonaws.com/photos/718166731/medium.jpg,,"",,0,0,false,843,"New Richland, MN, US",43.9024498844,-93.6561327624,236238,,,,236238,,,false,,,,Physocephala tibialis,common eastern physocephala,Insecta,133978,Animalia,Arthropoda,Insecta,Diptera,Conopidae,Conopinae,Physocephalini,Physocephala,Physocephala tibialis
391914070,17b6f53a-08a2-4909-bae9-4ffb9bd16b36,2026-08-16 17:22:56,2026-08-16,2026-08-16 22:22:56 UTC,Central Time (US & Canada),9643869,zack96679,Zack Stout,2026-08-16 22:41:05 UTC,2026-08-17 03:02:51 UTC,research,CC-BY-NC,https://www.inaturalist.org/observations/391914070,https://inaturalist-open-data.s3.amazonaws.com/photos/718166766/medium.jpg,,"",,1,0,false,843,"Golden Valley, MN, US",45.0040349405,-93.3197511807,206270,,,,206270,,open,false,,,Common Eastern Bumble Bee,Bombus impatiens,Common Eastern Bumble Bee,Insecta,118970,Animalia,Arthropoda,Insecta,Hymenoptera,Apidae,Apinae,Bombini,Bombus,Bombus impatiens
392111795,2905fb70-922c-4d3b-ab08-3d3a46ed46f2,2026-08-16 17:22:15,2026-08-16,2026-08-16 22:22:15 UTC,Central Time (US & Canada),9643869,zack96679,Zack Stout,2026-08-17 15:41:44 UTC,2026-08-17 15:41:46 UTC,needs_id,CC-BY-NC,https://www.inaturalist.org/observations/392111795,https://inaturalist-open-data.s3.amazonaws.com/photos/718551567/medium.jpg,,"",,0,0,false,843,"Monroe St NE, Minneapolis, MN, US",45.0024641208,-93.2525830504,91392,,,,91392,,,false,,,,Polistes fuscatus,Northern Paper Wasp,Insecta,52757,Animalia,Arthropoda,Insecta,Hymenoptera,Vespidae,Polistinae,Polistini,Polistes,Polistes fuscatus
392111874,dfebedd6-4520-4ac3-aea4-e0ce5418afb7,2026-08-16 17:21:19,2026-08-16,2026-08-16 22:21:19 UTC,Central Time (US & Canada),9643869,zack96679,Zack Stout,2026-08-17 15:42:04 UTC,2026-08-17 20:47:17 UTC,research,CC-BY-NC,https://www.inaturalist.org/observations/392111874,https://inaturalist-open-data.s3.amazonaws.com/photos/718551742/medium.jpg,,"",,1,0,false,843,"SE Seventh St, Minneapolis, MN, US",44.9881003759,-93.2452442629,39595,,,,39595,,open,false,,,Monarch,Danaus plexippus,Monarch,Insecta,48662,Animalia,Arthropoda,Insecta,Lepidoptera,Nymphalidae,Danainae,Danaini,Danaus,Danaus plexippus
392111901,ca92b7d0-5811-4102-bf4d-75b96098f210,2026-08-16 17:13:24,2026-08-16,2026-08-16 22:13:24 UTC,Central Time (US & Canada),9643869,zack96679,Zack Stout,2026-08-17 15:42:12 UTC,2026-08-17 15:42:13 UTC,needs_id,CC-BY-NC,https://www.inaturalist.org/observations/392111901,https://inaturalist-open-data.s3.amazonaws.com/photos/718551825/medium.jpg,,"",,0,0,false,843,"Humboldt Ave N, Minneapolis, MN, US",44.9903338508,-93.2981655779,205777,,,,205777,,,false,,,,Melanoplus femurrubrum,Red-legged Grasshopper,Insecta,129094,Animalia,Arthropoda,Insecta,Orthoptera,Acrididae,Melanoplinae,Melanoplini,Melanoplus,Melanoplus femurrubrum
392111967,eee2885f-274a-4e03-a3ea-28ba4c5de3bc,2026-08-16 17:11:36,2026-08-16,2026-08-16 22:11:36 UTC,Central Time (US & Canada),9643869,zack96679,Zack Stout,2026-08-17 15:42:28 UTC,2026-08-17 15:42:29 UTC,needs_id,CC-BY-NC,https://www.inaturalist.org/observations/392111967,https://inaturalist-open-data.s3.amazonaws.com/photos/718551959/medium.jpg,,"",,0,0,false,843,"Polk St NE, Minneapolis, MN, US",44.9954610976,-93.2441957765,18032,,,,18032,,,false,,,,Melanoplus differentialis,Differential Grasshopper,Insecta,63518,Animalia,Arthropoda,Insecta,Orthoptera,Acrididae,Melanoplinae,Melanoplini,Melanoplus,Melanoplus differentialis
392112195,0b6d5155-9274-41d5-8925-7a7403f21811,2026-08-16 17:09:42,2026-08-16,2026-08-16 22:09:42 UTC,Central Time (US & Canada),9643869,zack96679,Zack Stout,2026-08-17 15:43:22 UTC,2026-08-17 15:43:23 UTC,needs_id,CC-BY-NC,https://www.inaturalist.org/observations/392112195,https://inaturalist-open-data.s3.amazonaws.com/photos/718552392/medium.jpg,,"",,0,0,false,843,"NE 18th Ave, Minneapolis, MN, US",45.0057805863,-93.2432388057,47234,,,,47234,,open,false,,,,Bombus impatiens,Common Eastern Bumble Bee,Insecta,118970,Animalia,Arthropoda,Insecta,Hymenoptera,Apidae,Apinae,Bombini,Bombus,Bombus impatiens
392112541,a14e540a-b967-4337-a82c-5de2417ad2ea,2026-08-16 20:16:42,2026-08-16,2026-08-17 01:16:42 UTC,Central Time (US & Canada),9643869,zack96679,Zack Stout,2026-08-17 15:44:39 UTC,2026-08-18 16:40:01 UTC,needs_id,CC-BY-NC,https://www.inaturalist.org/observations/392112541,https://inaturalist-open-data.s3.amazonaws.com/photos/718552969/medium.jpg,,"",,1,0,false,843,"Broadway St NE, Minneapolis, MN, US",44.9986128499,-93.2487138274,40328,,,,40328,,,false,,,Calyptrate Flies,Calyptratae,Calyptrate Flies,Insecta,342767,Animalia,Arthropoda,Insecta,Diptera,,,,,
392126911,313c0c75-1868-4ff1-b348-dd6008cce5b8,2026-08-16 17:22:33,2026-08-16,2026-08-16 22:22:33 UTC,Central Time (US & Canada),9643869,zack96679,Zack Stout,2026-08-17 16:36:56 UTC,2026-08-17 16:36:57 UTC,needs_id,CC-BY-NC,https://www.inaturalist.org/observations/392126911,https://inaturalist-open-data.s3.amazonaws.com/photos/718579984/medium.jpg,,"",,0,0,false,843,"Winter St NE, Minneapolis, MN, US",44.9931481546,-93.2153837262,189934,,,,189934,,,false,,,,Polistes fuscatus,Northern Paper Wasp,Insecta,52757,Animalia,Arthropoda,Insecta,Hymenoptera,Vespidae,Polistinae,Polistini,Polistes,Polistes fuscatus
392126997,716a5f2c-9980-4647-a2be-ea7a94ecbb34,2026-08-16 17:08:54,2026-08-16,2026-08-16 22:08:54 UTC,Central Time (US & Canada),9643869,zack96679,Zack Stout,2026-08-17 16:37:14 UTC,2026-08-17 16:37:15 UTC,needs_id,CC-BY-NC,https://www.inaturalist.org/observations/392126997,https://inaturalist-open-data.s3.amazonaws.com/photos/718580128/medium.jpg,,"",,0,0,false,843,"Summer St NE, Minneapolis, MN, US",44.996947362,-93.2450115626,24551,,,,24551,,,false,,,,Empis clausa,,Insecta,502102,Animalia,Arthropoda,Insecta,Diptera,Empididae,Empidinae,Empidini,Empis,Empis clausa
392127035,183073a5-45ed-40e9-9af7-307438264870,2026-08-16 16:39:58,2026-08-16,2026-08-16 21:39:58 UTC,Central Time (US & Canada),9643869,zack96679,Zack Stout,2026-08-17 16:37:22 UTC,2026-08-17 16:37:22 UTC,needs_id,CC-BY-NC,https://www.inaturalist.org/observations/392127035,https://inaturalist-open-data.s3.amazonaws.com/photos/718580204/medium.jpg,,"",,0,0,false,843,"14th Ave NE, Minneapolis, MN, US",45.0019901112,-93.250648026,43423,,,,43423,,,false,,,,Isodontia mexicana,Mexican Grass-carrying Wasp,Insecta,203340,Animalia,Arthropoda,Insecta,Hymenoptera,Sphecidae,Sphecinae,Sphecini,Isodontia,Isodontia mexicana
392127106,84471892-43ed-432c-9be3-692dd389f0df,2026-08-16 20:10:05,2026-08-16,2026-08-17 01:10:05 UTC,Central Time (US & Canada),9643869,zack96679,Zack Stout,2026-08-17 16:37:33 UTC,2026-08-21 01:32:23 UTC,research,CC-BY-NC,https://www.inaturalist.org/observations/392127106,https://inaturalist-open-data.s3.amazonaws.com/photos/718580290/medium.jpg,,"",,1,0,false,843,"Fifth St NE, Minneapolis, MN, US",45.0057107366,-93.2603825326,65391,,,,65391,,,false,,,cutleaf coneflower,Rudbeckia laciniata,cutleaf coneflower,Plantae,116735,Plantae,Tracheophyta,Magnoliopsida,Asterales,Asteraceae,Asteroideae,Heliantheae,Rudbeckia,Rudbeckia laciniata
392127542,fc034fc7-0bf2-45f5-b68d-303d08071124,2026-08-16 20:10:42,2026-08-16,2026-08-17 01:10:42 UTC,Central Time (US & Canada),9643869,zack96679,Zack Stout,2026-08-17 16:39:02 UTC,2026-08-17 16:39:03 UTC,needs_id,CC-BY-NC,https://www.inaturalist.org/observations/392127542,https://inaturalist-open-data.s3.amazonaws.com/photos/718581007/medium.jpg,,"",,0,0,false,843,"NE Kennedy St, Minneapolis, MN, US",44.9962777435,-93.2309849842,62243,,,,62243,,,false,,,,Silphium perfoliatum,cup plant,Plantae,81599,Plantae,Tracheophyta,Magnoliopsida,Asterales,Asteraceae,Asteroideae,Heliantheae,Silphium,Silphium perfoliatum
392127928,676f18af-2323-4311-82a7-80b97993bcce,2026-08-17 11:35:09,2026-08-17,2026-08-17 16:35:09 UTC,Central Time (US & Canada),9643869,zack96679,Zack Stout,2026-08-17 16:40:20 UTC,2026-08-17 16:40:21 UTC,needs_id,CC-BY-NC,https://www.inaturalist.org/observations/392127928,https://inaturalist-open-data.s3.amazonaws.com/photos/718581745/medium.jpg,,"",,0,0,false,843,"Grand St NE, Minneapolis, MN, US",45.0072140332,-93.2703930427,83456,,,,83456,,,false,,,,Archytas apicifer,,Insecta,135266,Animalia,Arthropoda,Insecta,Diptera,Tachinidae,Tachininae,Tachinini,Archytas,Archytas apicifer
392128913,ba13a7c6-6016-4da6-bfdd-9795fd202a0f,2026-08-17 11:17:24,2026-08-17,2026-08-17 16:17:24 UTC,Central Time (US & Canada),9643869,zack96679,Zack Stout,2026-08-17 16:43:47 UTC,2026-08-17 16:43:48 UTC,needs_id,CC-BY-NC,https://www.inaturalist.org/observations/392128913,https://inaturalist-open-data.s3.amazonaws.com/photos/718583730/medium.jpg,,"",,0,0,false,843,"Adams St NE, Minneapolis, MN, US",45.0041308446,-93.2563098741,100423,,,,100423,,,false,,,,Trichopoda pennipes,Swift Feather-legged Fly,Insecta,133764,Animalia,Arthropoda,Insecta,Diptera,Tachinidae,Phasiinae,Gymnosomatini,Trichopoda,Trichopoda pennipes
392129883,c9243f00-cbe5-4f15-b79a-fb7514c95696,2026-08-17 11:08:58,2026-08-17,2026-08-17 16:08:58 UTC,Central Time (US & Canada),9643869,zack96679,Zack Stout,2026-08-17 16:47:09 UTC,2026-08-17 16:47:10 UTC,needs_id,CC-BY-NC,https://www.inaturalist.org/observations/392129883,https://inaturalist-open-data.s3.amazonaws.com/photos/718585497/medium.jpg,,"",,0,0,false,843,"Roseville, MN, US",45.0046902631,-93.2028194492,107684,,,,107684,,,false,,,,Polistes fuscatus,Northern Paper Wasp,Insecta,52757,Animalia,Arthropoda,Insecta,Hymenoptera,Vespidae,Polistinae,Polistini,Polistes,Polistes fuscatus
392130338,9ea3e7b2-fde3-480d-b197-85cbf4bbbfb8,2026-08-17 11:04:18,2026-08-17,2026-08-17 16:04:18 UTC,Central Time (US & Canada),9643869,zack96679,Zack Stout,2026-08-17 16:48:53 UTC,2026-08-17 21:13:17 UTC,research,CC-BY-NC,https://www.inaturalist.org/observations/392130338,https://inaturalist-open-data.s3.amazonaws.com/photos/718586541/medium.jpg,,"",,1,0,false,843,"Minneapolis, MN, US",45.0214937192,-93.2554781201,72852,,,,72852,,,false,,,Four-lined Hornet Fly,Spilomyia sayi,Four-lined Hornet Fly,Insecta,328087,Animalia,Arthropoda,Insecta,Diptera,Syrphidae,Eristalinae,Milesiini,Spilomyia,Spilomyia sayi
392130402,e76f452a-2d6f-4364-8e6d-1ab7e8d6480a,2026-08-17 11:03:42,2026-08-17,2026-08-17 16:03:42 UTC,Central Time (US & Canada),9643869,zack96679,Zack Stout,2026-08-17 16:49:04 UTC,2026-08-17 16:49:05 UTC,needs_id,CC-BY-NC,https://www.inaturalist.org/observations/392130402,https://inaturalist-open-data.s3.amazonaws.com/photos/718586654/medium.jpg,,"",,0,0,false,843,"Sixth St NE, Minneapolis, MN, US",45.0096469987,-93.2585906565,93328,,,,93328,,,false,,,,Bombus,Bumble Bees,Insecta,52775,Animalia,Arthropoda,Insecta,Hymenoptera,Apidae,Apinae,Bombini,Bombus,
392130473,24a6c67f-16b6-4258-a8b4-c1dae5c289a4,2026-08-16 17:22:02,2026-08-16,2026-08-16 22:22:02 UTC,Central Time (US & Canada),9643869,zack96679,Zack Stout,2026-08-17 16:49:22 UTC,2026-08-17 16:49:24 UTC,needs_id,CC-BY-NC,https://www.inaturalist.org/observations/392130473,https://inaturalist-open-data.s3.amazonaws.com/photos/718586836/medium.jpg,,"",,0,0,false,843,"Soo Ave N, Minneapolis, MN, US",45.0307300088,-93.2851823045,184779,,,,184779,,,false,,,,Ancistrocerus capra,lobed mason wasp,Insecta,1510820,Animalia,Arthropoda,Insecta,Hymenoptera,Vespidae,Eumeninae,,Ancistrocerus,Ancistrocerus capra
392130511,6fcf994d-2fa9-419c-b55a-3ecd141d002d,2026-08-16 20:08:05,2026-08-16,2026-08-17 01:08:05 UTC,Central Time (US & Canada),9643869,zack96679,Zack Stout,2026-08-17 16:49:33 UTC,2026-08-17 17:52:10 UTC,needs_id,CC-BY-NC,https://www.inaturalist.org/observations/392130511,https://inaturalist-open-data.s3.amazonaws.com/photos/718622045/medium.jpg,,"",,0,0,false,843,"Fourth St NE, Minneapolis, MN, US",45.0054985983,-93.2616668499,46620,,,,46620,,,false,,,,Amaryllidaceae,"amaryllis, onions, and allies",Plantae,55849,Plantae,Tracheophyta,Liliopsida,Asparagales,Amaryllidaceae,,,,
392148092,a452c3ff-2d0f-4c32-933e-9ff49fa9df53,2026-08-17 11:15:24,2026-08-17,2026-08-17 16:15:24 UTC,Central Time (US & Canada),9643869,zack96679,Zack Stout,2026-08-17 17:52:15 UTC,2026-08-17 17:52:15 UTC,needs_id,CC-BY-NC,https://www.inaturalist.org/observations/392148092,https://inaturalist-open-data.s3.amazonaws.com/photos/718622088/medium.jpg,,"",,0,0,false,843,"Lowry Ave NE, Minneapolis, MN, US",45.0130982828,-93.2465235439,65660,,,,65660,,,false,,,,Polistes fuscatus,Northern Paper Wasp,Insecta,52757,Animalia,Arthropoda,Insecta,Hymenoptera,Vespidae,Polistinae,Polistini,Polistes,Polistes fuscatus
392148122,b8b344a4-22fd-4de4-b6c2-87a18d79ab05,2026-08-17 11:14:41,2026-08-17,2026-08-17 16:14:41 UTC,Central Time (US & Canada),9643869,zack96679,Zack Stout,2026-08-17 17:52:21 UTC,2026-08-17 17:52:22 UTC,needs_id,CC-BY-NC,https://www.inaturalist.org/observations/392148122,https://inaturalist-open-data.s3.amazonaws.com/photos/718622139/medium.jpg,,"",,0,0,false,843,"Second St NE, Minneapolis, MN, US",45.0058865887,-93.2665865029,71000,,,,71000,,,false,,,,Bombus,Bumble Bees,Insecta,52775,Animalia,Arthropoda,Insecta,Hymenoptera,Apidae,Apinae,Bombini,Bombus,
392148148,db976e38-98b8-448a-9f33-25887348ade0,2026-08-17 11:13:24,2026-08-17,2026-08-17 16:13:24 UTC,Central Time (US & Canada),9643869,zack96679,Zack Stout,2026-08-17 17:52:27 UTC,2026-08-17 17:52:28 UTC,needs_id,CC-BY-NC,https://www.inaturalist.org/observations/392148148,https://inaturalist-open-data.s3.amazonaws.com/photos/718622198/medium.jpg,,"",,0,0,false,843,"Broadway St NE, Minneapolis, MN, US",44.9985932998,-93.2388866697,26571,,,,26571,,,false,,,,Polistes fuscatus,Northern Paper Wasp,Insecta,52757,Animalia,Arthropoda,Insecta,Hymenoptera,Vespidae,Polistinae,Polistini,Polistes,Polistes fuscatus
392148190,f3a50978-beb4-44c1-b7af-d1510dfd1b1a,2026-08-17 11:11:31,2026-08-17,2026-08-17 16:11:31 UTC,Central Time (US & Canada),9643869,zack96679,Zack Stout,2026-08-17 17:52:34 UTC,2026-08-17 17:52:35 UTC,needs_id,CC-BY-NC,https://www.inaturalist.org/observations/392148190,https://inaturalist-open-data.s3.amazonaws.com/photos/718622261/medium.jpg,,"",,0,0,false,843,"Broadway St NE, Minneapolis, MN, US",44.9988677896,-93.2439639655,18540,,,,18540,,,false,,,,Allium tuberosum,Garlic Chives,Plantae,122343,Plantae,Tracheophyta,Liliopsida,Asparagales,Amaryllidaceae,Allioideae,Allieae,Allium,Allium tuberosum
392148200,f355f24e-e666-41d2-82d5-d7175826e640,2026-08-17 11:05:51,2026-08-17,2026-08-17 16:05:51 UTC,Central Time (US & Canada),9643869,zack96679,Zack Stout,2026-08-17 17:52:40 UTC,2026-08-17 17:52:41 UTC,needs_id,CC-BY-NC,https://www.inaturalist.org/observations/392148200,https://inaturalist-open-data.s3.amazonaws.com/photos/718622314/medium.jpg,,"",,0,0,false,843,"Central Ave NE, Minneapolis, MN, US",45.0011379719,-93.246495764,57792,,,,57792,,,false,,,,Melanoplus differentialis,Differential Grasshopper,Insecta,63518,Animalia,Arthropoda,Insecta,Orthoptera,Acrididae,Melanoplinae,Melanoplini,Melanoplus,Melanoplus differentialis
392148233,58376ca2-803b-476f-94d7-f0bb49b77852,2026-08-17 11:03:26,2026-08-17,2026-08-17 16:03:26 UTC,Central Time (US & Canada),9643869,zack96679,Zack Stout,2026-08-17 17:52:46 UTC,2026-08-17 17:52:47 UTC,needs_id,CC-BY-NC,https://www.inaturalist.org/observations/392148233,https://inaturalist-open-data.s3.amazonaws.com/photos/718622350/medium.jpg,,"",,0,0,false,843,"16th Ave SE, Minneapolis, MN, US",44.9920516606,-93.2300937619,53853,,,,53853,,,false,,,,Agapostemon,Striped Sweat Bees,Insecta,50086,Animalia,Arthropoda,Insecta,Hymenoptera,Halictidae,Halictinae,Halictini,Agapostemon,
392148266,791206a1-955c-420c-9105-7bdf0a9672dc,2026-08-17 11:02:51,2026-08-17,2026-08-17 16:02:51 UTC,Central Time (US & Canada),9643869,zack96679,Zack Stout,2026-08-17 17:52:52 UTC,2026-08-19 16:33:02 UTC,needs_id,CC-BY-NC,https://www.inaturalist.org/observations/392148266,https://inaturalist-open-data.s3.amazonaws.com/photos/718622401/medium.jpg,,"",,0,0,false,843,"NE 6th St, Minneapolis, MN, US",45.0103685504,-93.2591376537,79069,,,,79069,,,false,,,,Bombus,Bumble Bees,Insecta,52775,Animalia,Arthropoda,Insecta,Hymenoptera,Apidae,Apinae,Bombini,Bombus,
392148302,d136e9d0-0418-446f-89f7-595d85737e07,2026-08-17 11:02:14,2026-08-17,2026-08-17 16:02:14 UTC,Central Time (US & Canada),9643869,zack96679,Zack Stout,2026-08-17 17:52:59 UTC,2026-08-17 17:53:01 UTC,needs_id,CC-BY-NC,https://www.inaturalist.org/observations/392148302,https://inaturalist-open-data.s3.amazonaws.com/photos/718622462/medium.jpg,,"",,0,0,false,843,"Lowry Ave NE, Minneapolis, MN, US",45.0131639589,-93.2452898443,57866,,,,57866,,,false,,,,Isodontia mexicana,Mexican Grass-carrying Wasp,Insecta,203340,Animalia,Arthropoda,Insecta,Hymenoptera,Sphecidae,Sphecinae,Sphecini,Isodontia,Isodontia mexicana
392148353,540e19df-c2d5-430f-ba78-d0adc227c862,2026-08-17 11:01:53,2026-08-17,2026-08-17 16:01:53 UTC,Central Time (US & Canada),9643869,zack96679,Zack Stout,2026-08-17 17:53:08 UTC,2026-08-17 17:53:09 UTC,needs_id,CC-BY-NC,https://www.inaturalist.org/observations/392148353,https://inaturalist-open-data.s3.amazonaws.com/photos/718622505/medium.jpg,,"",,0,0,false,843,"Harrison St NE, Minneapolis, MN, US",44.9951888544,-93.247146997,42625,,,,42625,,,false,,,,Colletes,Cellophane Bees,Insecta,127741,Animalia,Arthropoda,Insecta,Hymenoptera,Colletidae,Colletinae,,Colletes,
392148386,ba3d5b97-2f4b-4c45-89b1-0d00b5efc3b8,2026-08-17 11:01:17,2026-08-17,2026-08-17 16:01:17 UTC,Central Time (US & Canada),9643869,zack96679,Zack Stout,2026-08-17 17:53:15 UTC,2026-08-17 23:49:43 UTC,research,CC-BY-NC,https://www.inaturalist.org/observations/392148386,https://inaturalist-open-data.s3.amazonaws.com/photos/718622553/medium.jpg,,"",,1,0,false,843,"Washington St NE, Minneapolis, MN, US",45.0028790989,-93.2579790818,70121,,,,70121,,,false,,,lobed mason wasp,Ancistrocerus capra,lobed mason wasp,Insecta,1510820,Animalia,Arthropoda,Insecta,Hymenoptera,Vespidae,Eumeninae,,Ancistrocerus,Ancistrocerus capra
392148418,735850ca-b5f2-476b-9382-f32086f64d49,2026-08-17 11:00:16,2026-08-17,2026-08-17 16:00:16 UTC,Central Time (US & Canada),9643869,zack96679,Zack Stout,2026-08-17 17:53:22 UTC,2026-08-19 16:32:56 UTC,research,CC-BY-NC,https://www.inaturalist.org/observations/392148418,https://inaturalist-open-data.s3.amazonaws.com/photos/718622617/medium.jpg,,"",,1,0,false,843,"Central Ave NE, Minneapolis, MN, US",45.006071198,-93.2461629377,69420,,,,69420,,open,false,,,Common Eastern Bumble Bee,Bombus impatiens,Common Eastern Bumble Bee,Insecta,118970,Animalia,Arthropoda,Insecta,Hymenoptera,Apidae,Apinae,Bombini,Bombus,Bombus impatiens
392148454,6dd35b38-2954-429c-9cf2-f0d83109498b,2026-08-17 10:59:49,2026-08-17,2026-08-17 15:59:49 UTC,Central Time (US & Canada),9643869,zack96679,Zack Stout,2026-08-17 17:53:28 UTC,2026-08-17 17:53:29 UTC,needs_id,CC-BY-NC,https://www.inaturalist.org/observations/392148454,https://inaturalist-open-data.s3.amazonaws.com/photos/718622654/medium.jpg,,"",,0,0,false,843,"Harrison St NE, Minneapolis, MN, US",44.9924325518,-93.2483531931,57047,,,,57047,,,false,,,,Bombus,Bumble Bees,Insecta,52775,Animalia,Arthropoda,Insecta,Hymenoptera,Apidae,Apinae,Bombini,Bombus,
392148480,8891f7ae-a6ae-4a01-8f05-4923692a19e2,2026-08-17 10:59:21,2026-08-17,2026-08-17 15:59:21 UTC,Central Time (US & Canada),9643869,zack96679,Zack Stout,2026-08-17 17:53:34 UTC,2026-08-17 17:53:35 UTC,needs_id,CC-BY-NC,https://www.inaturalist.org/observations/392148480,https://inaturalist-open-data.s3.amazonaws.com/photos/718622700/medium.jpg,,"",,0,0,false,843,"Washington St NE, Minneapolis, MN, US",45.0026524314,-93.2578347128,68722,,,,68722,,open,false,,,,Bombus impatiens,Common Eastern Bumble Bee,Insecta,118970,Animalia,Arthropoda,Insecta,Hymenoptera,Apidae,Apinae,Bombini,Bombus,Bombus impatiens
392148504,6b755349-91b2-4f67-82f9-fd87b3275574,2026-08-17 10:59:02,2026-08-17,2026-08-17 15:59:02 UTC,Central Time (US & Canada),9643869,zack96679,Zack Stout,2026-08-17 17:53:40 UTC,2026-08-17 17:53:41 UTC,needs_id,CC-BY-NC,https://www.inaturalist.org/observations/392148504,https://inaturalist-open-data.s3.amazonaws.com/photos/718622745/medium.jpg,,"",,0,0,false,843,"15th Ave NE, Minneapolis, MN, US",45.0039451215,-93.2510192272,38016,,,,38016,,,false,,,,Archytas apicifer,,Insecta,135266,Animalia,Arthropoda,Insecta,Diptera,Tachinidae,Tachininae,Tachinini,Archytas,Archytas apicifer
392148568,bf3fea59-4683-47de-a965-adaa99f7fb6a,2026-08-17 09:28:59,2026-08-17,2026-08-17 14:28:59 UTC,Central Time (US & Canada),9643869,zack96679,Zack Stout,2026-08-17 17:53:52 UTC,2026-08-17 20:38:41 UTC,research,CC-BY-NC,https://www.inaturalist.org/observations/392148568,https://inaturalist-open-data.s3.amazonaws.com/photos/718622796/medium.jpg,,"",,2,0,false,843,"Seventh St NE, Minneapolis, MN, US",44.9932069487,-93.2524080386,67133,,,,67133,,open,false,,,Migratory Monarch,Danaus plexippus plexippus,Migratory Monarch,Insecta,235550,Animalia,Arthropoda,Insecta,Lepidoptera,Nymphalidae,Danainae,Danaini,Danaus,Danaus plexippus
392534906,e34c9656-2210-4e13-861a-f716e535b16e,2026-08-18 19:19:12,2026-08-18,2026-08-19 00:19:12 UTC,Central Time (US & Canada),9643869,zack96679,Zack Stout,2026-08-19 00:59:32 UTC,2026-08-19 18:20:02 UTC,needs_id,CC-BY-NC,https://www.inaturalist.org/observations/392534906,https://inaturalist-open-data.s3.amazonaws.com/photos/719383350/medium.jpg,,"",,1,0,false,843,"Pierce St NE, Minneapolis, MN, US",44.997686627,-93.2415112668,33404,,,,33404,,,false,,,Entelegyne Spiders,Entelegynae,Entelegyne Spiders,Arachnida,342614,Animalia,Arthropoda,Arachnida,Araneae,,,,,
392534931,bf70e038-5ad0-4e5c-b861-bbf798ed7132,2026-08-18 19:19:01,2026-08-18,2026-08-19 00:19:01 UTC,Central Time (US & Canada),9643869,zack96679,Zack Stout,2026-08-19 00:59:41 UTC,2026-08-19 00:59:42 UTC,needs_id,CC-BY-NC,https://www.inaturalist.org/observations/392534931,https://inaturalist-open-data.s3.amazonaws.com/photos/719383399/medium.jpg,,"",,0,0,false,843,"13th Ave NE, Minneapolis, MN, US",45.0003671094,-93.2466671425,23169,,,,23169,,,false,,,,Episyron biguttatus,Two-spotted Spider Wasp,Insecta,203305,Animalia,Arthropoda,Insecta,Hymenoptera,Pompilidae,Pompilinae,Episyronini,Episyron,Episyron biguttatus
392534964,cf4f5253-57ad-4b3e-befe-afa99eeeba88,2026-08-18 18:15:23,2026-08-18,2026-08-18 23:15:23 UTC,Central Time (US & Canada),9643869,zack96679,Zack Stout,2026-08-19 00:59:53 UTC,2026-08-19 14:58:11 UTC,needs_id,CC-BY-NC,https://www.inaturalist.org/observations/392534964,https://inaturalist-open-data.s3.amazonaws.com/photos/719641665/medium.jpg,,"",,0,0,false,843,"E Hennepin Ave, Minneapolis, MN, US",44.9881913487,-93.2561890636,35140,,,,35140,,,false,,,,Nephrotoma ferruginea,Ferruginous Tiger Crane Fly,Insecta,60428,Animalia,Arthropoda,Insecta,Diptera,Tipulidae,Tipulinae,,Nephrotoma,Nephrotoma ferruginea
392667316,ac2859e8-9473-4ecc-ae88-602ce75024a3,2026-08-19 09:49:52,2026-08-19,2026-08-19 14:49:52 UTC,Central Time (US & Canada),9643869,zack96679,Zack Stout,2026-08-19 14:56:55 UTC,2026-08-19 14:56:56 UTC,needs_id,CC-BY-NC,https://www.inaturalist.org/observations/392667316,https://inaturalist-open-data.s3.amazonaws.com/photos/719641153/medium.jpg,,"",,0,0,false,843,"NE Taylor St, Minneapolis, MN, US",45.0153548608,-93.2432413024,52505,,,,52505,,,false,,,,Halictus ligatus,Ligated Furrow Bee,Insecta,154298,Animalia,Arthropoda,Insecta,Hymenoptera,Halictidae,Halictinae,Halictini,Halictus,Halictus ligatus
392667350,f30d302e-9589-4552-9c70-548320defb61,2026-08-19 09:46:59,2026-08-19,2026-08-19 14:46:59 UTC,Central Time (US & Canada),9643869,zack96679,Zack Stout,2026-08-19 14:57:00 UTC,2026-08-19 14:57:02 UTC,needs_id,CC-BY-NC,https://www.inaturalist.org/observations/392667350,https://inaturalist-open-data.s3.amazonaws.com/photos/719641192/medium.jpg,,"",,0,0,false,843,"Quincy St NE, Minneapolis, MN, US",44.9985793954,-93.2517158898,44468,,,,44468,,,false,,,,Melanoplus femurrubrum,Red-legged Grasshopper,Insecta,129094,Animalia,Arthropoda,Insecta,Orthoptera,Acrididae,Melanoplinae,Melanoplini,Melanoplus,Melanoplus femurrubrum
392667373,18fa9001-0ed8-4628-83f6-16298f45fb42,2026-08-19 09:45:42,2026-08-19,2026-08-19 14:45:42 UTC,Central Time (US & Canada),9643869,zack96679,Zack Stout,2026-08-19 14:57:07 UTC,2026-08-19 23:24:00 UTC,research,CC-BY-NC,https://www.inaturalist.org/observations/392667373,https://inaturalist-open-data.s3.amazonaws.com/photos/719641250/medium.jpg,,"",,1,0,false,843,"I-35W S, Minneapolis, MN, US",44.9980222807,-93.2390110945,44347,,,,44347,,,false,,,Eastern Band-winged Hover Fly,Hypocritanus fascipennis,Eastern Band-winged Hover Fly,Insecta,1128570,Animalia,Arthropoda,Insecta,Diptera,Syrphidae,Syrphinae,Syrphini,Hypocritanus,Hypocritanus fascipennis
392667605,f8131528-ac82-420a-ac3a-31039de36663,2026-08-18 18:13:30,2026-08-18,2026-08-18 23:13:30 UTC,Central Time (US & Canada),9643869,zack96679,Zack Stout,2026-08-19 14:58:16 UTC,2026-08-19 22:59:57 UTC,research,CC-BY-NC,https://www.inaturalist.org/observations/392667605,https://inaturalist-open-data.s3.amazonaws.com/photos/719641710/medium.jpg,,"",,1,0,false,843,"Third Ave NE, Minneapolis, MN, US",44.9932355798,-93.2499090812,43521,,,,43521,,,false,,,Margined Calligrapher,Toxomerus marginatus,Margined Calligrapher,Insecta,126889,Animalia,Arthropoda,Insecta,Diptera,Syrphidae,Syrphinae,Syrphini,Toxomerus,Toxomerus marginatus
392667637,3a0fad0b-825f-4071-9977-168a09bd7758,2026-08-18 18:11:50,2026-08-18,2026-08-18 23:11:50 UTC,Central Time (US & Canada),9643869,zack96679,Zack Stout,2026-08-19 14:58:22 UTC,2026-08-19 14:58:23 UTC,needs_id,CC-BY-NC,https://www.inaturalist.org/observations/392667637,https://inaturalist-open-data.s3.amazonaws.com/photos/719641757/medium.jpg,,"",,0,0,false,843,"Central Ave NE, Minneapolis, MN, US",45.0044381693,-93.2477753588,53688,,,,53688,,,false,,,,Halictinae,Sweat and Furrow bees,Insecta,134106,Animalia,Arthropoda,Insecta,Hymenoptera,Halictidae,Halictinae,,,
392667662,17ac0216-b418-49cb-978c-f51dbe35756d,2026-08-18 18:11:27,2026-08-18,2026-08-18 23:11:27 UTC,Central Time (US & Canada),9643869,zack96679,Zack Stout,2026-08-19 14:58:28 UTC,2026-08-19 14:58:29 UTC,needs_id,CC-BY-NC,https://www.inaturalist.org/observations/392667662,https://inaturalist-open-data.s3.amazonaws.com/photos/719641795/medium.jpg,,"",,0,0,false,843,"I-35W S, Minneapolis, MN, US",44.999839294,-93.2374221916,21726,,,,21726,,open,false,,,,Bombus impatiens,Common Eastern Bumble Bee,Insecta,118970,Animalia,Arthropoda,Insecta,Hymenoptera,Apidae,Apinae,Bombini,Bombus,Bombus impatiens
392667695,56b141f1-48b9-40ac-8e98-e4b95e170b59,2026-08-18 18:08:57,2026-08-18,2026-08-18 23:08:57 UTC,Central Time (US & Canada),9643869,zack96679,Zack Stout,2026-08-19 14:58:35 UTC,2026-08-19 14:58:36 UTC,needs_id,CC-BY-NC,https://www.inaturalist.org/observations/392667695,https://inaturalist-open-data.s3.amazonaws.com/photos/719641844/medium.jpg,,"",,0,0,false,843,"Pierce St NE, Minneapolis, MN, US",44.9975379286,-93.2406450298,10797,,,,10797,,,false,,,,Agapostemon virescens,Bicolored Striped Sweat Bee,Insecta,82530,Animalia,Arthropoda,Insecta,Hymenoptera,Halictidae,Halictinae,Halictini,Agapostemon,Agapostemon virescens
392667714,8342d4d3-f6fc-4df0-a5d1-8d2a6aff9471,2026-08-18 18:08:06,2026-08-18,2026-08-18 23:08:06 UTC,Central Time (US & Canada),9643869,zack96679,Zack Stout,2026-08-19 14:58:40 UTC,2026-08-21 01:30:55 UTC,research,CC-BY-NC,https://www.inaturalist.org/observations/392667714,https://inaturalist-open-data.s3.amazonaws.com/photos/719641887/medium.jpg,,"",,1,0,false,843,"Summer St NE, Minneapolis, MN, US",44.9975235208,-93.2426013512,28706,,,,28706,,,false,,,Eastern Calligrapher,Toxomerus geminatus,Eastern Calligrapher,Insecta,126532,Animalia,Arthropoda,Insecta,Diptera,Syrphidae,Syrphinae,Syrphini,Toxomerus,Toxomerus geminatus
392667738,461e20cb-c003-4a12-800c-bedd23ae940b,2026-08-18 18:06:20,2026-08-18,2026-08-18 23:06:20 UTC,Central Time (US & Canada),9643869,zack96679,Zack Stout,2026-08-19 14:58:46 UTC,2026-08-21 20:20:59 UTC,research,CC-BY-NC,https://www.inaturalist.org/observations/392667738,https://inaturalist-open-data.s3.amazonaws.com/photos/719641927/medium.jpg,,"",,1,0,false,843,"Washington St NE, Minneapolis, MN, US",45.0080368475,-93.2575204779,55123,,,,55123,,open,false,,,Common Eastern Bumble Bee,Bombus impatiens,Common Eastern Bumble Bee,Insecta,118970,Animalia,Arthropoda,Insecta,Hymenoptera,Apidae,Apinae,Bombini,Bombus,Bombus impatiens
392667768,91a16d61-2a72-4ecd-bdc3-ad70bef3a0f1,2026-08-18 18:05:42,2026-08-18,2026-08-18 23:05:42 UTC,Central Time (US & Canada),9643869,zack96679,Zack Stout,2026-08-19 14:58:52 UTC,2026-08-19 14:58:53 UTC,needs_id,CC-BY-NC,https://www.inaturalist.org/observations/392667768,https://inaturalist-open-data.s3.amazonaws.com/photos/719641973/medium.jpg,,"",,0,0,false,843,"NE Fillmore St, Minneapolis, MN, US",45.0009543317,-93.2411263363,15271,,,,15271,,open,false,,,,Bombus impatiens,Common Eastern Bumble Bee,Insecta,118970,Animalia,Arthropoda,Insecta,Hymenoptera,Apidae,Apinae,Bombini,Bombus,Bombus impatiens
392692307,ba331108-4db5-4a1c-9e3c-3bd6c47be2a7,2026-08-19 11:23:09,2026-08-19,2026-08-19 16:23:09 UTC,Central Time (US & Canada),9643869,zack96679,Zack Stout,2026-08-19 16:37:58 UTC,2026-08-19 23:28:36 UTC,research,CC-BY-NC,https://www.inaturalist.org/observations/392692307,https://inaturalist-open-data.s3.amazonaws.com/photos/719686593/medium.jpg,,"",,1,0,false,843,"New Brighton Blvd, Minneapolis, MN, US",45.0058484881,-93.2347712834,60355,,,,60355,,,false,,,Common Compost Fly,Syritta pipiens,Common Compost Fly,Insecta,81979,Animalia,Arthropoda,Insecta,Diptera,Syrphidae,Eristalinae,Milesiini,Syritta,Syritta pipiens
392692327,0941e6aa-6d3f-451c-9b0e-70af62f14a78,2026-08-19 11:18:53,2026-08-19,2026-08-19 16:18:53 UTC,Central Time (US & Canada),9643869,zack96679,Zack Stout,2026-08-19 16:38:04 UTC,2026-08-22 16:55:34 UTC,research,CC-BY-NC,https://www.inaturalist.org/observations/392692327,https://inaturalist-open-data.s3.amazonaws.com/photos/719686651/medium.jpg,,"",,1,0,false,843,"Monroe St NE, Minneapolis, MN, US",45.0073617207,-93.2532046149,59800,,,,59800,,,false,,,flower-of-an-hour,Hibiscus trionum,flower-of-an-hour,Plantae,77411,Plantae,Tracheophyta,Magnoliopsida,Malvales,Malvaceae,Malvoideae,Hibisceae,Hibiscus,Hibiscus trionum
392692342,26376023-6d26-4854-8454-95d362496fd3,2026-08-19 11:18:12,2026-08-19,2026-08-19 16:18:12 UTC,Central Time (US & Canada),9643869,zack96679,Zack Stout,2026-08-19 16:38:10 UTC,2026-08-19 17:18:47 UTC,research,CC-BY-NC,https://www.inaturalist.org/observations/392692342,https://inaturalist-open-data.s3.amazonaws.com/photos/719686684/medium.jpg,,"",,2,0,false,843,"22nd Ave NE, Minneapolis, MN, US",45.0095526425,-93.2234876257,70821,,,,70821,,open,false,,,Black Swallowtail,Papilio polyxenes,Black Swallowtail,Insecta,58523,Animalia,Arthropoda,Insecta,Lepidoptera,Papilionidae,Papilioninae,Papilionini,Papilio,Papilio polyxenes
392692371,844bc11b-c1cc-4cdd-8891-299204c4b4d3,2026-08-19 11:17:26,2026-08-19,2026-08-19 16:17:26 UTC,Central Time (US & Canada),9643869,zack96679,Zack Stout,2026-08-19 16:38:16 UTC,2026-08-21 01:31:15 UTC,research,CC-BY-NC,https://www.inaturalist.org/observations/392692371,https://inaturalist-open-data.s3.amazonaws.com/photos/719686710/medium.jpg,,"",,1,0,false,843,"Madison St NE, Minneapolis, MN, US",44.9931201988,-93.254965013,34854,,,,34854,,,false,,,Eastern Calligrapher,Toxomerus geminatus,Eastern Calligrapher,Insecta,126532,Animalia,Arthropoda,Insecta,Diptera,Syrphidae,Syrphinae,Syrphini,Toxomerus,Toxomerus geminatus
392692388,4b6a8444-3688-4b3e-933f-acea1e4b7d0d,2026-08-19 11:14:01,2026-08-19,2026-08-19 16:14:01 UTC,Central Time (US & Canada),9643869,zack96679,Zack Stout,2026-08-19 16:38:22 UTC,2026-08-19 22:59:09 UTC,research,CC-BY-NC,https://www.inaturalist.org/observations/392692388,https://inaturalist-open-data.s3.amazonaws.com/photos/719686760/medium.jpg,,"",,1,0,false,843,"Central Ave NE, Minneapolis, MN, US",45.0027702736,-93.2460228996,28512,,,,28512,,,false,,,Margined Calligrapher,Toxomerus marginatus,Margined Calligrapher,Insecta,126889,Animalia,Arthropoda,Insecta,Diptera,Syrphidae,Syrphinae,Syrphini,Toxomerus,Toxomerus marginatus
392693700,b1c1d9e8-79c8-455d-b1d9-5a9d7f74b188,2026-08-19 11:41:02,2026-08-19,2026-08-19 16:41:02 UTC,Central Time (US & Canada),9643869,zack96679,Zack Stout,2026-08-19 16:43:46 UTC,2026-08-19 16:43:47 UTC,needs_id,CC-BY-NC,https://www.inaturalist.org/observations/392693700,https://inaturalist-open-data.s3.amazonaws.com/photos/719689439/medium.jpg,,"",,0,0,false,843,"NE Ulysses St, Minneapolis, MN, US",45.0064645722,-93.2356188031,60839,,,,60839,,,false,,,,Physocephala tibialis,common eastern physocephala,Insecta,133978,Animalia,Arthropoda,Insecta,Diptera,Conopidae,Conopinae,Physocephalini,Physocephala,Physocephala tibialis
392762316,58dabd8e-1063-4e22-9162-67c35c95cfb6,2026-08-19 16:18:00,2026-08-19,2026-08-19 21:18:00 UTC,Central Time (US & Canada),9643869,zack96679,Zack Stout,2026-08-19 21:19:16 UTC,2026-08-19 21:38:27 UTC,needs_id,CC-BY-NC,https://www.inaturalist.org/observations/392762316,https://inaturalist-open-data.s3.amazonaws.com/photos/719823059/medium.jpg,,"",,1,0,false,843,"Johnson St NE, Minneapolis, MN, US",45.0083118271,-93.2377667234,48999,,,,48999,,,false,,,Thread-waisted Sand Wasps,Ammophila,Thread-waisted Sand Wasps,Insecta,83951,Animalia,Arthropoda,Insecta,Hymenoptera,Sphecidae,Ammophilinae,Ammophilini,Ammophila,
392787433,57deec71-229f-46eb-9bf0-d322b2b7f02e,2026-08-19 18:05:34,2026-08-19,2026-08-19 23:05:34 UTC,Central Time (US & Canada),9643869,zack96679,Zack Stout,2026-08-19 23:11:32 UTC,2026-08-21 01:31:36 UTC,research,CC-BY-NC,https://www.inaturalist.org/observations/392787433,https://inaturalist-open-data.s3.amazonaws.com/photos/719872778/medium.jpg,,"",,2,0,false,843,"Buchanan St NE, Minneapolis, MN, US",44.9973307123,-93.2401942368,3984,,,,3984,,,false,,,Bold Jumping Spider,Phidippus audax,Bold Jumping Spider,Arachnida,53809,Animalia,Arthropoda,Arachnida,Araneae,Salticidae,Salticinae,Dendryphantini,Phidippus,Phidippus audax
392967989,f46a3483-70d6-4e4a-b49a-7c1b55c7c879,2026-08-20 11:48:39,2026-08-20,2026-08-20 16:48:39 UTC,Central Time (US & Canada),9643869,zack96679,Zack Stout,2026-08-20 16:51:11 UTC,2026-08-21 03:10:02 UTC,needs_id,CC-BY-NC,https://www.inaturalist.org/observations/392967989,https://inaturalist-open-data.s3.amazonaws.com/photos/720225666/medium.jpg,,"",,1,0,false,843,"Central Ave NE, Minneapolis, MN, US",45.0068620657,-93.2460450675,35053,,,,35053,,,false,,,Gymnocarena,Gymnocarena,,Insecta,522231,Animalia,Arthropoda,Insecta,Diptera,Tephritidae,Tephritinae,Xyphosiini,Gymnocarena,
393084538,4c7a6404-7a42-4b1f-a572-fc94576e0ad0,2026-08-20 20:27:12,2026-08-20,2026-08-21 01:27:12 UTC,Central Time (US & Canada),9643869,zack96679,Zack Stout,2026-08-21 01:30:07 UTC,2026-08-21 16:11:26 UTC,needs_id,CC-BY-NC,https://www.inaturalist.org/observations/393084538,https://inaturalist-open-data.s3.amazonaws.com/photos/720457729/medium.jpg,,"",,1,0,false,843,"Minnesota, US",45.072286439,-93.5733823411,69977,,,,69977,,,false,,,Spotted Orbweavers,Neoscona,Spotted Orbweavers,Arachnida,85035,Animalia,Arthropoda,Arachnida,Araneae,Araneidae,Araneinae,,Neoscona,
393261951,82485768-d46d-45db-82a1-3cda1ff161d1,2026-08-21 12:56:58,2026-08-21,2026-08-21 17:56:58 UTC,Central Time (US & Canada),9643869,zack96679,Zack Stout,2026-08-21 18:43:53 UTC,2026-08-22 15:12:51 UTC,research,CC-BY-NC,https://www.inaturalist.org/observations/393261951,https://inaturalist-open-data.s3.amazonaws.com/photos/720801535/medium.jpg,,"",,2,0,false,843,"NE Jefferson St, Minneapolis, MN, US",45.0021591802,-93.2544968725,75630,,,,75630,,,false,,,Bold Jumping Spider,Phidippus audax,Bold Jumping Spider,Arachnida,53809,Animalia,Arthropoda,Arachnida,Araneae,Salticidae,Salticinae,Dendryphantini,Phidippus,Phidippus audax
393261986,63145a8a-16e3-481f-94d9-7d4db7593570,2026-08-21 12:39:06,2026-08-21,2026-08-21 17:39:06 UTC,Central Time (US & Canada),9643869,zack96679,Zack Stout,2026-08-21 18:44:02 UTC,2026-08-22 06:00:47 UTC,research,CC-BY-NC,https://www.inaturalist.org/observations/393261986,https://inaturalist-open-data.s3.amazonaws.com/photos/720801601/medium.jpg,,"",,1,0,false,843,"19th Ave NE, Minneapolis, MN, US",45.0079003426,-93.2518732938,51558,,,,51558,,open,false,,,Eastern Tiger Swallowtail,Papilio glaucus,Eastern Tiger Swallowtail,Insecta,60551,Animalia,Arthropoda,Insecta,Lepidoptera,Papilionidae,Papilioninae,Papilionini,Papilio,Papilio glaucus
393262012,88786ec7-4a28-4221-a581-faddbfc9225a,2026-08-21 12:34:54,2026-08-21,2026-08-21 17:34:54 UTC,Central Time (US & Canada),9643869,zack96679,Zack Stout,2026-08-21 18:44:09 UTC,2026-08-22 01:40:51 UTC,research,CC-BY-NC,https://www.inaturalist.org/observations/393262012,https://inaturalist-open-data.s3.amazonaws.com/photos/720801676/medium.jpg,,"",,2,0,false,843,"Pierce St NE, Minneapolis, MN, US",45.005575439,-93.2405104374,54324,,,,54324,,open,false,,,Monarch,Danaus plexippus,Monarch,Insecta,48662,Animalia,Arthropoda,Insecta,Lepidoptera,Nymphalidae,Danainae,Danaini,Danaus,Danaus plexippus
393262040,baa6dfb6-5e50-4a05-a7b9-fa8c0a9a543a,2026-08-21 12:31:02,2026-08-21,2026-08-21 17:31:02 UTC,Central Time (US & Canada),9643869,zack96679,Zack Stout,2026-08-21 18:44:17 UTC,2026-08-21 18:44:18 UTC,needs_id,CC-BY-NC,https://www.inaturalist.org/observations/393262040,https://inaturalist-open-data.s3.amazonaws.com/photos/720801738/medium.jpg,,"",,0,0,false,843,"Quincy St NE, Minneapolis, MN, US",45.0002816533,-93.2515414093,36727,,,,36727,,,false,,,,Halictus ligatus,Ligated Furrow Bee,Insecta,154298,Animalia,Arthropoda,Insecta,Hymenoptera,Halictidae,Halictinae,Halictini,Halictus,Halictus ligatus
393262059,32217599-496d-4259-b32a-e63694a82fef,2026-08-21 12:29:52,2026-08-21,2026-08-21 17:29:52 UTC,Central Time (US & Canada),9643869,zack96679,Zack Stout,2026-08-21 18:44:24 UTC,2026-08-21 18:44:25 UTC,needs_id,CC-BY-NC,https://www.inaturalist.org/observations/393262059,https://inaturalist-open-data.s3.amazonaws.com/photos/720801798/medium.jpg,,"",,0,0,false,843,"Pierce St NE, Minneapolis, MN, US",45.0072546908,-93.2407480806,40675,,,,40675,,,false,,,,Episyron biguttatus,Two-spotted Spider Wasp,Insecta,203305,Animalia,Arthropoda,Insecta,Hymenoptera,Pompilidae,Pompilinae,Episyronini,Episyron,Episyron biguttatus
393262081,2a0674f4-2bf8-476a-ae93-5d9d7c6f1fa4,2026-08-21 12:27:59,2026-08-21,2026-08-21 17:27:59 UTC,Central Time (US & Canada),9643869,zack96679,Zack Stout,2026-08-21 18:44:30 UTC,2026-08-21 23:20:37 UTC,research,CC-BY-NC,https://www.inaturalist.org/observations/393262081,https://inaturalist-open-data.s3.amazonaws.com/photos/720801851/medium.jpg,,"",,1,0,false,843,"Quincy St NE, Minneapolis, MN, US",44.9941253978,-93.2512103816,47407,,,,47407,,,false,,,Eurasian Drone Fly,Eristalis arbustorum,Eurasian Drone Fly,Insecta,320786,Animalia,Arthropoda,Insecta,Diptera,Syrphidae,Eristalinae,Eristalini,Eristalis,Eristalis arbustorum
393262108,d997c487-b18a-4b13-bc68-0fc42871a2f5,2026-08-21 12:26:59,2026-08-21,2026-08-21 17:26:59 UTC,Central Time (US & Canada),9643869,zack96679,Zack Stout,2026-08-21 18:44:38 UTC,2026-08-21 18:44:41 UTC,needs_id,CC-BY-NC,https://www.inaturalist.org/observations/393262108,https://inaturalist-open-data.s3.amazonaws.com/photos/720801898/medium.jpg,,"",,0,0,false,843,"NE 14th Ave, Minneapolis, MN, US",45.0020480474,-93.2403221882,57441,,,,57441,,,false,,,,Systoechus solitus,,Insecta,135309,Animalia,Arthropoda,Insecta,Diptera,Bombyliidae,Bombyliinae,Bombyliini,Systoechus,Systoechus solitus
393262158,e705ff5b-0433-4ecd-9398-934398edc4a6,2026-08-21 12:24:11,2026-08-21,2026-08-21 17:24:11 UTC,Central Time (US & Canada),9643869,zack96679,Zack Stout,2026-08-21 18:44:47 UTC,2026-08-21 22:20:10 UTC,research,CC-BY-NC,https://www.inaturalist.org/observations/393262158,https://inaturalist-open-data.s3.amazonaws.com/photos/720801941/medium.jpg,,"",,1,0,false,843,"NE 18th Ave, Minneapolis, MN, US",45.0062326152,-93.2345508683,49830,,,,49830,,,false,,,Margined Calligrapher,Toxomerus marginatus,Margined Calligrapher,Insecta,126889,Animalia,Arthropoda,Insecta,Diptera,Syrphidae,Syrphinae,Syrphini,Toxomerus,Toxomerus marginatus
393262212,f903b7bd-d2e9-4a80-b287-c3a92161f2d6,2026-08-21 12:23:28,2026-08-21,2026-08-21 17:23:28 UTC,Central Time (US & Canada),9643869,zack96679,Zack Stout,2026-08-21 18:44:57 UTC,2026-08-22 01:01:42 UTC,needs_id,CC-BY-NC,https://www.inaturalist.org/observations/393262212,https://inaturalist-open-data.s3.amazonaws.com/photos/720802013/medium.jpg,,"",,2,1,false,843,"Tyler St NE, Minneapolis, MN, US",44.9982239189,-93.2458394319,69354,,,,69354,,,false,,,Lygus Bugs,Lygus,Lygus Bugs,Insecta,61886,Animalia,Arthropoda,Insecta,Hemiptera,Miridae,Mirinae,Mirini,Lygus,
393262274,334c019d-4fb1-4789-b8f7-183055dc2d47,2026-08-21 12:22:39,2026-08-21,2026-08-21 17:22:39 UTC,Central Time (US & Canada),9643869,zack96679,Zack Stout,2026-08-21 18:45:05 UTC,2026-08-22 17:01:52 UTC,research,CC-BY-NC,https://www.inaturalist.org/observations/393262274,https://inaturalist-open-data.s3.amazonaws.com/photos/720802057/medium.jpg,,"",,1,0,false,843,"NE Fillmore St, Minneapolis, MN, US",45.0070385676,-93.2419539259,38933,,,,38933,,,false,,,Goldenrod Soldier Beetle,Chauliognathus pensylvanicus,Goldenrod Soldier Beetle,Insecta,216649,Animalia,Arthropoda,Insecta,Coleoptera,Cantharidae,Chauliognathinae,Chauliognathini,Chauliognathus,Chauliognathus pensylvanicus
393262333,51ddde5c-68dd-46b3-9e6f-1a90b7e90677,2026-08-21 12:19:39,2026-08-21,2026-08-21 17:19:39 UTC,Central Time (US & Canada),9643869,zack96679,Zack Stout,2026-08-21 18:45:11 UTC,2026-08-21 18:45:12 UTC,needs_id,CC-BY-NC,https://www.inaturalist.org/observations/393262333,https://inaturalist-open-data.s3.amazonaws.com/photos/720802098/medium.jpg,,"",,0,0,false,843,"Winter St NE, Minneapolis, MN, US",44.9935623705,-93.2361805606,52433,,,,52433,,,false,,,,Axarus festivus,,Insecta,1542167,Animalia,Arthropoda,Insecta,Diptera,Chironomidae,Chironominae,Chironomini,Axarus,
393262365,62723796-d37e-4fed-8ce2-0db006d3babb,2026-08-21 12:18:32,2026-08-21,2026-08-21 17:18:32 UTC,Central Time (US & Canada),9643869,zack96679,Zack Stout,2026-08-21 18:45:18 UTC,2026-08-22 14:38:34 UTC,research,CC-BY-NC,https://www.inaturalist.org/observations/393262365,https://inaturalist-open-data.s3.amazonaws.com/photos/720802145/medium.jpg,,"",,1,0,false,843,"Van Buren St NE, Minneapolis, MN, US",44.9964329725,-93.2485711619,23880,,,,23880,,,false,,,Zebra Jumping Spider,Salticus scenicus,Zebra Jumping Spider,Arachnida,68901,Animalia,Arthropoda,Arachnida,Araneae,Salticidae,Salticinae,Salticini,Salticus,Salticus scenicus
393295148,9a3d46af-11d0-496a-bd1f-be2ec3c1cbba,2026-08-21 15:43:42,2026-08-21,2026-08-21 20:43:42 UTC,Central Time (US & Canada),9643869,zack96679,Zack Stout,2026-08-21 21:01:24 UTC,2026-08-21 22:32:03 UTC,research,CC-BY-NC,https://www.inaturalist.org/observations/393295148,https://inaturalist-open-data.s3.amazonaws.com/photos/720867348/medium.jpg,,"",,1,0,false,843,"NE 14th Ave, Minneapolis, MN, US",45.0019312085,-93.2397271742,30458,,,,30458,,,false,,,Yellow-shouldered Drone Fly,Eristalis stipator,Yellow-shouldered Drone Fly,Insecta,425250,Animalia,Arthropoda,Insecta,Diptera,Syrphidae,Eristalinae,Eristalini,Eristalis,Eristalis stipator
393295169,f9d3e543-309a-415f-affa-9cf2a41470fd,2026-08-21 15:42:33,2026-08-21,2026-08-21 20:42:33 UTC,Central Time (US & Canada),9643869,zack96679,Zack Stout,2026-08-21 21:01:31 UTC,2026-08-21 21:01:32 UTC,needs_id,CC-BY-NC,https://www.inaturalist.org/observations/393295169,https://inaturalist-open-data.s3.amazonaws.com/photos/720867410/medium.jpg,,"",,0,0,false,843,"Tyler St NE, Minneapolis, MN, US",45.0006723466,-93.2459366747,38354,,,,38354,,,false,,,,Synanthedon scitula,Dogwood Borer Moth,Insecta,232126,Animalia,Arthropoda,Insecta,Lepidoptera,Sesiidae,Sesiinae,Synanthedonini,Synanthedon,Synanthedon scitula
393295200,39fc97bd-2299-4743-86ea-ca7f186bc445,2026-08-21 15:39:10,2026-08-21,2026-08-21 20:39:10 UTC,Central Time (US & Canada),9643869,zack96679,Zack Stout,2026-08-21 21:01:39 UTC,2026-08-21 21:01:41 UTC,needs_id,CC-BY-NC,https://www.inaturalist.org/observations/393295200,https://inaturalist-open-data.s3.amazonaws.com/photos/720867478/medium.jpg,,"",,0,0,false,843,"Dupont Ave N, Minneapolis, MN, US",45.0180506527,-93.2927917045,74631,,,,74631,,,false,,,,Philanthus gibbosus,Hump-backed Beewolf,Insecta,133268,Animalia,Arthropoda,Insecta,Hymenoptera,Crabronidae,Philanthinae,Philanthini,Philanthus,Philanthus gibbosus
393295227,db88b3d7-3deb-42f5-a6c7-a2556e8e9b5f,2026-08-21 15:38:46,2026-08-21,2026-08-21 20:38:46 UTC,Central Time (US & Canada),9643869,zack96679,Zack Stout,2026-08-21 21:01:48 UTC,2026-08-21 21:45:41 UTC,needs_id,CC-BY-NC,https://www.inaturalist.org/observations/393295227,https://inaturalist-open-data.s3.amazonaws.com/photos/720867543/medium.jpg,,"",,1,0,false,843,"Central Ave NE, Minneapolis, MN, US",45.0020438124,-93.2466192848,53705,,,,53705,,,false,,,Carrot Wasps,Gasteruptiidae,Carrot Wasps,Insecta,244996,Animalia,Arthropoda,Insecta,Hymenoptera,Gasteruptiidae,,,,
393295239,7a5d7937-157d-486f-a4ff-ba29ce82ea60,2026-08-21 15:38:29,2026-08-21,2026-08-21 20:38:29 UTC,Central Time (US & Canada),9643869,zack96679,Zack Stout,2026-08-21 21:01:55 UTC,2026-08-21 21:01:56 UTC,needs_id,CC-BY-NC,https://www.inaturalist.org/observations/393295239,https://inaturalist-open-data.s3.amazonaws.com/photos/720867597/medium.jpg,,"",,0,0,false,843,"Johnson St NE, Minneapolis, MN, US",44.9962341501,-93.2355051571,63701,,,,63701,,,false,,,,Eumeninae,Potter and Mason Wasps,Insecta,119344,Animalia,Arthropoda,Insecta,Hymenoptera,Vespidae,Eumeninae,,,
393295271,c71c8e16-2f85-4373-8176-daae1ca0fe8e,2026-08-21 15:38:00,2026-08-21,2026-08-21 20:38:00 UTC,Central Time (US & Canada),9643869,zack96679,Zack Stout,2026-08-21 21:02:02 UTC,2026-08-21 21:02:04 UTC,needs_id,CC-BY-NC,https://www.inaturalist.org/observations/393295271,https://inaturalist-open-data.s3.amazonaws.com/photos/720867641/medium.jpg,,"",,0,0,false,843,"Summer St NE, Minneapolis, MN, US",44.9982738714,-93.2443446996,15236,,,,15236,,,false,,,,Phymata americana,Jagged Ambush Bug,Insecta,119533,Animalia,Arthropoda,Insecta,Hemiptera,Reduviidae,Phymatinae,Phymatini,Phymata,Phymata americana
393295314,354aa511-9e50-4cfc-a212-0cde302b798a,2026-08-21 15:37:34,2026-08-21,2026-08-21 20:37:34 UTC,Central Time (US & Canada),9643869,zack96679,Zack Stout,2026-08-21 21:02:13 UTC,2026-08-21 21:02:15 UTC,needs_id,CC-BY-NC,https://www.inaturalist.org/observations/393295314,https://inaturalist-open-data.s3.amazonaws.com/photos/720867706/medium.jpg,,"",,0,0,false,843,"NE Buchanan St, Minneapolis, MN, US",45.0069099836,-93.2392384826,36892,,,,36892,,,false,,,,Polistes fuscatus,Northern Paper Wasp,Insecta,52757,Animalia,Arthropoda,Insecta,Hymenoptera,Vespidae,Polistinae,Polistini,Polistes,Polistes fuscatus
393295343,8634e76d-7479-43e6-88ca-dddd2d1aab04,2026-08-21 15:37:09,2026-08-21,2026-08-21 20:37:09 UTC,Central Time (US & Canada),9643869,zack96679,Zack Stout,2026-08-21 21:02:20 UTC,2026-08-21 23:33:42 UTC,research,CC-BY-NC,https://www.inaturalist.org/observations/393295343,https://inaturalist-open-data.s3.amazonaws.com/photos/720867798/medium.jpg,,"",,1,0,false,843,"Broadway St NE, Minneapolis, MN, US",44.9987893841,-93.2442066219,26480,,,,26480,,,false,,,Broad-headed Marsh Fly,Helophilus latifrons,Broad-headed Marsh Fly,Insecta,203413,Animalia,Arthropoda,Insecta,Diptera,Syrphidae,Eristalinae,Eristalini,Helophilus,Helophilus latifrons
393295369,91619bfe-43a4-4fc8-8fe5-bf1fd55e5163,2026-08-21 15:35:59,2026-08-21,2026-08-21 20:35:59 UTC,Central Time (US & Canada),9643869,zack96679,Zack Stout,2026-08-21 21:02:27 UTC,2026-08-21 23:23:47 UTC,research,CC-BY-NC,https://www.inaturalist.org/observations/393295369,https://inaturalist-open-data.s3.amazonaws.com/photos/720867842/medium.jpg,,"",,1,0,false,843,"Seventh St NE, Minneapolis, MN, US",44.9925237219,-93.2519664803,42905,,,,42905,,,false,,,Broad-headed Marsh Fly,Helophilus latifrons,Broad-headed Marsh Fly,Insecta,203413,Animalia,Arthropoda,Insecta,Diptera,Syrphidae,Eristalinae,Eristalini,Helophilus,Helophilus latifrons
393299699,e153ebc9-6350-4c0d-b15e-714a53e3560b,2026-08-19 19:34:02,2026-08-19,2026-08-20 00:34:02 UTC,Central Time (US & Canada),9643869,zack96679,Zack Stout,2026-08-21 21:20:07 UTC,2026-08-22 13:22:02 UTC,needs_id,CC-BY-NC,https://www.inaturalist.org/observations/393299699,https://inaturalist-open-data.s3.amazonaws.com/photos/720876142/medium.jpg,,"",,1,0,false,843,"Quincy St NE, Minneapolis, MN, US",45.0107734401,-93.2516258995,52345,,,,52345,,,false,,,Common Flower Flies,Syrphus,Common Flower Flies,Insecta,52489,Animalia,Arthropoda,Insecta,Diptera,Syrphidae,Syrphinae,Syrphini,Syrphus,
393299714,f377ca19-2800-4b12-be89-f980690ac145,2026-08-19 19:33:47,2026-08-19,2026-08-20 00:33:47 UTC,Central Time (US & Canada),9643869,zack96679,Zack Stout,2026-08-21 21:20:13 UTC,2026-08-22 13:21:36 UTC,needs_id,CC-BY-NC,https://www.inaturalist.org/observations/393299714,https://inaturalist-open-data.s3.amazonaws.com/photos/720876188/medium.jpg,,"",,1,0,false,843,"Washington St NE, Minneapolis, MN, US",45.006964365,-93.2574261176,66490,,,,66490,,,false,,,Common Flower Flies,Syrphus,Common Flower Flies,Insecta,52489,Animalia,Arthropoda,Insecta,Diptera,Syrphidae,Syrphinae,Syrphini,Syrphus,
393299743,2ac458c2-16ba-4781-b049-df9d676bc237,2026-08-19 19:30:58,2026-08-19,2026-08-20 00:30:58 UTC,Central Time (US & Canada),9643869,zack96679,Zack Stout,2026-08-21 21:20:19 UTC,2026-08-21 21:20:20 UTC,needs_id,CC-BY-NC,https://www.inaturalist.org/observations/393299743,https://inaturalist-open-data.s3.amazonaws.com/photos/720876234/medium.jpg,,"",,0,0,false,843,"I-35W S, Minneapolis, MN, US",44.9945725373,-93.2384356925,60339,,,,60339,,,false,,,,Nephrotoma ferruginea,Ferruginous Tiger Crane Fly,Insecta,60428,Animalia,Arthropoda,Insecta,Diptera,Tipulidae,Tipulinae,,Nephrotoma,Nephrotoma ferruginea
393299762,7f6e9713-0862-4e9c-bc47-084492ea603a,2026-08-19 19:29:56,2026-08-19,2026-08-20 00:29:56 UTC,Central Time (US & Canada),9643869,zack96679,Zack Stout,2026-08-21 21:20:24 UTC,2026-08-21 22:20:01 UTC,research,CC-BY-NC,https://www.inaturalist.org/observations/393299762,https://inaturalist-open-data.s3.amazonaws.com/photos/720876285/medium.jpg,,"",,1,0,false,843,"20th Ave NE, Minneapolis, MN, US",45.008714437,-93.2608569179,89033,,,,89033,,,false,,,Margined Calligrapher,Toxomerus marginatus,Margined Calligrapher,Insecta,126889,Animalia,Arthropoda,Insecta,Diptera,Syrphidae,Syrphinae,Syrphini,Toxomerus,Toxomerus marginatus
393528598,0553b49c-f77c-4d7f-8b08-1520ed2eb370,2026-08-22 11:53:51,2026-08-22,2026-08-22 16:53:51 UTC,Central Time (US & Canada),9643869,zack96679,Zack Stout,2026-08-22 17:03:16 UTC,2026-08-22 17:03:18 UTC,needs_id,CC-BY-NC,https://www.inaturalist.org/observations/393528598,https://inaturalist-open-data.s3.amazonaws.com/photos/721320715/medium.jpg,,"",,0,0,false,843,"Grand St NE, Minneapolis, MN, US",45.0166887185,-93.2706825509,78549,,,,78549,,,false,,,,Halictinae,Sweat and Furrow bees,Insecta,134106,Animalia,Arthropoda,Insecta,Hymenoptera,Halictidae,Halictinae,,,
393528628,f984a698-aae0-4744-a6d0-da88f3cd70ea,2026-08-22 11:30:53,2026-08-22,2026-08-22 16:30:53 UTC,Central Time (US & Canada),9643869,zack96679,Zack Stout,2026-08-22 17:03:23 UTC,2026-08-22 17:03:25 UTC,needs_id,CC-BY-NC,https://www.inaturalist.org/observations/393528628,https://inaturalist-open-data.s3.amazonaws.com/photos/721320762/medium.jpg,,"",,0,0,false,843,"NE Buchanan St, Minneapolis, MN, US",45.0085614019,-93.2402105022,61079,,,,61079,,,false,,,,Colletes simulans,Spine-shouldered Cellophane Bee,Insecta,179699,Animalia,Arthropoda,Insecta,Hymenoptera,Colletidae,Colletinae,,Colletes,Colletes simulans
393528656,94e87611-4721-4625-806f-9e9e04afbdd0,2026-08-22 11:30:15,2026-08-22,2026-08-22 16:30:15 UTC,Central Time (US & Canada),9643869,zack96679,Zack Stout,2026-08-22 17:03:31 UTC,2026-08-22 17:03:32 UTC,needs_id,CC-BY-NC,https://www.inaturalist.org/observations/393528656,https://inaturalist-open-data.s3.amazonaws.com/photos/721320821/medium.jpg,,"",,0,0,false,843,"Second St SE, Minneapolis, MN, US",44.9850262296,-93.2546776904,64907,,,,64907,,,false,,,,Ammophila procera,Common Thread-waisted Wasp,Insecta,129147,Animalia,Arthropoda,Insecta,Hymenoptera,Sphecidae,Ammophilinae,Ammophilini,Ammophila,Ammophila procera
393528687,addf3204-e93c-4db0-bff5-b47acdf43737,2026-08-22 11:26:53,2026-08-22,2026-08-22 16:26:53 UTC,Central Time (US & Canada),9643869,zack96679,Zack Stout,2026-08-22 17:03:37 UTC,2026-08-22 17:03:38 UTC,needs_id,CC-BY-NC,https://www.inaturalist.org/observations/393528687,https://inaturalist-open-data.s3.amazonaws.com/photos/721320875/medium.jpg,,"",,0,0,false,843,"Tyler St NE, Minneapolis, MN, US",45.0015600851,-93.245076978,32143,,,,32143,,,false,,,,Camptoprosopella,,Insecta,494941,Animalia,Arthropoda,Insecta,Diptera,Lauxaniidae,Lauxaniinae,,Camptoprosopella,
393528727,6cbcc2f5-1b52-40fb-aaf9-687dea481ce7,2026-08-22 11:26:03,2026-08-22,2026-08-22 16:26:03 UTC,Central Time (US & Canada),9643869,zack96679,Zack Stout,2026-08-22 17:03:43 UTC,2026-08-22 17:03:44 UTC,needs_id,CC-BY-NC,https://www.inaturalist.org/observations/393528727,https://inaturalist-open-data.s3.amazonaws.com/photos/721320926/medium.jpg,,"",,0,0,false,843,"NE 13th Ave, Minneapolis, MN, US",45.0009157919,-93.254389196,42362,,,,42362,,,false,,,,Agapostemon virescens,Bicolored Striped Sweat Bee,Insecta,82530,Animalia,Arthropoda,Insecta,Hymenoptera,Halictidae,Halictinae,Halictini,Agapostemon,Agapostemon virescens
393528780,91075b89-454d-448c-b469-1357e1299ac0,2026-08-22 11:24:03,2026-08-22,2026-08-22 16:24:03 UTC,Central Time (US & Canada),9643869,zack96679,Zack Stout,2026-08-22 17:03:52 UTC,2026-08-22 17:03:53 UTC,needs_id,CC-BY-NC,https://www.inaturalist.org/observations/393528780,https://inaturalist-open-data.s3.amazonaws.com/photos/721320990/medium.jpg,,"",,0,0,false,843,"Third Ave NE, Minneapolis, MN, US",44.9907989373,-93.2569957316,62057,,,,62057,,,false,,,,Melissodes trinodis,Dark-veined Longhorn Bee,Insecta,134149,Animalia,Arthropoda,Insecta,Hymenoptera,Apidae,Apinae,Eucerini,Melissodes,Melissodes trinodis
393528838,8fb81079-2020-4028-b34c-7d9e611bc436,2026-08-22 11:21:23,2026-08-22,2026-08-22 16:21:23 UTC,Central Time (US & Canada),9643869,zack96679,Zack Stout,2026-08-22 17:04:00 UTC,2026-08-22 17:04:01 UTC,needs_id,CC-BY-NC,https://www.inaturalist.org/observations/393528838,https://inaturalist-open-data.s3.amazonaws.com/photos/721321071/medium.jpg,,"",,0,0,false,843,"NE 18th Ave, Minneapolis, MN, US",45.0049375983,-93.2513692879,74628,,,,74628,,,false,,,,Andrena hirticincta,Hairy-banded Mining Bee,Insecta,198987,Animalia,Arthropoda,Insecta,Hymenoptera,Andrenidae,Andreninae,Andrenini,Andrena,Andrena hirticincta
393528889,3aff44db-6fc0-446e-87d6-a5862c35064d,2026-08-22 11:20:20,2026-08-22,2026-08-22 16:20:20 UTC,Central Time (US & Canada),9643869,zack96679,Zack Stout,2026-08-22 17:04:08 UTC,2026-08-22 18:47:00 UTC,research,CC-BY-NC,https://www.inaturalist.org/observations/393528889,https://inaturalist-open-data.s3.amazonaws.com/photos/721321153/medium.jpg,,"",,1,0,false,843,"NE Jackson St, Minneapolis, MN, US",45.0120691144,-93.2487523307,97283,,,,97283,,open,false,,,Autumn Meadowhawk,Sympetrum vicinum,Autumn Meadowhawk,Insecta,68139,Animalia,Arthropoda,Insecta,Odonata,Libellulidae,,,Sympetrum,Sympetrum vicinum
393528926,f111f275-f19b-4127-b499-bbdaba0abe49,2026-08-22 11:18:45,2026-08-22,2026-08-22 16:18:45 UTC,Central Time (US & Canada),9643869,zack96679,Zack Stout,2026-08-22 17:04:16 UTC,2026-08-22 17:04:17 UTC,needs_id,CC-BY-NC,https://www.inaturalist.org/observations/393528926,https://inaturalist-open-data.s3.amazonaws.com/photos/721321221/medium.jpg,,"",,0,0,false,843,"Buchanan St NE, Minneapolis, MN, US",44.9993930807,-93.2398433322,17467,,,,17467,,,false,,,,Colletes simulans,Spine-shouldered Cellophane Bee,Insecta,179699,Animalia,Arthropoda,Insecta,Hymenoptera,Colletidae,Colletinae,,Colletes,Colletes simulans
393528953,14933746-646f-434c-bd7e-d8061cbd522e,2026-08-22 11:18:22,2026-08-22,2026-08-22 16:18:22 UTC,Central Time (US & Canada),9643869,zack96679,Zack Stout,2026-08-22 17:04:23 UTC,2026-08-22 19:33:36 UTC,research,CC-BY-NC,https://www.inaturalist.org/observations/393528953,https://inaturalist-open-data.s3.amazonaws.com/photos/721321281/medium.jpg,,"",,1,0,false,843,"Hayward Ave N, Forest Lake, MN, US",45.2764011306,-92.9542973481,60346,,,,60346,,,false,,,Broad-headed Marsh Fly,Helophilus latifrons,Broad-headed Marsh Fly,Insecta,203413,Animalia,Arthropoda,Insecta,Diptera,Syrphidae,Eristalinae,Eristalini,Helophilus,Helophilus latifrons
393528986,92c6e7ca-38a8-4244-9310-2346cbfddb58,2026-08-22 11:17:43,2026-08-22,2026-08-22 16:17:43 UTC,Central Time (US & Canada),9643869,zack96679,Zack Stout,2026-08-22 17:04:30 UTC,2026-08-22 17:04:31 UTC,needs_id,CC-BY-NC,https://www.inaturalist.org/observations/393528986,https://inaturalist-open-data.s3.amazonaws.com/photos/721321346/medium.jpg,,"",,0,0,false,843,"NE Buchanan St, Minneapolis, MN, US",45.00863959,-93.2401092281,49139,,,,49139,,,false,,,,Eristalis,Drone Flies,Insecta,52491,Animalia,Arthropoda,Insecta,Diptera,Syrphidae,Eristalinae,Eristalini,Eristalis,
393559231,eb585686-3ca3-4a8c-bca5-87e4f97590dd,2026-08-22 12:25:08,2026-08-22,2026-08-22 17:25:08 UTC,Central Time (US & Canada),9643869,zack96679,Zack Stout,2026-08-22 18:47:38 UTC,2026-08-22 18:47:39 UTC,needs_id,CC-BY-NC,https://www.inaturalist.org/observations/393559231,https://inaturalist-open-data.s3.amazonaws.com/photos/721379001/medium.jpg,,"",,0,0,false,843,"Lincoln St NE, Minneapolis, MN, US",45.0007834981,-93.2385260742,29735,,,,29735,,,false,,,,Orchelimum nigripes,Black-legged Meadow Katydid,Insecta,143151,Animalia,Arthropoda,Insecta,Orthoptera,Tettigoniidae,Conocephalinae,Conocephalini,Orchelimum,Orchelimum nigripes
393560143,f1a5ce7c-e216-4c43-92c3-652508da20ae,2026-08-22 12:44:32,2026-08-22,2026-08-22 17:44:32 UTC,Central Time (US & Canada),9643869,zack96679,Zack Stout,2026-08-22 18:50:59 UTC,2026-08-22 18:51:00 UTC,needs_id,CC-BY-NC,https://www.inaturalist.org/observations/393560143,https://inaturalist-open-data.s3.amazonaws.com/photos/721380930/medium.jpg,,"",,0,0,false,843,"Fifth St NE, Minneapolis, MN, US",45.0001599399,-93.2601080825,53975,,,,53975,,,false,,,,Halictinae,Sweat and Furrow bees,Insecta,134106,Animalia,Arthropoda,Insecta,Hymenoptera,Halictidae,Halictinae,,,
393560195,2f3c86bb-1994-470b-ad9f-1a66cf7698b2,2026-08-22 12:42:46,2026-08-22,2026-08-22 17:42:46 UTC,Central Time (US & Canada),9643869,zack96679,Zack Stout,2026-08-22 18:51:06 UTC,2026-08-22 19:32:54 UTC,needs_id,CC-BY-NC,https://www.inaturalist.org/observations/393560195,https://inaturalist-open-data.s3.amazonaws.com/photos/721407227/medium.jpg,,"",,0,0,false,843,"Minneapolis, MN, US",45.0033011358,-93.2337908397,64445,,,,64445,,,false,,,,Villa lateralis,,Insecta,133761,Animalia,Arthropoda,Insecta,Diptera,Bombyliidae,Anthracinae,Villini,Villa,Villa lateralis
393572926,9c083e7c-d543-4293-bb3f-6053c199d39c,2026-08-22 12:41:50,2026-08-22,2026-08-22 17:41:50 UTC,Central Time (US & Canada),9643869,zack96679,Zack Stout,2026-08-22 19:32:59 UTC,2026-08-22 19:33:00 UTC,needs_id,CC-BY-NC,https://www.inaturalist.org/observations/393572926,https://inaturalist-open-data.s3.amazonaws.com/photos/721407300/medium.jpg,,"",,0,0,false,843,"NE Wilson St, Minneapolis, MN, US",45.0112734038,-93.2232976935,98160,,,,98160,,,false,,,,Sphex pensylvanicus,Great Black Digger Wasp,Insecta,48738,Animalia,Arthropoda,Insecta,Hymenoptera,Sphecidae,Sphecinae,Sphecini,Sphex,Sphex pensylvanicus
393572965,b91768b1-abb0-41ca-b4b8-8cb73695edac,2026-08-22 12:41:14,2026-08-22,2026-08-22 17:41:14 UTC,Central Time (US & Canada),9643869,zack96679,Zack Stout,2026-08-22 19:33:06 UTC,2026-08-22 19:33:08 UTC,needs_id,CC-BY-NC,https://www.inaturalist.org/observations/393572965,https://inaturalist-open-data.s3.amazonaws.com/photos/721407368/medium.jpg,,"",,0,0,false,843,"Sixth St NE, Minneapolis, MN, US",45.0013165907,-93.2592048059,50869,,,,50869,,,false,,,,Halictus ligatus,Ligated Furrow Bee,Insecta,154298,Animalia,Arthropoda,Insecta,Hymenoptera,Halictidae,Halictinae,Halictini,Halictus,Halictus ligatus
393573011,b090b9f0-cfe0-4f31-8a64-d4664e6a4ec9,2026-08-22 12:40:12,2026-08-22,2026-08-22 17:40:12 UTC,Central Time (US & Canada),9643869,zack96679,Zack Stout,2026-08-22 19:33:14 UTC,2026-08-22 19:33:15 UTC,needs_id,CC-BY-NC,https://www.inaturalist.org/observations/393573011,https://inaturalist-open-data.s3.amazonaws.com/photos/721407425/medium.jpg,,"",,0,0,false,843,"Taylor St NE, Minneapolis, MN, US",44.9967749093,-93.2438039686,38122,,,,38122,,,false,,,,Philanthus,Beewolves,Insecta,56893,Animalia,Arthropoda,Insecta,Hymenoptera,Crabronidae,Philanthinae,Philanthini,Philanthus,
393573044,639d72af-f6d9-4b18-aca5-5e3ed382e33a,2026-08-22 12:32:00,2026-08-22,2026-08-22 17:32:00 UTC,Central Time (US & Canada),9643869,zack96679,Zack Stout,2026-08-22 19:33:19 UTC,2026-08-22 19:33:20 UTC,needs_id,CC-BY-NC,https://www.inaturalist.org/observations/393573044,https://inaturalist-open-data.s3.amazonaws.com/photos/721407489/medium.jpg,,"",,0,0,false,843,"Buchanan St NE, Minneapolis, MN, US",44.9971848598,-93.2397233523,56005,,,,56005,,,false,,,,Melanoplus differentialis,Differential Grasshopper,Insecta,63518,Animalia,Arthropoda,Insecta,Orthoptera,Acrididae,Melanoplinae,Melanoplini,Melanoplus,Melanoplus differentialis
393595904,cca6a582-f22a-4df2-b4ed-7bf5056966d6,2026-08-22 14:15:30,2026-08-22,2026-08-22 19:15:30 UTC,Central Time (US & Canada),9643869,zack96679,Zack Stout,2026-08-22 20:47:36 UTC,2026-08-23 00:47:15 UTC,research,CC-BY-NC,https://www.inaturalist.org/observations/393595904,https://inaturalist-open-data.s3.amazonaws.com/photos/721450523/medium.jpg,,"",,1,0,false,843,"Second St NE, Minneapolis, MN, US",45.0037988652,-93.2666804323,87600,,,,87600,,open,false,,,Red-belted Bumble Bee,Bombus rufocinctus,Red-belted Bumble Bee,Insecta,144011,Animalia,Arthropoda,Insecta,Hymenoptera,Apidae,Apinae,Bombini,Bombus,Bombus rufocinctus
393595943,88612e79-c083-4814-88a2-e8ebff464c6f,2026-08-22 14:14:56,2026-08-22,2026-08-22 19:14:56 UTC,Central Time (US & Canada),9643869,zack96679,Zack Stout,2026-08-22 20:47:43 UTC,2026-08-22 20:47:44 UTC,needs_id,CC-BY-NC,https://www.inaturalist.org/observations/393595943,https://inaturalist-open-data.s3.amazonaws.com/photos/721450618/medium.jpg,,"",,0,0,false,843,"NE Fillmore St, Minneapolis, MN, US",45.0032167705,-93.2421489776,39791,,,,39791,,,false,,,,Stonemyia rasa,Shaved Horse Fly,Insecta,231776,Animalia,Arthropoda,Insecta,Diptera,Tabanidae,Pangoniinae,Pangoniini,Stonemyia,Stonemyia rasa
393595963,b11cd16c-1f9a-4342-a468-aa42deba0aa5,2026-08-22 14:14:46,2026-08-22,2026-08-22 19:14:46 UTC,Central Time (US & Canada),9643869,zack96679,Zack Stout,2026-08-22 20:47:50 UTC,2026-08-22 20:47:51 UTC,needs_id,CC-BY-NC,https://www.inaturalist.org/observations/393595963,https://inaturalist-open-data.s3.amazonaws.com/photos/721450682/medium.jpg,,"",,0,0,false,843,"Benton Ave, Edina, MN, US",44.8966060866,-93.3691198142,92392,,,,92392,,,false,,,,Philanthus gibbosus,Hump-backed Beewolf,Insecta,133268,Animalia,Arthropoda,Insecta,Hymenoptera,Crabronidae,Philanthinae,Philanthini,Philanthus,Philanthus gibbosus
393596002,986932ed-41b7-4fae-be72-a9f42a887d52,2026-08-22 14:14:23,2026-08-22,2026-08-22 19:14:23 UTC,Central Time (US & Canada),9643869,zack96679,Zack Stout,2026-08-22 20:47:57 UTC,2026-08-22 20:47:58 UTC,needs_id,CC-BY-NC,https://www.inaturalist.org/observations/393596002,https://inaturalist-open-data.s3.amazonaws.com/photos/721450773/medium.jpg,,"",,0,0,false,843,"Monroe St NE, Minneapolis, MN, US",44.9968274966,-93.2526482118,29055,,,,29055,,,false,,,,Villa hottentotta,,Insecta,469219,Animalia,Arthropoda,Insecta,Diptera,Bombyliidae,Anthracinae,Villini,Villa,Villa hottentotta
393596052,dceb37f0-f21a-4a2d-8d4a-f8db50b2438b,2026-08-22 14:11:31,2026-08-22,2026-08-22 19:11:31 UTC,Central Time (US & Canada),9643869,zack96679,Zack Stout,2026-08-22 20:48:05 UTC,2026-08-23 00:14:38 UTC,research,CC-BY-NC,https://www.inaturalist.org/observations/393596052,https://inaturalist-open-data.s3.amazonaws.com/photos/721450840/medium.jpg,,"",,1,0,false,843,"Buchanan St NE, Minneapolis, MN, US",45.0003801712,-93.2397151456,36181,,,,36181,,,false,,,Yellow-shouldered Drone Fly,Eristalis stipator,Yellow-shouldered Drone Fly,Insecta,425250,Animalia,Arthropoda,Insecta,Diptera,Syrphidae,Eristalinae,Eristalini,Eristalis,Eristalis stipator
393596078,436730f6-d2e2-45d1-9a5a-729e1f513ec6,2026-08-22 14:10:18,2026-08-22,2026-08-22 19:10:18 UTC,Central Time (US & Canada),9643869,zack96679,Zack Stout,2026-08-22 20:48:11 UTC,2026-08-22 20:48:12 UTC,needs_id,CC-BY-NC,https://www.inaturalist.org/observations/393596078,https://inaturalist-open-data.s3.amazonaws.com/photos/721450897/medium.jpg,,"",,0,0,false,843,"Saint Paul, MN, US",44.9313157932,-93.0196001518,214903,,,,214903,,,false,,,,Agapostemon,Striped Sweat Bees,Insecta,50086,Animalia,Arthropoda,Insecta,Hymenoptera,Halictidae,Halictinae,Halictini,Agapostemon,
393596113,da73599e-fca8-4d63-b921-a7eabecc80af,2026-08-22 14:08:31,2026-08-22,2026-08-22 19:08:31 UTC,Central Time (US & Canada),9643869,zack96679,Zack Stout,2026-08-22 20:48:18 UTC,2026-08-22 20:48:19 UTC,needs_id,CC-BY-NC,https://www.inaturalist.org/observations/393596113,https://inaturalist-open-data.s3.amazonaws.com/photos/721450954/medium.jpg,,"",,0,0,false,843,"I-35W S, Minneapolis, MN, US",44.9967401838,-93.2387208213,35424,,,,35424,,,false,,,,Bombyliini,,Insecta,415425,Animalia,Arthropoda,Insecta,Diptera,Bombyliidae,Bombyliinae,Bombyliini,,
393596135,88133404-7a31-409c-9abf-e19ded652f68,2026-08-22 14:06:28,2026-08-22,2026-08-22 19:06:28 UTC,Central Time (US & Canada),9643869,zack96679,Zack Stout,2026-08-22 20:48:25 UTC,2026-08-22 20:48:26 UTC,needs_id,CC-BY-NC,https://www.inaturalist.org/observations/393596135,https://inaturalist-open-data.s3.amazonaws.com/photos/721451040/medium.jpg,,"",,0,0,false,843,"Central Ave NE, Minneapolis, MN, US",45.0008166069,-93.2478780072,72882,,,,72882,,,false,,,,Brachycera,Brachyceran Flies,Insecta,48091,Animalia,Arthropoda,Insecta,Diptera,,,,,
393596164,1a5b2d49-6706-47b2-81d9-bcedb47d0f91,2026-08-22 14:05:47,2026-08-22,2026-08-22 19:05:47 UTC,Central Time (US & Canada),9643869,zack96679,Zack Stout,2026-08-22 20:48:31 UTC,2026-08-22 20:48:33 UTC,needs_id,CC-BY-NC,https://www.inaturalist.org/observations/393596164,https://inaturalist-open-data.s3.amazonaws.com/photos/721451095/medium.jpg,,"",,0,0,false,843,"Pierce St NE, Minneapolis, MN, US",45.0000523767,-93.2403962856,48254,,,,48254,,,false,,,,Sphaerophoria contigua,Tufted Globetail,Insecta,335743,Animalia,Arthropoda,Insecta,Diptera,Syrphidae,Syrphinae,Syrphini,Sphaerophoria,Sphaerophoria contigua
393596206,c818c19f-8943-47b7-a10b-adb77db2a96f,2026-08-22 14:00:03,2026-08-22,2026-08-22 19:00:03 UTC,Central Time (US & Canada),9643869,zack96679,Zack Stout,2026-08-22 20:48:40 UTC,2026-08-23 04:23:21 UTC,research,CC-BY-NC,https://www.inaturalist.org/observations/393596206,https://inaturalist-open-data.s3.amazonaws.com/photos/721451172/medium.jpg,,"",,1,0,false,843,"Quincy St NE, Minneapolis, MN, US",45.0116609633,-93.2510136586,65402,,,,65402,,,false,,,Margined Calligrapher,Toxomerus marginatus,Margined Calligrapher,Insecta,126889,Animalia,Arthropoda,Insecta,Diptera,Syrphidae,Syrphinae,Syrphini,Toxomerus,Toxomerus marginatus
393596239,c95d3c99-1a58-4e07-b74e-a262102dfbd6,2026-08-22 13:59:15,2026-08-22,2026-08-22 18:59:15 UTC,Central Time (US & Canada),9643869,zack96679,Zack Stout,2026-08-22 20:48:48 UTC,2026-08-22 21:13:15 UTC,needs_id,CC-BY-NC,https://www.inaturalist.org/observations/393596239,https://inaturalist-open-data.s3.amazonaws.com/photos/721451256/medium.jpg,,"",,1,0,false,843,"Harrison St NE, Minneapolis, MN, US",44.9923352185,-93.2485760937,39562,,,,39562,,,false,,,Cylindromyia,Cylindromyia,,Insecta,1106835,Animalia,Arthropoda,Insecta,Diptera,Tachinidae,Phasiinae,Cylindromyiini,Cylindromyia,
393596266,2d8f2498-7df8-4a1c-a556-b742b484bfe5,2026-08-22 13:56:10,2026-08-22,2026-08-22 18:56:10 UTC,Central Time (US & Canada),9643869,zack96679,Zack Stout,2026-08-22 20:48:55 UTC,2026-08-22 20:48:56 UTC,needs_id,CC-BY-NC,https://www.inaturalist.org/observations/393596266,https://inaturalist-open-data.s3.amazonaws.com/photos/721451331/medium.jpg,,"",,0,0,false,843,"Third St NE, Minneapolis, MN, US",45.0107529578,-93.2653460599,102598,,,,102598,,,false,,,,Megachilinae,,Insecta,314114,Animalia,Arthropoda,Insecta,Hymenoptera,Megachilidae,Megachilinae,,,
393596300,0895b541-9648-4ae8-9f0f-14f218732ac0,2026-08-22 13:55:05,2026-08-22,2026-08-22 18:55:05 UTC,Central Time (US & Canada),9643869,zack96679,Zack Stout,2026-08-22 20:49:02 UTC,2026-08-22 20:49:03 UTC,needs_id,CC-BY-NC,https://www.inaturalist.org/observations/393596300,https://inaturalist-open-data.s3.amazonaws.com/photos/721451400/medium.jpg,,"",,0,0,false,843,"NE Marshall St, Minneapolis, MN, US",44.9936518596,-93.2655780472,55056,,,,55056,,,false,,,,Halictina,,Insecta,1597678,Animalia,Arthropoda,Insecta,Hymenoptera,Halictidae,Halictinae,Halictini,,
393596335,e69809b9-9d58-4990-8b24-952b0bc25d31,2026-08-22 13:54:41,2026-08-22,2026-08-22 18:54:41 UTC,Central Time (US & Canada),9643869,zack96679,Zack Stout,2026-08-22 20:49:10 UTC,2026-08-22 20:49:11 UTC,needs_id,CC-BY-NC,https://www.inaturalist.org/observations/393596335,https://inaturalist-open-data.s3.amazonaws.com/photos/721451484/medium.jpg,,"",,0,0,false,843,"20th Ave NE, Minneapolis, MN, US",45.0086246095,-93.244726917,56220,,,,56220,,,false,,,,Bombyliinae,,Insecta,415424,Animalia,Arthropoda,Insecta,Diptera,Bombyliidae,Bombyliinae,,,
393596351,63ee11d8-28b8-4454-8256-b31476398f4d,2026-08-22 13:53:50,2026-08-22,2026-08-22 18:53:50 UTC,Central Time (US & Canada),9643869,zack96679,Zack Stout,2026-08-22 20:49:16 UTC,2026-08-22 20:49:18 UTC,needs_id,CC-BY-NC,https://www.inaturalist.org/observations/393596351,https://inaturalist-open-data.s3.amazonaws.com/photos/721451546/medium.jpg,,"",,0,0,false,843,"19th Ave NE, Minneapolis, MN, US",45.0085076805,-93.250146555,45047,,,,45047,,,false,,,,Megachile,"Leafcutter, Mortar, and Resin Bees",Insecta,52784,Animalia,Arthropoda,Insecta,Hymenoptera,Megachilidae,Megachilinae,Megachilini,Megachile,
393626001,6aaee255-b0a0-46aa-80cc-82f9fcbad029,2026-08-22 15:51:46,2026-08-22,2026-08-22 20:51:46 UTC,Central Time (US & Canada),9643869,zack96679,Zack Stout,2026-08-22 22:38:51 UTC,2026-08-22 22:38:52 UTC,needs_id,CC-BY-NC,https://www.inaturalist.org/observations/393626001,https://inaturalist-open-data.s3.amazonaws.com/photos/721509972/medium.jpg,,"",,0,0,false,843,"Spring Valley, WI, US",44.8574555902,-92.3521863548,115412,,,,115412,,,false,,,,Systoechus solitus,,Insecta,135309,Animalia,Arthropoda,Insecta,Diptera,Bombyliidae,Bombyliinae,Bombyliini,Systoechus,Systoechus solitus
393626112,9f2583b5-7d4f-4f7d-b300-9191f8c482f5,2026-08-22 15:52:10,2026-08-22,2026-08-22 20:52:10 UTC,Central Time (US & Canada),9643869,zack96679,Zack Stout,2026-08-22 22:39:16 UTC,2026-08-22 22:39:17 UTC,needs_id,CC-BY-NC,https://www.inaturalist.org/observations/393626112,https://inaturalist-open-data.s3.amazonaws.com/photos/721510163/medium.jpg,,"",,0,0,false,843,"Johnson St NE, Minneapolis, MN, US",44.9966240595,-93.2362007722,63918,,,,63918,,,false,,,,Megachile mendica,Flat-tailed Leafcutter Bee,Insecta,199131,Animalia,Arthropoda,Insecta,Hymenoptera,Megachilidae,Megachilinae,Megachilini,Megachile,Megachile mendica
393626130,8b7ba95a-383a-4bbe-9b6e-c1a97e61f1ac,2026-08-22 15:52:16,2026-08-22,2026-08-22 20:52:16 UTC,Central Time (US & Canada),9643869,zack96679,Zack Stout,2026-08-22 22:39:18 UTC,2026-08-22 22:39:19 UTC,needs_id,CC-BY-NC,https://www.inaturalist.org/observations/393626130,https://inaturalist-open-data.s3.amazonaws.com/photos/721510184/medium.jpg,,"",,0,0,false,843,"NE Fillmore St, Minneapolis, MN, US",45.0043581534,-93.2428933342,43319,,,,43319,,,false,,,,Megachile,"Leafcutter, Mortar, and Resin Bees",Insecta,52784,Animalia,Arthropoda,Insecta,Hymenoptera,Megachilidae,Megachilinae,Megachilini,Megachile,
393626151,d01369e5-87db-45b2-8999-c812f42b560f,2026-08-22 15:54:20,2026-08-22,2026-08-22 20:54:20 UTC,Central Time (US & Canada),9643869,zack96679,Zack Stout,2026-08-22 22:39:22 UTC,2026-08-22 22:39:22 UTC,needs_id,CC-BY-NC,https://www.inaturalist.org/observations/393626151,https://inaturalist-open-data.s3.amazonaws.com/photos/721510214/medium.jpg,,"",,0,0,false,843,"Harrison St NE, Minneapolis, MN, US",44.995033482,-93.2450277206,53006,,,,53006,,,false,,,,Villa lateralis,,Insecta,133761,Animalia,Arthropoda,Insecta,Diptera,Bombyliidae,Anthracinae,Villini,Villa,Villa lateralis
393626166,55575606-9b3e-451d-9ef3-b50ec4a41b87,2026-08-22 15:54:26,2026-08-22,2026-08-22 20:54:26 UTC,Central Time (US & Canada),9643869,zack96679,Zack Stout,2026-08-22 22:39:25 UTC,2026-08-22 22:39:26 UTC,needs_id,CC-BY-NC,https://www.inaturalist.org/observations/393626166,https://inaturalist-open-data.s3.amazonaws.com/photos/721510250/medium.jpg,,"",,0,0,false,843,"Central Ave NE, Minneapolis, MN, US",45.0040000518,-93.2471596612,35358,,,,35358,,,false,,,,Agapostemon sericeus,Silky Striped Sweat Bee,Insecta,154682,Animalia,Arthropoda,Insecta,Hymenoptera,Halictidae,Halictinae,Halictini,Agapostemon,Agapostemon sericeus
393626184,a7608c8b-3091-476b-92d9-4913ff3dc136,2026-08-22 15:55:51,2026-08-22,2026-08-22 20:55:51 UTC,Central Time (US & Canada),9643869,zack96679,Zack Stout,2026-08-22 22:39:29 UTC,2026-08-22 22:39:30 UTC,needs_id,CC-BY-NC,https://www.inaturalist.org/observations/393626184,https://inaturalist-open-data.s3.amazonaws.com/photos/721510286/medium.jpg,,"",,0,0,false,843,"Second St NE, Minneapolis, MN, US",45.0043675835,-93.2657216534,58120,,,,58120,,,false,,,,Isodontia mexicana,Mexican Grass-carrying Wasp,Insecta,203340,Animalia,Arthropoda,Insecta,Hymenoptera,Sphecidae,Sphecinae,Sphecini,Isodontia,Isodontia mexicana
393626200,fc2a7685-9a13-4598-851a-3a66a0380403,2026-08-22 15:56:40,2026-08-22,2026-08-22 20:56:40 UTC,Central Time (US & Canada),9643869,zack96679,Zack Stout,2026-08-22 22:39:31 UTC,2026-08-22 22:39:32 UTC,needs_id,CC-BY-NC,https://www.inaturalist.org/observations/393626200,https://inaturalist-open-data.s3.amazonaws.com/photos/721510323/medium.jpg,,"",,0,0,false,843,"14th Ave NE, Minneapolis, MN, US",45.0024134757,-93.2501088647,40661,,,,40661,,open,false,,,,Bombus impatiens,Common Eastern Bumble Bee,Insecta,118970,Animalia,Arthropoda,Insecta,Hymenoptera,Apidae,Apinae,Bombini,Bombus,Bombus impatiens
393626226,ed2b3185-ff60-4fdb-87c7-702ecb9e9d1e,2026-08-22 15:58:14,2026-08-22,2026-08-22 20:58:14 UTC,Central Time (US & Canada),9643869,zack96679,Zack Stout,2026-08-22 22:39:36 UTC,2026-08-22 22:39:36 UTC,needs_id,CC-BY-NC,https://www.inaturalist.org/observations/393626226,https://inaturalist-open-data.s3.amazonaws.com/photos/721510384/medium.jpg,,"",,0,0,false,843,"Buchanan St NE, Minneapolis, MN, US",44.996561967,-93.2399466424,29104,,,,29104,,,false,,,,Calyptratae,Calyptrate Flies,Insecta,342767,Animalia,Arthropoda,Insecta,Diptera,,,,,
393626242,4ca2e1fa-377b-4518-8bdf-0c1755b0ad96,2026-08-22 16:51:10,2026-08-22,2026-08-22 21:51:10 UTC,Central Time (US & Canada),9643869,zack96679,Zack Stout,2026-08-22 22:39:38 UTC,2026-08-22 22:39:39 UTC,needs_id,CC-BY-NC,https://www.inaturalist.org/observations/393626242,https://inaturalist-open-data.s3.amazonaws.com/photos/721510405/medium.jpg,,"",,0,0,false,843,"15th Ave NE, Minneapolis, MN, US",45.0040045909,-93.2491699331,38664,,,,38664,,,false,,,,Thaumatomyia glabra,,Insecta,133767,Animalia,Arthropoda,Insecta,Diptera,Chloropidae,Chloropinae,Mindini,Thaumatomyia,Thaumatomyia glabra
393626256,d0bf93c9-7d60-4874-91cf-70dd10f62521,2026-08-22 16:54:18,2026-08-22,2026-08-22 21:54:18 UTC,Central Time (US & Canada),9643869,zack96679,Zack Stout,2026-08-22 22:39:42 UTC,2026-08-22 22:39:43 UTC,needs_id,CC-BY-NC,https://www.inaturalist.org/observations/393626256,https://inaturalist-open-data.s3.amazonaws.com/photos/721510445/medium.jpg,,"",,0,0,false,843,"SE Sixth St, Minneapolis, MN, US",44.9890968973,-93.2497845106,40609,,,,40609,,,false,,,,Villa lateralis,,Insecta,133761,Animalia,Arthropoda,Insecta,Diptera,Bombyliidae,Anthracinae,Villini,Villa,Villa lateralis
393626269,59e0852f-79ab-4a63-9b76-8c2c8f02223d,2026-08-22 16:54:53,2026-08-22,2026-08-22 21:54:53 UTC,Central Time (US & Canada),9643869,zack96679,Zack Stout,2026-08-22 22:39:45 UTC,2026-08-22 22:39:46 UTC,needs_id,CC-BY-NC,https://www.inaturalist.org/observations/393626269,https://inaturalist-open-data.s3.amazonaws.com/photos/721510474/medium.jpg,,"",,0,0,false,843,"NE Fillmore St, Minneapolis, MN, US",45.0016937188,-93.2427042219,39391,,,,39391,,,false,,,,Coelioxys modestus,Modest Sharptail,Insecta,636878,Animalia,Arthropoda,Insecta,Hymenoptera,Megachilidae,Megachilinae,Megachilini,Coelioxys,Coelioxys modestus
393626291,34fbf1f8-dfe1-401c-aeb3-f5344f2de559,2026-08-22 16:58:54,2026-08-22,2026-08-22 21:58:54 UTC,Central Time (US & Canada),9643869,zack96679,Zack Stout,2026-08-22 22:39:48 UTC,2026-08-22 22:39:49 UTC,needs_id,CC-BY-NC,https://www.inaturalist.org/observations/393626291,https://inaturalist-open-data.s3.amazonaws.com/photos/721510516/medium.jpg,,"",,0,0,false,843,"Harrison St NE, Minneapolis, MN, US",44.9937486498,-93.244750087,45613,,,,45613,,open,false,,,,Bombus impatiens,Common Eastern Bumble Bee,Insecta,118970,Animalia,Arthropoda,Insecta,Hymenoptera,Apidae,Apinae,Bombini,Bombus,Bombus impatiens
393635384,fc664b54-3b7f-46c5-b8e5-d28c64790ec5,2026-08-22 18:17:26,2026-08-22,2026-08-22 23:17:26 UTC,Central Time (US & Canada),9643869,zack96679,Zack Stout,2026-08-22 23:20:16 UTC,2026-08-22 23:24:11 UTC,research,CC-BY-NC,https://www.inaturalist.org/observations/393635384,https://inaturalist-open-data.s3.amazonaws.com/photos/721529689/medium.jpg,,"",,1,0,false,843,"Pierce St NE, Minneapolis, MN, US",44.9998027345,-93.2406932278,30433,,,,30433,,,false,,,Chickweed Geometer Moth,Haematopis grataria,Chickweed Geometer Moth,Insecta,118490,Animalia,Arthropoda,Insecta,Lepidoptera,Geometridae,Sterrhinae,Timandrini,Haematopis,Haematopis grataria
393649285,4f28dd08-a281-417c-8cb8-69359e65d178,2026-08-22 19:21:33,2026-08-22,2026-08-23 00:21:33 UTC,Central Time (US & Canada),9643869,zack96679,Zack Stout,2026-08-23 00:24:26 UTC,2026-08-23 17:17:20 UTC,needs_id,CC-BY-NC,https://www.inaturalist.org/observations/393649285,https://inaturalist-open-data.s3.amazonaws.com/photos/721558794/medium.jpg,,"",,1,0,false,843,"Tyler St NE, Minneapolis, MN, US",44.9996831001,-93.2454718215,29518,,,,29518,,,false,,,Longlegged Sac Spiders,Cheiracanthium,Longlegged Sac Spiders,Arachnida,61868,Animalia,Arthropoda,Arachnida,Araneae,Cheiracanthiidae,,,Cheiracanthium,
393649724,2ae70c44-e774-422e-b4a5-dcb92aedcc9f,2026-08-22 18:43:00,2026-08-22,2026-08-22 23:43:00 UTC,Central Time (US & Canada),9643869,zack96679,Zack Stout,2026-08-23 00:26:36 UTC,2026-08-23 00:26:37 UTC,needs_id,CC-BY-NC,https://www.inaturalist.org/observations/393649724,https://inaturalist-open-data.s3.amazonaws.com/photos/721559764/medium.jpg,,"",,0,0,false,843,"Summer St NE, Minneapolis, MN, US",44.9969909788,-93.2407817635,25310,,,,25310,,open,false,,,,Bombus impatiens,Common Eastern Bumble Bee,Insecta,118970,Animalia,Arthropoda,Insecta,Hymenoptera,Apidae,Apinae,Bombini,Bombus,Bombus impatiens
393649743,ea6093dc-f0d5-41ce-a4b3-47dbc0bbf33f,2026-08-22 18:42:51,2026-08-22,2026-08-22 23:42:51 UTC,Central Time (US & Canada),9643869,zack96679,Zack Stout,2026-08-23 00:26:42 UTC,2026-08-23 04:22:40 UTC,research,CC-BY-NC,https://www.inaturalist.org/observations/393649743,https://inaturalist-open-data.s3.amazonaws.com/photos/721559815/medium.jpg,,"",,1,0,false,843,"Tyler St NE, Minneapolis, MN, US",45.0016759554,-93.2453089468,27667,,,,27667,,open,false,,,Common Eastern Bumble Bee,Bombus impatiens,Common Eastern Bumble Bee,Insecta,118970,Animalia,Arthropoda,Insecta,Hymenoptera,Apidae,Apinae,Bombini,Bombus,Bombus impatiens
393856869,861b0aea-9849-4fb1-bb3c-30366e8aa632,2026-08-23 09:04:27,2026-08-23,2026-08-23 14:04:27 UTC,Central Time (US & Canada),9643869,zack96679,Zack Stout,2026-08-23 17:24:16 UTC,2026-08-23 17:24:17 UTC,needs_id,CC-BY-NC,https://www.inaturalist.org/observations/393856869,https://inaturalist-open-data.s3.amazonaws.com/photos/721965159/medium.jpg,,"",,0,0,false,843,"Harrison St NE, Minneapolis, MN, US",44.9945537364,-93.2462612698,45181,,,,45181,,,false,,,,Arthropoda,Arthropods,Animalia,47120,Animalia,Arthropoda,,,,,,,
393856908,96c37301-ef1b-4f62-956f-f4e10ead1a58,2026-08-23 09:05:10,2026-08-23,2026-08-23 14:05:10 UTC,Central Time (US & Canada),9643869,zack96679,Zack Stout,2026-08-23 17:24:23 UTC,2026-08-23 18:00:18 UTC,research,CC-BY-NC,https://www.inaturalist.org/observations/393856908,https://inaturalist-open-data.s3.amazonaws.com/photos/721965216/medium.jpg,,"",,1,0,false,843,"Pierce St NE, Minneapolis, MN, US",45.0044522877,-93.2410366077,44087,,,,44087,,,false,,,Condylostylus caudatus,Condylostylus caudatus,,Insecta,1101426,Animalia,Arthropoda,Insecta,Diptera,Dolichopodidae,Sciapodinae,Sciapodini,Condylostylus,
393856937,0684c378-90d3-4e97-ae43-90dd0b23ea9d,2026-08-23 09:05:48,2026-08-23,2026-08-23 14:05:48 UTC,Central Time (US & Canada),9643869,zack96679,Zack Stout,2026-08-23 17:24:29 UTC,2026-08-23 17:24:30 UTC,needs_id,CC-BY-NC,https://www.inaturalist.org/observations/393856937,https://inaturalist-open-data.s3.amazonaws.com/photos/721965271/medium.jpg,,"",,0,0,false,843,"Central Ave NE, Minneapolis, MN, US",45.0005952187,-93.24744375,26859,,,,26859,,,false,,,,Condylostylus sipho,,Insecta,259850,Animalia,Arthropoda,Insecta,Diptera,Dolichopodidae,Sciapodinae,Sciapodini,Condylostylus,Condylostylus sipho
393856983,7b61d802-538b-45e3-a841-b774da52e981,2026-08-23 09:07:53,2026-08-23,2026-08-23 14:07:53 UTC,Central Time (US & Canada),9643869,zack96679,Zack Stout,2026-08-23 17:24:35 UTC,2026-08-23 17:24:36 UTC,needs_id,CC-BY-NC,https://www.inaturalist.org/observations/393856983,https://inaturalist-open-data.s3.amazonaws.com/photos/721965325/medium.jpg,,"",,0,0,false,843,"Johnson St NE, Minneapolis, MN, US",45.0033838049,-93.2380627462,40590,,,,40590,,,false,,,,Syrphidae,Hover Flies,Insecta,49995,Animalia,Arthropoda,Insecta,Diptera,Syrphidae,,,,
393857018,d5a9c5c3-b9b3-480a-8039-d6fee59467ae,2026-08-23 09:08:16,2026-08-23,2026-08-23 14:08:16 UTC,Central Time (US & Canada),9643869,zack96679,Zack Stout,2026-08-23 17:24:40 UTC,2026-08-23 17:24:41 UTC,needs_id,CC-BY-NC,https://www.inaturalist.org/observations/393857018,https://inaturalist-open-data.s3.amazonaws.com/photos/721965368/medium.jpg,,"",,0,0,false,843,"14th Ave NE, Minneapolis, MN, US",45.0031185911,-93.2505430604,43357,,,,43357,,,false,,,,Syrphus rectus,Yellow-legged Flower Fly,Insecta,886220,Animalia,Arthropoda,Insecta,Diptera,Syrphidae,Syrphinae,Syrphini,Syrphus,Syrphus rectus
393857053,73885318-1f05-43ca-b5d5-72ffc187271b,2026-08-23 09:14:29,2026-08-23,2026-08-23 14:14:29 UTC,Central Time (US & Canada),9643869,zack96679,Zack Stout,2026-08-23 17:24:46 UTC,2026-08-23 17:24:47 UTC,needs_id,CC-BY-NC,https://www.inaturalist.org/observations/393857053,https://inaturalist-open-data.s3.amazonaws.com/photos/721965416/medium.jpg,,"",,0,0,false,843,"Harrison St NE, Minneapolis, MN, US",44.9940001911,-93.2473060972,30371,,,,30371,,,false,,,,Agapostemon,Striped Sweat Bees,Insecta,50086,Animalia,Arthropoda,Insecta,Hymenoptera,Halictidae,Halictinae,Halictini,Agapostemon,
393858500,cc102e0b-f285-4cf6-8dd6-e3c9bcea766e,2026-08-23 09:15:26,2026-08-23,2026-08-23 14:15:26 UTC,Central Time (US & Canada),9643869,zack96679,Zack Stout,2026-08-23 17:29:00 UTC,2026-08-23 17:29:01 UTC,needs_id,CC-BY-NC,https://www.inaturalist.org/observations/393858500,https://inaturalist-open-data.s3.amazonaws.com/photos/721967792/medium.jpg,,"",,0,0,false,843,"Buchanan St NE, Minneapolis, MN, US",45.0015412657,-93.2391534865,30519,,,,30519,,,false,,,,Aculeata,"Ants, Bees, and Stinging Wasps",Insecta,326777,Animalia,Arthropoda,Insecta,Hymenoptera,,,,,
393860264,1d77881d-aea5-4f3b-9adf-47ce301dd099,2026-08-23 10:21:18,2026-08-23,2026-08-23 15:21:18 UTC,Central Time (US & Canada),9643869,zack96679,Zack Stout,2026-08-23 17:34:48 UTC,2026-08-23 17:34:49 UTC,needs_id,CC-BY-NC,https://www.inaturalist.org/observations/393860264,https://inaturalist-open-data.s3.amazonaws.com/photos/721971337/medium.jpg,,"",,0,0,false,843,"Broadway St NE, Minneapolis, MN, US",44.9966298274,-93.2351128344,44195,,,,44195,,,false,,,,Syrphus rectus,Yellow-legged Flower Fly,Insecta,886220,Animalia,Arthropoda,Insecta,Diptera,Syrphidae,Syrphinae,Syrphini,Syrphus,Syrphus rectus
393860304,895b8a83-e5a6-4be9-8753-0f16d644aec0,2026-08-23 10:21:51,2026-08-23,2026-08-23 15:21:51 UTC,Central Time (US & Canada),9643869,zack96679,Zack Stout,2026-08-23 17:34:55 UTC,2026-08-23 17:34:56 UTC,needs_id,CC-BY-NC,https://www.inaturalist.org/observations/393860304,https://inaturalist-open-data.s3.amazonaws.com/photos/721971410/medium.jpg,,"",,0,0,false,843,"Monroe St NE, Minneapolis, MN, US",45.0014391185,-93.2528050523,52931,,,,52931,,,false,,,,Villa lateralis,,Insecta,133761,Animalia,Arthropoda,Insecta,Diptera,Bombyliidae,Anthracinae,Villini,Villa,Villa lateralis
393860340,7a35ab53-1e4f-4618-8e84-18da74ec56be,2026-08-23 10:23:31,2026-08-23,2026-08-23 15:23:31 UTC,Central Time (US & Canada),9643869,zack96679,Zack Stout,2026-08-23 17:35:01 UTC,2026-08-23 17:35:02 UTC,needs_id,CC-BY-NC,https://www.inaturalist.org/observations/393860340,https://inaturalist-open-data.s3.amazonaws.com/photos/721971489/medium.jpg,,"",,0,0,false,843,"New Brighton Blvd, Minneapolis, MN, US",45.0050052413,-93.2344949192,25677,,,,25677,,,false,,,,Eumenes,,Insecta,129692,Animalia,Arthropoda,Insecta,Hymenoptera,Vespidae,Eumeninae,,Eumenes,
393860369,990c5ad4-0b7c-4a85-b671-8da973691fe9,2026-08-23 10:26:01,2026-08-23,2026-08-23 15:26:01 UTC,Central Time (US & Canada),9643869,zack96679,Zack Stout,2026-08-23 17:35:07 UTC,2026-08-23 17:35:08 UTC,needs_id,CC-BY-NC,https://www.inaturalist.org/observations/393860369,https://inaturalist-open-data.s3.amazonaws.com/photos/721971549/medium.jpg,,"",,0,0,false,843,"Central Ave NE, Minneapolis, MN, US",44.9989917583,-93.2471506891,47507,,,,47507,,,false,,,,Eumeninae,Potter and Mason Wasps,Insecta,119344,Animalia,Arthropoda,Insecta,Hymenoptera,Vespidae,Eumeninae,,,
393860411,4ab2c4eb-397b-440f-8e73-e749140e4fdf,2026-08-23 10:25:47,2026-08-23,2026-08-23 15:25:47 UTC,Central Time (US & Canada),9643869,zack96679,Zack Stout,2026-08-23 17:35:13 UTC,2026-08-23 17:35:14 UTC,needs_id,CC-BY-NC,https://www.inaturalist.org/observations/393860411,https://inaturalist-open-data.s3.amazonaws.com/photos/721971601/medium.jpg,,"",,0,0,false,843,"Broadway St NE, Minneapolis, MN, US",44.9989962548,-93.2452161147,56702,,,,56702,,,false,,,,Halictinae,Sweat and Furrow bees,Insecta,134106,Animalia,Arthropoda,Insecta,Hymenoptera,Halictidae,Halictinae,,,
393860461,efaa07d9-e64a-4bf6-9daf-75fce92eaca7,2026-08-23 10:27:22,2026-08-23,2026-08-23 15:27:22 UTC,Central Time (US & Canada),9643869,zack96679,Zack Stout,2026-08-23 17:35:19 UTC,2026-08-23 17:47:32 UTC,research,CC-BY-NC,https://www.inaturalist.org/observations/393860461,https://inaturalist-open-data.s3.amazonaws.com/photos/721971658/medium.jpg,,"",,1,0,false,843,"Pierce St NE, Minneapolis, MN, US",44.9980884319,-93.2403993991,20543,,,,20543,,,false,,,Eastern Yellowjacket,Vespula maculifrons,Eastern Yellowjacket,Insecta,119994,Animalia,Arthropoda,Insecta,Hymenoptera,Vespidae,Vespinae,,Vespula,Vespula maculifrons
393860503,a443cd2f-e467-4c3e-8982-a2f4259ce8d9,2026-08-23 10:28:07,2026-08-23,2026-08-23 15:28:07 UTC,Central Time (US & Canada),9643869,zack96679,Zack Stout,2026-08-23 17:35:25 UTC,2026-08-23 17:35:26 UTC,needs_id,CC-BY-NC,https://www.inaturalist.org/observations/393860503,https://inaturalist-open-data.s3.amazonaws.com/photos/721971728/medium.jpg,,"",,0,0,false,843,"Central Ave NE, Minneapolis, MN, US",45.004234501,-93.2480601296,26286,,,,26286,,,false,,,,Eumenes fraternus,Fraternal Potter Wasp,Insecta,133765,Animalia,Arthropoda,Insecta,Hymenoptera,Vespidae,Eumeninae,,Eumenes,Eumenes fraternus
393860522,e6f383fb-e20d-4b0e-8b85-fdd3e3dc045d,2026-08-23 10:30:29,2026-08-23,2026-08-23 15:30:29 UTC,Central Time (US & Canada),9643869,zack96679,Zack Stout,2026-08-23 17:35:31 UTC,2026-08-23 17:35:32 UTC,needs_id,CC-BY-NC,https://www.inaturalist.org/observations/393860522,https://inaturalist-open-data.s3.amazonaws.com/photos/721971787/medium.jpg,,"",,0,0,false,843,"New Brighton Blvd, Minneapolis, MN, US",45.0052221875,-93.227407688,47160,,,,47160,,,false,,,,Syrphini,,Insecta,121991,Animalia,Arthropoda,Insecta,Diptera,Syrphidae,Syrphinae,Syrphini,,
393860544,a9d1e17b-45bd-495a-8a16-3daf32451123,2026-08-23 10:31:00,2026-08-23,2026-08-23 15:31:00 UTC,Central Time (US & Canada),9643869,zack96679,Zack Stout,2026-08-23 17:35:37 UTC,2026-08-23 17:35:38 UTC,needs_id,CC-BY-NC,https://www.inaturalist.org/observations/393860544,https://inaturalist-open-data.s3.amazonaws.com/photos/721971842/medium.jpg,,"",,0,0,false,843,"Quincy St NE, Minneapolis, MN, US",45.0001365687,-93.251655224,39200,,,,39200,,,false,,,,Villa lateralis,,Insecta,133761,Animalia,Arthropoda,Insecta,Diptera,Bombyliidae,Anthracinae,Villini,Villa,Villa lateralis
393860576,94164bdf-080a-400c-bdf0-0c1c13aaf66a,2026-08-23 10:31:54,2026-08-23,2026-08-23 15:31:54 UTC,Central Time (US & Canada),9643869,zack96679,Zack Stout,2026-08-23 17:35:42 UTC,2026-08-23 17:35:43 UTC,needs_id,CC-BY-NC,https://www.inaturalist.org/observations/393860576,https://inaturalist-open-data.s3.amazonaws.com/photos/721971895/medium.jpg,,"",,0,0,false,843,"NE Buchanan St, Minneapolis, MN, US",45.0053183291,-93.2395681641,35762,,,,35762,,,false,,,,Abutilon theophrasti,velvetleaf,Plantae,60214,Plantae,Tracheophyta,Magnoliopsida,Malvales,Malvaceae,Malvoideae,Malveae,Abutilon,Abutilon theophrasti
393860607,bdbe7fec-958f-48d7-a160-eab110cd7d37,2026-08-23 10:33:09,2026-08-23,2026-08-23 15:33:09 UTC,Central Time (US & Canada),9643869,zack96679,Zack Stout,2026-08-23 17:35:49 UTC,2026-08-23 18:02:16 UTC,needs_id,CC-BY-NC,https://www.inaturalist.org/observations/393860607,https://inaturalist-open-data.s3.amazonaws.com/photos/721989088/medium.jpg,,"",,0,0,false,843,"Central Ave NE, Minneapolis, MN, US",45.0104169032,-93.2474438232,35314,,,,35314,,,false,,,,Anthidium manicatum,European Woolcarder Bee,Insecta,62453,Animalia,Arthropoda,Insecta,Hymenoptera,Megachilidae,Megachilinae,Anthidiini,Anthidium,Anthidium manicatum
393868563,b77ea8c2-54cf-4399-99ab-0d511d3012df,2026-08-23 10:46:26,2026-08-23,2026-08-23 15:46:26 UTC,Central Time (US & Canada),9643869,zack96679,Zack Stout,2026-08-23 17:59:51 UTC,2026-08-23 17:59:52 UTC,needs_id,CC-BY-NC,https://www.inaturalist.org/observations/393868563,https://inaturalist-open-data.s3.amazonaws.com/photos/721987604/medium.jpg,,"",,0,0,false,843,"NE Fillmore St, Minneapolis, MN, US",45.0013107891,-93.2420685338,32568,,,,32568,,,false,,,,Lordotus,,Insecta,248111,Animalia,Arthropoda,Insecta,Diptera,Bombyliidae,Lordotinae,,Lordotus,
393868609,b69bfc5a-cc1e-4904-b376-3f6a9b82bbbb,2026-08-23 10:47:13,2026-08-23,2026-08-23 15:47:13 UTC,Central Time (US & Canada),9643869,zack96679,Zack Stout,2026-08-23 17:59:59 UTC,2026-08-23 18:00:00 UTC,needs_id,CC-BY-NC,https://www.inaturalist.org/observations/393868609,https://inaturalist-open-data.s3.amazonaws.com/photos/721987690/medium.jpg,,"",,0,0,false,843,"NE Fillmore St, Minneapolis, MN, US",44.9966331293,-93.2423139892,32738,,,,32738,,,false,,,,Agapostemon,Striped Sweat Bees,Insecta,50086,Animalia,Arthropoda,Insecta,Hymenoptera,Halictidae,Halictinae,Halictini,Agapostemon,
393868642,cd7b8eab-fc73-4ddb-9f3e-7b07aa7ad472,2026-08-23 10:49:11,2026-08-23,2026-08-23 15:49:11 UTC,Central Time (US & Canada),9643869,zack96679,Zack Stout,2026-08-23 18:00:07 UTC,2026-08-23 18:00:08 UTC,needs_id,CC-BY-NC,https://www.inaturalist.org/observations/393868642,https://inaturalist-open-data.s3.amazonaws.com/photos/721987777/medium.jpg,,"",,0,0,false,843,"Sixth St NE, Minneapolis, MN, US",45.0019907213,-93.2594948407,53034,,,,53034,,,false,,,,Eumenes verticalis,Vertical potter wasp,Insecta,300581,Animalia,Arthropoda,Insecta,Hymenoptera,Vespidae,Eumeninae,,Eumenes,Eumenes verticalis
393868694,b580fddf-06ea-43c4-8f50-d8cf5a5e1606,2026-08-23 10:51:08,2026-08-23,2026-08-23 15:51:08 UTC,Central Time (US & Canada),9643869,zack96679,Zack Stout,2026-08-23 18:00:16 UTC,2026-08-23 18:00:18 UTC,needs_id,CC-BY-NC,https://www.inaturalist.org/observations/393868694,https://inaturalist-open-data.s3.amazonaws.com/photos/721987863/medium.jpg,,"",,0,0,false,843,"Lincoln St NE, Minneapolis, MN, US",45.0003817919,-93.2381044034,32672,,,,32672,,,false,,,,Agapostemon,Striped Sweat Bees,Insecta,50086,Animalia,Arthropoda,Insecta,Hymenoptera,Halictidae,Halictinae,Halictini,Agapostemon,
393868729,ecadbb2a-6aa5-493e-8234-50e464d58c87,2026-08-23 10:52:29,2026-08-23,2026-08-23 15:52:29 UTC,Central Time (US & Canada),9643869,zack96679,Zack Stout,2026-08-23 18:00:24 UTC,2026-08-23 18:25:26 UTC,research,CC-BY-NC,https://www.inaturalist.org/observations/393868729,https://inaturalist-open-data.s3.amazonaws.com/photos/721987945/medium.jpg,,"",,1,0,false,843,"Adams St NE, Minneapolis, MN, US",44.9964622935,-93.2556549074,44365,,,,44365,,,false,,,Western Honey Bee,Apis mellifera,Western Honey Bee,Insecta,47219,Animalia,Arthropoda,Insecta,Hymenoptera,Apidae,Apinae,Apini,Apis,Apis mellifera
393868755,1c15bf99-8dde-454c-a33d-89f1ca47b80b,2026-08-23 10:53:36,2026-08-23,2026-08-23 15:53:36 UTC,Central Time (US & Canada),9643869,zack96679,Zack Stout,2026-08-23 18:00:32 UTC,2026-08-23 18:00:33 UTC,needs_id,CC-BY-NC,https://www.inaturalist.org/observations/393868755,https://inaturalist-open-data.s3.amazonaws.com/photos/721988033/medium.jpg,,"",,0,0,false,843,"Spring St NE, Minneapolis, MN, US",44.9951199161,-93.2555601045,58443,,,,58443,,,false,,,,Agapostemon,Striped Sweat Bees,Insecta,50086,Animalia,Arthropoda,Insecta,Hymenoptera,Halictidae,Halictinae,Halictini,Agapostemon,
393868790,94838691-16f2-4ae5-a368-b74d7713ddcd,2026-08-23 10:54:15,2026-08-23,2026-08-23 15:54:15 UTC,Central Time (US & Canada),9643869,zack96679,Zack Stout,2026-08-23 18:00:39 UTC,2026-08-23 18:25:24 UTC,research,CC-BY-NC,https://www.inaturalist.org/observations/393868790,https://inaturalist-open-data.s3.amazonaws.com/photos/721988109/medium.jpg,,"",,1,0,false,843,"Central Ave NE, Minneapolis, MN, US",45.0015808942,-93.2470451426,53851,,,,53851,,,false,,,Western Honey Bee,Apis mellifera,Western Honey Bee,Insecta,47219,Animalia,Arthropoda,Insecta,Hymenoptera,Apidae,Apinae,Apini,Apis,Apis mellifera
393868857,acce7408-afcc-4f13-99f9-062d9a9fe1b0,2026-08-23 10:54:14,2026-08-23,2026-08-23 15:54:14 UTC,Central Time (US & Canada),9643869,zack96679,Zack Stout,2026-08-23 18:00:50 UTC,2026-08-23 18:25:23 UTC,research,CC-BY-NC,https://www.inaturalist.org/observations/393868857,https://inaturalist-open-data.s3.amazonaws.com/photos/721988228/medium.jpg,,"",,1,0,false,843,"NE Fillmore St, Minneapolis, MN, US",44.9998140575,-93.2434101146,21966,,,,21966,,,false,,,Western Honey Bee,Apis mellifera,Western Honey Bee,Insecta,47219,Animalia,Arthropoda,Insecta,Hymenoptera,Apidae,Apinae,Apini,Apis,Apis mellifera
393868892,4e71b292-9f1a-478d-a0b7-87684c651db6,2026-08-23 10:54:24,2026-08-23,2026-08-23 15:54:24 UTC,Central Time (US & Canada),9643869,zack96679,Zack Stout,2026-08-23 18:00:59 UTC,2026-08-23 18:25:23 UTC,research,CC-BY-NC,https://www.inaturalist.org/observations/393868892,https://inaturalist-open-data.s3.amazonaws.com/photos/721988350/medium.jpg,,"",,1,0,false,843,"Tyler St NE, Minneapolis, MN, US",45.0012052375,-93.2454138197,46969,,,,46969,,,false,,,Western Honey Bee,Apis mellifera,Western Honey Bee,Insecta,47219,Animalia,Arthropoda,Insecta,Hymenoptera,Apidae,Apinae,Apini,Apis,Apis mellifera
393868988,6bea6598-3d3d-4e51-8c84-30d49b5da57e,2026-08-23 09:20:20,2026-08-23,2026-08-23 14:20:20 UTC,Central Time (US & Canada),9643869,zack96679,Zack Stout,2026-08-23 18:01:20 UTC,2026-08-23 18:01:23 UTC,needs_id,CC-BY-NC,https://www.inaturalist.org/observations/393868988,https://inaturalist-open-data.s3.amazonaws.com/photos/721988572/medium.jpg,,"",,0,0,false,843,"Monroe St NE, Minneapolis, MN, US",44.9963758687,-93.2522234533,44779,,,,44779,,,false,,,,Neoscona crucifera,Spotted Orbweaver,Arachnida,85034,Animalia,Arthropoda,Arachnida,Araneae,Araneidae,Araneinae,,Neoscona,Neoscona crucifera
393869019,5f5dce6e-8f35-44cb-af2f-302f80bf8321,2026-08-23 09:21:35,2026-08-23,2026-08-23 14:21:35 UTC,Central Time (US & Canada),9643869,zack96679,Zack Stout,2026-08-23 18:01:28 UTC,2026-08-23 18:10:37 UTC,research,CC-BY-NC,https://www.inaturalist.org/observations/393869019,https://inaturalist-open-data.s3.amazonaws.com/photos/721988666/medium.jpg,,"",,1,0,false,843,"23rd Ave NE, Minneapolis, MN, US",45.0108532411,-93.2468529391,39578,,,,39578,,,false,,,Spotted Orbweaver,Neoscona crucifera,Spotted Orbweaver,Arachnida,85034,Animalia,Arthropoda,Arachnida,Araneae,Araneidae,Araneinae,,Neoscona,Neoscona crucifera
393869060,5b430d64-5d6b-4611-8d1f-57eb3fd734ed,2026-08-23 09:22:18,2026-08-23,2026-08-23 14:22:18 UTC,Central Time (US & Canada),9643869,zack96679,Zack Stout,2026-08-23 18:01:36 UTC,2026-08-23 18:01:40 UTC,needs_id,CC-BY-NC,https://www.inaturalist.org/observations/393869060,https://inaturalist-open-data.s3.amazonaws.com/photos/721988736/medium.jpg,,"",,0,0,false,843,"Jackson St NE, Minneapolis, MN, US",45.0044341688,-93.2497242109,46921,,,,46921,,,false,,,,Eristalis transversa,Transverse-banded Flower Fly,Insecta,145436,Animalia,Arthropoda,Insecta,Diptera,Syrphidae,Eristalinae,Eristalini,Eristalis,Eristalis transversa
393869102,48cd88e1-62e3-4657-bbde-e14c1551ccbb,2026-08-23 09:33:17,2026-08-23,2026-08-23 14:33:17 UTC,Central Time (US & Canada),9643869,zack96679,Zack Stout,2026-08-23 18:01:46 UTC,2026-08-23 18:01:48 UTC,needs_id,CC-BY-NC,https://www.inaturalist.org/observations/393869102,https://inaturalist-open-data.s3.amazonaws.com/photos/721988824/medium.jpg,,"",,0,0,false,843,"Broadway St NE, Minneapolis, MN, US",44.9986986117,-93.2457419949,51221,,,,51221,,,false,,,,Phidippus,,Arachnida,53810,Animalia,Arthropoda,Arachnida,Araneae,Salticidae,Salticinae,Dendryphantini,Phidippus,
393869161,23c77217-a7a0-43b5-a2f4-1d89526facd8,2026-08-23 09:24:51,2026-08-23,2026-08-23 14:24:51 UTC,Central Time (US & Canada),9643869,zack96679,Zack Stout,2026-08-23 18:01:55 UTC,2026-08-23 18:01:58 UTC,needs_id,CC-BY-NC,https://www.inaturalist.org/observations/393869161,https://inaturalist-open-data.s3.amazonaws.com/photos/721988910/medium.jpg,,"",,0,0,false,843,"Monroe St NE, Minneapolis, MN, US",44.9970690725,-93.2523893445,35914,,,,35914,,,false,,,,Neoscona crucifera,Spotted Orbweaver,Arachnida,85034,Animalia,Arthropoda,Arachnida,Araneae,Araneidae,Araneinae,,Neoscona,Neoscona crucifera
393869202,f617e41b-e593-4a02-9c31-1fc54936c745,2026-08-23 10:20:57,2026-08-23,2026-08-23 15:20:57 UTC,Central Time (US & Canada),9643869,zack96679,Zack Stout,2026-08-23 18:02:04 UTC,2026-08-23 18:02:07 UTC,needs_id,CC-BY-NC,https://www.inaturalist.org/observations/393869202,https://inaturalist-open-data.s3.amazonaws.com/photos/721989011/medium.jpg,,"",,0,0,false,843,"Buchanan St NE, Minneapolis, MN, US",44.9994472652,-93.2402860893,26113,,,,26113,,,false,,,,Syrphus,Common Flower Flies,Insecta,52489,Animalia,Arthropoda,Insecta,Diptera,Syrphidae,Syrphinae,Syrphini,Syrphus,
393869288,302714b1-202d-4fb8-afb7-bb493705ea5e,2026-08-23 10:55:05,2026-08-23,2026-08-23 15:55:05 UTC,Central Time (US & Canada),9643869,zack96679,Zack Stout,2026-08-23 18:02:21 UTC,2026-08-23 18:02:25 UTC,needs_id,CC-BY-NC,https://www.inaturalist.org/observations/393869288,https://inaturalist-open-data.s3.amazonaws.com/photos/721989154/medium.jpg,,"",,0,0,false,843,"Broadway St NE, Minneapolis, MN, US",44.9989017525,-93.2424503517,47286,,,,47286,,,false,,,,Neoscona crucifera,Spotted Orbweaver,Arachnida,85034,Animalia,Arthropoda,Arachnida,Araneae,Araneidae,Araneinae,,Neoscona,Neoscona crucifera
393886880,ab30020b-40ef-46a5-a004-bf15c821329b,2026-08-23 11:24:11,2026-08-23,2026-08-23 16:24:11 UTC,Central Time (US & Canada),9643869,zack96679,Zack Stout,2026-08-23 18:58:35 UTC,2026-08-23 18:58:36 UTC,needs_id,CC-BY-NC,https://www.inaturalist.org/observations/393886880,https://inaturalist-open-data.s3.amazonaws.com/photos/722024444/medium.jpg,,"",,0,0,false,843,"Jackson St NE, Minneapolis, MN, US",45.0034457542,-93.2499006682,34251,,,,34251,,,false,,,,Phidippus audax,Bold Jumping Spider,Arachnida,53809,Animalia,Arthropoda,Arachnida,Araneae,Salticidae,Salticinae,Dendryphantini,Phidippus,Phidippus audax
393886933,825d67d0-5d73-4d1a-b3ed-318f8d1a2d2c,2026-08-23 10:55:55,2026-08-23,2026-08-23 15:55:55 UTC,Central Time (US & Canada),9643869,zack96679,Zack Stout,2026-08-23 18:58:47 UTC,2026-08-23 18:58:47 UTC,needs_id,CC-BY-NC,https://www.inaturalist.org/observations/393886933,https://inaturalist-open-data.s3.amazonaws.com/photos/722024597/medium.jpg,,"",,0,0,false,843,"Quincy St NE, Minneapolis, MN, US",45.0013704929,-93.2515966295,30900,,,,30900,,,false,,,,Sphex pensylvanicus,Great Black Digger Wasp,Insecta,48738,Animalia,Arthropoda,Insecta,Hymenoptera,Sphecidae,Sphecinae,Sphecini,Sphex,Sphex pensylvanicus
